Date,Nifty 50,Nifty Bank,Nifty IT,Nifty FMCG,Nifty Auto,Nifty Pharma,Nifty Metal,Nifty Realty,Nifty Energy,Nifty Infra,Nifty PSU Bank,Nifty MNC,Nifty Service,Nifty Media,Nifty Commodities
2007-09-17,4494.64990234375,6897.02001953125,4573.5498046875,,,,,,,,,,,,
2007-09-18,4546.2001953125,7059.56787109375,4576.75,,,,,,,,,,,,
2007-09-19,4732.35009765625,7401.76416015625,4667.2998046875,,,,,,,,,,,,
2007-09-20,4747.5498046875,7390.06396484375,4566.0498046875,,,,,,,,,,,,
2007-09-21,4837.5498046875,7464.4130859375,4603.85009765625,,,,,,,,,,,,
2007-09-24,4932.2001953125,7650.81103515625,4560.25,,,,,,,,,,,,
2007-09-25,4938.85009765625,7629.06103515625,4540.60009765625,,,,,,,,,,,,
2007-09-26,4940.5,7755.8095703125,4703.39990234375,,,,,,,,,,,,
2007-09-27,5000.5498046875,7833.55908203125,4816.2001953125,,,,,,,,,,,,
2007-09-28,5021.35009765625,8042.10693359375,4804.2001953125,,,,,,,,,,,,
2007-10-01,5068.9501953125,7987.4072265625,4766.9501953125,,,,,,,,,,,,
2007-10-03,5210.7998046875,8097.8056640625,4920.10009765625,,,,,,,,,,,,
2007-10-04,5208.64990234375,8035.806640625,4908.0,,,,,,,,,,,,
2007-10-05,5185.85009765625,7845.15869140625,4868.4501953125,,,,,,,,,,,,
2007-10-08,5085.10009765625,7626.31103515625,4895.89990234375,,,,,,,,,,,,
2007-10-09,5327.25,7895.75830078125,5015.39990234375,,,,,,,,,,,,
2007-10-10,5441.4501953125,8030.556640625,5171.60009765625,,,,,,,,,,,,
2007-10-11,5524.85009765625,8158.705078125,4947.2998046875,,,,,,,,,,,,
2007-10-12,5428.25,7933.90771484375,4877.85009765625,,,,,,,,,,,,
2007-10-15,5670.39990234375,8286.203125,4912.5498046875,,,,,,,,,,,,
2007-10-16,5668.0498046875,8452.1015625,4836.4501953125,,,,,,,,,,,,
2007-10-17,5559.2998046875,8099.8056640625,4882.89990234375,,,,,,,,,,,,
2007-10-18,5351.0,7608.66162109375,4904.2998046875,,,,,,,,,,,,
2007-10-19,5215.2998046875,7423.71337890625,4894.0498046875,,,,,,,,,,,,
2007-10-22,5184.0,7567.912109375,4807.0,,,,,,,,,,,,
2007-10-23,5473.7001953125,8101.005859375,4807.25,,,,,,,,,,,,
2007-10-24,5496.14990234375,8228.5546875,4756.85009765625,,,,,,,,,,,,
2007-10-25,5568.9501953125,8428.552734375,4766.2001953125,,,,,,,,,,,,
2007-10-26,5702.2998046875,8749.798828125,4824.64990234375,,,,,,,,,,,,
2007-10-29,5905.89990234375,9000.6455078125,4860.7998046875,,,,,,,,,,,,
2007-10-30,5868.75,8934.046875,4824.4501953125,,,,,,,,,,,,
2007-10-31,5900.64990234375,9013.0458984375,4793.64990234375,,,,,,,,,,,,
2007-11-01,5866.4501953125,9198.4931640625,4751.7998046875,,,,,,,,,,,,
2007-11-02,5932.39990234375,9560.5888671875,4745.0498046875,,,,,,,,,,,,
2007-11-05,5847.2998046875,9397.4404296875,4680.2001953125,,,,,,,,,,,,
2007-11-06,5786.5,9216.1923828125,4654.7001953125,,,,,,,,,,,,
2007-11-07,5782.35009765625,9090.0947265625,4511.60009765625,,,,,,,,,,,,
2007-11-08,5698.75,8876.146484375,4461.35009765625,,,,,,,,,,,,
2007-11-12,5617.10009765625,8758.0986328125,4331.35009765625,,,,,,,,,,,,
2007-11-13,5695.39990234375,9059.89453125,4281.2001953125,,,,,,,,,,,,
2007-11-14,5937.89990234375,9612.9384765625,4466.60009765625,,,,,,,,,,,,
2007-11-15,5912.10009765625,9454.58984375,4386.0,,,,,,,,,,,,
2007-11-16,5906.85009765625,9474.0400390625,4374.60009765625,,,,,,,,,,,,
2007-11-19,5907.64990234375,9396.140625,4390.85009765625,,,,,,,,,,,,
2007-11-20,5780.89990234375,9277.7421875,4280.60009765625,,,,,,,,,,,,
2007-11-21,5561.0498046875,8829.697265625,4201.25,,,,,,,,,,,,
2007-11-22,5519.35009765625,8998.6953125,4172.75,,,,,,,,,,,,
2007-11-23,5608.60009765625,8977.7958984375,4238.60009765625,,,,,,,,,,,,
2007-11-26,5731.7001953125,9122.34375,4332.2001953125,,,,,,,,,,,,
2007-11-27,5698.14990234375,9070.64453125,4355.9501953125,,,,,,,,,,,,
2007-11-28,5617.5498046875,8970.7451171875,4312.39990234375,,,,,,,,,,,,
2007-11-29,5634.60009765625,9124.2939453125,4284.7001953125,,,,,,,,,,,,
2007-11-30,5762.75,9375.640625,4431.14990234375,,,,,,,,,,,,
2007-12-03,5865.0,9397.4404296875,4539.0,,,,,,,,,,,,
2007-12-04,5858.35009765625,9366.9912109375,4530.5498046875,,,,,,,,,,,,
2007-12-05,5940.0,9581.1884765625,4527.64990234375,,,,,,,,,,,,
2007-12-06,5954.7001953125,9620.0390625,4555.7998046875,,,,,,,,,,,,
2007-12-07,5974.2998046875,9795.9853515625,4711.4501953125,,,,,,,,,,,,
2007-12-10,5960.60009765625,9864.4853515625,4679.14990234375,,,,,,,,,,,,
2007-12-11,6097.25,10090.5830078125,4690.0498046875,,,,,,,,,,,,
2007-12-12,6159.2998046875,10056.5830078125,4657.5498046875,,,,,,,,,,,,
2007-12-13,6058.10009765625,9920.3349609375,4580.25,,,,,,,,,,,,
2007-12-14,6047.7001953125,9803.0361328125,4569.7001953125,,,,,,,,,,,,
2007-12-17,5777.0,9426.5908203125,4467.35009765625,,,,,,,,,,,,
2007-12-18,5742.2998046875,9279.0927734375,4452.0498046875,,,,,,,,,,,,
2007-12-19,5751.14990234375,9240.2421875,4475.75,,,,,,,,,,,,
2007-12-20,5766.5,9245.3427734375,4593.7998046875,,,,,,,,,,,,
2007-12-24,5985.10009765625,9563.4384765625,4872.2001953125,,,,,,,,,,,,
2007-12-26,6070.75,9755.0869140625,4879.60009765625,,,,,,,,,,,,
2007-12-27,6081.5,9784.9365234375,4874.2001953125,,,,,,,,,,,,
2007-12-28,6079.7001953125,9828.2353515625,4824.64990234375,,,,,,,,,,,,
2007-12-31,6138.60009765625,9863.3359375,4812.60009765625,,,,,,,,,,,,
2008-01-01,6144.35009765625,9905.134765625,4748.2001953125,,,,,,,,,,,,
2008-01-02,6179.39990234375,10250.73046875,4722.5,,,,,,,,,,,,
2008-01-03,6178.5498046875,10100.5830078125,4616.85009765625,,,,,,,,,,,,
2008-01-04,6274.2998046875,10233.0810546875,4592.5,,,,,,,,,,,,
2008-01-07,6279.10009765625,10390.978515625,4460.9501953125,,,,,,,,,,,,
2008-01-08,6287.85009765625,10355.4794921875,4506.35009765625,,,,,,,,,,,,
2008-01-09,6272.0,10306.330078125,4529.10009765625,,,,,,,,,,,,
2008-01-10,6156.9501953125,10266.73046875,4432.2001953125,,,,,,,,,,,,
2008-01-11,6200.10009765625,10561.4267578125,4404.35009765625,,,,,,,,,,,,
2008-01-14,6206.7998046875,10698.2255859375,4268.14990234375,,,,,,,,,,,,
2008-01-15,6074.25,10465.578125,4195.39990234375,,,,,,,,,,,,
2008-01-16,5935.75,10346.830078125,4173.2998046875,,,,,,,,,,,,
2008-01-17,5913.2001953125,10261.380859375,4138.14990234375,,,,,,,,,,,,
2008-01-18,5705.2998046875,9739.787109375,4060.0,,,,,,,,,,,,
2008-01-21,5208.7998046875,9038.8447265625,3786.14990234375,,,,,,,,,,,,
2008-01-22,4899.2998046875,8682.349609375,3626.5,,,,,,,,,,,,
2008-01-23,5203.39990234375,9259.0927734375,3819.800048828125,,,,,,,,,,,,
2008-01-24,5033.4501953125,9133.7431640625,3726.050048828125,,,,,,,,,,,,
2008-01-25,5383.35009765625,9752.13671875,3948.14990234375,,,,,,,,,,,,
2008-01-28,5274.10009765625,9901.78515625,3800.75,,,,,,,,,,,,
2008-01-29,5280.7998046875,9569.48828125,3864.89990234375,,,,,,,,,,,,
2008-01-30,5167.60009765625,9404.041015625,3846.64990234375,,,,,,,,,,,,
2008-01-31,5137.4501953125,9226.142578125,3838.14990234375,,,,,,,,,,,,
2008-02-01,5317.25,9326.94140625,4074.14990234375,,,,,,,,,,,,
2008-02-04,5463.5,9561.388671875,4257.35009765625,,,,,,,,,,,,
2008-02-05,5483.89990234375,9397.6904296875,4192.5498046875,,,,,,,,,,,,
2008-02-06,5322.5498046875,9185.5439453125,3976.449951171875,,,,,,,,,,,,
2008-02-07,5133.25,8960.345703125,3846.25,,,,,,,,,,,,
2008-02-08,5120.35009765625,8816.8974609375,3961.050048828125,,,,,,,,,,,,
2008-02-11,4857.0,8419.15234375,3956.14990234375,,,,,,,,,,,,
2008-02-12,4838.25,8512.2509765625,3880.14990234375,,,,,,,,,,,,
2008-02-13,4929.4501953125,8748.6484375,3874.800048828125,,,,,,,,,,,,
2008-02-14,5202.0,9125.09375,3921.60009765625,,,,,,,,,,,,
2008-02-15,5302.89990234375,9379.9404296875,3956.60009765625,,,,,,,,,,,,
2008-02-18,5276.89990234375,9404.0908203125,3903.64990234375,,,,,,,,,,,,
2008-02-19,5280.7998046875,9423.3408203125,3937.85009765625,,,,,,,,,,,,
2008-02-20,5154.4501953125,9128.9931640625,3943.949951171875,,,,,,,,,,,,
2008-02-21,5191.7998046875,8946.0966796875,4110.25,,,,,,,,,,,,
2008-02-22,5110.75,8684.9990234375,4017.300048828125,,,,,,,,,,,,
2008-02-25,5200.7001953125,8666.3994140625,4082.699951171875,,,,,,,,,,,,
2008-02-26,5270.0498046875,8742.1484375,4138.9501953125,,,,,,,,,,,,
2008-02-27,5268.39990234375,8719.498046875,4058.60009765625,,,,,,,,,,,,
2008-02-28,5285.10009765625,8608.150390625,4062.35009765625,,,,,,,,,,,,
2008-02-29,5223.5,8688.2490234375,3984.5,,,,,,,,,,,,
2008-03-03,4953.0,8047.3564453125,3825.10009765625,,,,,,,,,,,,
2008-03-04,4864.25,7736.51025390625,3782.0,,,,,,,,,,,,
2008-03-05,4921.39990234375,7588.26171875,3902.75,,,,,,,,,,,,
2008-03-07,4771.60009765625,7268.0654296875,3762.050048828125,,,,,,,,,,,,
2008-03-10,4800.39990234375,7272.41552734375,3701.39990234375,,,,,,,,,,,,
2008-03-11,4865.89990234375,7356.314453125,3669.050048828125,,,,,,,,,,,,
2008-03-12,4872.0,7341.46435546875,3621.300048828125,,,,,,,,,,,,
2008-03-13,4623.60009765625,6914.5693359375,3439.5,,,,,,,,,,,,
2008-03-14,4745.7998046875,7105.91748046875,3530.699951171875,,,,,,,,,,,,
2008-03-17,4503.10009765625,6556.1240234375,3405.949951171875,,,,,,,,,,,,
2008-03-18,4533.0,6472.724609375,3440.35009765625,,,,,,,,,,,,
2008-03-19,4573.9501953125,6456.474609375,3501.14990234375,,,,,,,,,,,,
2008-03-24,4609.85009765625,6634.52294921875,3563.25,,,,,,,,,,,,
2008-03-25,4877.5,7147.06689453125,3831.550048828125,,,,,,,,,,,,
2008-03-26,4828.85009765625,7120.81689453125,3831.050048828125,,,,,,,,,,,,
2008-03-27,4830.25,6969.21875,3735.10009765625,,,,,,,,,,,,
2008-03-28,4942.0,7037.76806640625,3904.699951171875,,,,,,,,,,,,
2008-03-31,4734.5,6654.9228515625,3704.949951171875,,,,,,,,,,,,
2008-04-01,4739.5498046875,6608.0234375,3674.85009765625,,,,,,,,,,,,
2008-04-02,4754.2001953125,6772.62158203125,3760.14990234375,,,,,,,,,,,,
2008-04-03,4771.60009765625,6746.021484375,3882.699951171875,,,,,,,,,,,,
2008-04-04,4647.0,6545.07373046875,3801.60009765625,,,,,,,,,,,,
2008-04-07,4761.2001953125,6832.3203125,3892.199951171875,,,,,,,,,,,,
2008-04-08,4709.64990234375,6862.62060546875,3830.0,,,,,,,,,,,,
2008-04-09,4747.0498046875,7059.4677734375,3826.64990234375,,,,,,,,,,,,
2008-04-10,4733.0,6872.77001953125,3825.89990234375,,,,,,,,,,,,
2008-04-11,4777.7998046875,6838.37060546875,3824.64990234375,,,,,,,,,,,,
2008-04-15,4879.64990234375,6916.66943359375,4033.0,,,,,,,,,,,,
2008-04-16,4887.2998046875,6951.8193359375,4160.10009765625,,,,,,,,,,,,
2008-04-17,4958.39990234375,7164.96630859375,4304.2001953125,,,,,,,,,,,,
2008-04-21,5037.0,7425.36376953125,4277.2998046875,,,,,,,,,,,,
2008-04-22,5049.2998046875,7520.8125,4053.35009765625,,,,,,,,,,,,
2008-04-23,5022.7998046875,7377.9638671875,4097.2001953125,,,,,,,,,,,,
2008-04-24,4999.85009765625,7391.81396484375,4137.60009765625,,,,,,,,,,,,
2008-04-25,5111.7001953125,7616.21142578125,4165.60009765625,,,,,,,,,,,,
2008-04-28,5089.64990234375,7589.96142578125,4129.2001953125,,,,,,,,,,,,
2008-04-29,5195.5,7737.3603515625,4318.60009765625,,,,,,,,,,,,
2008-04-30,5165.89990234375,7628.9111328125,4357.64990234375,,,,,,,,,,,,
2008-05-02,5228.2001953125,7871.80859375,4458.5,,,,,,,,,,,,
2008-05-05,5192.25,7851.40869140625,4392.5498046875,,,,,,,,,,,,
2008-05-06,5144.64990234375,7814.458984375,4440.35009765625,,,,,,,,,,,,
2008-05-07,5135.5,7743.51025390625,4495.0498046875,,,,,,,,,,,,
2008-05-08,5081.7001953125,7518.71240234375,4407.4501953125,,,,,,,,,,,,
2008-05-09,4982.60009765625,7298.9150390625,4334.4501953125,,,,,,,,,,,,
2008-05-12,5012.64990234375,7330.46484375,4380.0498046875,,,,,,,,,,,,
2008-05-13,4957.7998046875,7340.86474609375,4344.35009765625,,,,,,,,,,,,
2008-05-14,5011.75,7324.76513671875,4512.35009765625,,,,,,,,,,,,
2008-05-15,5115.25,7508.0625,4569.0,,,,,,,,,,,,
2008-05-16,5157.7001953125,7644.51123046875,4552.64990234375,,,,,,,,,,,,
2008-05-20,5104.9501953125,7459.11328125,4513.7998046875,,,,,,,,,,,,
2008-05-21,5117.64990234375,7374.1640625,4510.2001953125,,,,,,,,,,,,
2008-05-22,5025.4501953125,7147.216796875,4476.7001953125,,,,,,,,,,,,
2008-05-23,4946.5498046875,7008.96826171875,4390.35009765625,,,,,,,,,,,,
2008-05-26,4875.0498046875,6767.37158203125,4436.10009765625,,,,,,,,,,,,
2008-05-27,4859.7998046875,6593.87353515625,4490.2001953125,,,,,,,,,,,,
2008-05-28,4918.35009765625,6780.8212890625,4614.9501953125,,,,,,,,,,,,
2008-05-29,4835.2998046875,6576.67333984375,4588.25,,,,,,,,,,,,
2008-05-30,4870.10009765625,6584.2734375,4688.35009765625,,,,,,,,,,,,
2008-06-02,4739.60009765625,6347.076171875,4574.2001953125,,,,,,,,,,,,
2008-06-03,4715.89990234375,6301.126953125,4524.85009765625,,,,,,,,,,,,
2008-06-04,4585.60009765625,6113.57861328125,4418.5,,,,,,,,,,,,
2008-06-05,4676.9501953125,6211.7275390625,4615.7001953125,,,,,,,,,,,,
2008-06-06,4627.7998046875,6139.978515625,4571.2998046875,,,,,,,,,,,,
2008-06-09,4500.9501953125,5949.130859375,4359.35009765625,,,,,,,,,,,,
2008-06-10,4449.7998046875,5814.28271484375,4249.89990234375,,,,,,,,,,,,
2008-06-11,4523.60009765625,5971.1806640625,4303.60009765625,,,,,,,,,,,,
2008-06-12,4539.35009765625,5999.2802734375,4300.7001953125,,,,,,,,,,,,
2008-06-13,4517.10009765625,5993.080078125,4322.7001953125,,,,,,,,,,,,
2008-06-16,4572.5,6127.6787109375,4380.25,,,,,,,,,,,,
2008-06-17,4653.0,6425.5751953125,4425.10009765625,,,,,,,,,,,,
2008-06-18,4582.39990234375,6200.4775390625,4323.10009765625,,,,,,,,,,,,
2008-06-19,4504.25,5957.1806640625,4295.89990234375,,,,,,,,,,,,
2008-06-20,4347.5498046875,5758.533203125,4179.7001953125,,,,,,,,,,,,
2008-06-23,4266.39990234375,5593.68505859375,4191.5498046875,,,,,,,,,,,,
2008-06-24,4191.10009765625,5489.7861328125,4108.9501953125,,,,,,,,,,,,
2008-06-25,4252.64990234375,5480.63671875,4091.0,,,,,,,,,,,,
2008-06-26,4315.85009765625,5512.0859375,4193.75,,,,,,,,,,,,
2008-06-27,4136.64990234375,5210.83935546875,4002.60009765625,,,,,,,,,,,,
2008-06-30,4040.550048828125,5026.9912109375,3999.39990234375,,,,,,,,,,,,
2008-07-01,3896.75,4732.794921875,3906.449951171875,,,,,,,,,,,,
2008-07-02,4093.35009765625,5025.69140625,4096.0,,,,,,,,,,,,
2008-07-03,3925.75,4851.2939453125,3982.949951171875,,,,,,,,,,,,
2008-07-04,4016.0,4990.841796875,4000.800048828125,,,,,,,,,,,,
2008-07-07,4030.0,5075.541015625,4091.800048828125,,,,,,,,,,,,
2008-07-08,3988.550048828125,5106.740234375,3967.60009765625,,,,,,,,,,,,
2008-07-09,4157.10009765625,5341.38818359375,4133.7001953125,,,,,,,,,,,,
2008-07-10,4162.2001953125,5338.93798828125,4104.14990234375,,,,,,,,,,,,
2008-07-11,4049.0,5240.63916015625,3839.5,,,,,,,,,,,,
2008-07-14,4039.699951171875,5207.689453125,3659.25,,,,,,,,,,,,
2008-07-15,3861.10009765625,4838.89404296875,3552.64990234375,,,,,,,,,,,,
2008-07-16,3816.699951171875,4726.39501953125,3511.5,,,,,,,,,,,,
2008-07-17,3947.199951171875,5034.69140625,3637.35009765625,,,,,,,,,,,,
2008-07-18,4092.25,5389.08740234375,3571.60009765625,,,,,,,,,,,,
2008-07-21,4159.5,5601.43505859375,3590.64990234375,,,,,,,,,,,,
2008-07-22,4240.10009765625,5793.6328125,3690.550048828125,,,,,,,,,,,,
2008-07-23,4476.7998046875,6343.076171875,3800.449951171875,,,,,,,,,,,,
2008-07-24,4433.5498046875,6213.52783203125,3682.800048828125,,,,,,,,,,,,
2008-07-25,4311.85009765625,5917.18115234375,3657.050048828125,,,,,,,,,,,,
2008-07-28,4332.10009765625,5919.0810546875,3664.0,,,,,,,,,,,,
2008-07-29,4189.85009765625,5422.0869140625,3645.0,,,,,,,,,,,,
2008-07-30,4313.5498046875,5719.3837890625,3780.89990234375,,,,,,,,,,,,
2008-07-31,4332.9501953125,5729.9833984375,3752.85009765625,,,,,,,,,,,,
2008-08-01,4413.5498046875,5961.83056640625,3851.85009765625,,,,,,,,,,,,
2008-08-04,4395.35009765625,5992.330078125,3841.300048828125,,,,,,,,,,,,
2008-08-05,4502.85009765625,6371.6259765625,3917.75,,,,,,,,,,,,
2008-08-06,4517.5498046875,6328.12646484375,3965.10009765625,,,,,,,,,,,,
2008-08-07,4523.85009765625,6363.076171875,3975.89990234375,,,,,,,,,,,,
2008-08-08,4529.5,6447.42529296875,3916.39990234375,,,,,,,,,,,,
2008-08-11,4620.39990234375,6723.1220703125,3917.449951171875,,,,,,,,,,,,
2008-08-12,4552.25,6490.72412109375,3821.10009765625,,,,,,,,,,,,
2008-08-13,4529.0498046875,6370.67578125,3854.85009765625,,,,,,,,,,,,
2008-08-14,4430.7001953125,6029.9794921875,3907.39990234375,,,,,,,,,,,,
2008-08-18,4393.0498046875,6014.97998046875,3919.449951171875,,,,,,,,,,,,
2008-08-19,4368.25,5992.330078125,3898.050048828125,,,,,,,,,,,,
2008-08-20,4415.75,6026.22998046875,3912.64990234375,,,,,,,,,,,,
2008-08-21,4283.85009765625,5711.4833984375,3817.35009765625,,,,,,,,,,,,
2008-08-22,4327.4501953125,5775.98291015625,3829.39990234375,,,,,,,,,,,,
2008-08-25,4335.35009765625,5860.7314453125,3850.85009765625,,,,,,,,,,,,
2008-08-26,4337.5,5943.13134765625,3897.10009765625,,,,,,,,,,,,
2008-08-27,4292.10009765625,5823.48193359375,3877.89990234375,,,,,,,,,,,,
2008-08-28,4214.0,5721.08349609375,3806.89990234375,,,,,,,,,,,,
2008-08-29,4360.0,6101.97900390625,3926.800048828125,,,,,,,,,,,,
2008-09-01,4348.64990234375,6128.77880859375,3933.89990234375,,,,,,,,,,,,
2008-09-02,4504.0,6508.82421875,4047.89990234375,,,,,,,,,,,,
2008-09-04,4447.75,6494.57421875,4054.199951171875,,,,,,,,,,,,
2008-09-05,4352.2998046875,6288.52685546875,3927.39990234375,,,,,,,,,,,,
2008-09-08,4482.2998046875,6538.77392578125,4011.85009765625,,,,,,,,,,,,
2008-09-09,4468.7001953125,6441.275390625,4020.85009765625,,,,,,,,,,,,
2008-09-10,4400.25,6427.47509765625,3997.89990234375,,,,,,,,,,,,
2008-09-11,4290.2998046875,6332.17626953125,3952.35009765625,,,,,,,,,,,,
2008-09-12,4228.4501953125,6194.078125,3806.449951171875,,,,,,,,,,,,
2008-09-15,4072.89990234375,5997.580078125,3606.5,,,,,,,,,,,,
2008-09-16,4074.89990234375,6132.87890625,3540.35009765625,,,,,,,,,,,,
2008-09-17,4008.25,5912.43115234375,3511.85009765625,,,,,,,,,,,,
2008-09-18,4038.14990234375,6077.12939453125,3449.35009765625,,,,,,,,,,,,
2008-09-19,4245.25,6311.9765625,3660.10009765625,,,,,,,,,,,,
2008-09-22,4223.0498046875,6303.82666015625,3643.39990234375,,,,,,,,,,,,
2008-09-23,4126.89990234375,6033.27978515625,3459.75,,,,,,,,,,,,
2008-09-24,4161.25,6109.5791015625,3410.0,,,,,,,,,,,,
2008-09-25,4110.5498046875,6080.12939453125,3314.449951171875,,,,,,,,,,,,
2008-09-26,3985.25,5828.5322265625,3211.85009765625,,,,,,,,,,,,
2008-09-29,3850.050048828125,5538.685546875,3050.949951171875,,,,,,,,,,,,
2008-09-30,3921.199951171875,5803.482421875,3107.050048828125,,,,,,,,,,,,
2008-10-01,3950.75,5982.33056640625,3193.050048828125,,,,,,,,,,,,
2008-10-03,3818.300048828125,5793.28271484375,3106.550048828125,,,,,,,,,,,,
2008-10-06,3602.35009765625,5560.4853515625,2912.699951171875,,,,,,,,,,,,
2008-10-07,3606.60009765625,5457.486328125,2806.5,,,,,,,,,,,,
2008-10-08,3513.64990234375,5222.53955078125,2645.85009765625,,,,,,,,,,,,
2008-10-10,3279.949951171875,4937.9423828125,2498.85009765625,,,,,,,,,,,,
2008-10-13,3490.699951171875,5496.68603515625,2694.800048828125,,,,,,,,,,,,
2008-10-14,3518.64990234375,5578.3349609375,2819.35009765625,,,,,,,,,,,,
2008-10-15,3338.39990234375,5425.18701171875,2656.0,,,,,,,,,,,,
2008-10-16,3269.300048828125,5481.58642578125,2533.60009765625,,,,,,,,,,,,
2008-10-17,3074.35009765625,5183.48974609375,2391.5,,,,,,,,,,,,
2008-10-20,3122.800048828125,5284.138671875,2577.39990234375,,,,,,,,,,,,
2008-10-21,3234.89990234375,5414.43701171875,2767.300048828125,,,,,,,,,,,,
2008-10-22,3065.14990234375,5095.69091796875,2649.75,,,,,,,,,,,,
2008-10-23,2943.14990234375,4932.3427734375,2603.949951171875,,,,,,,,,,,,
2008-10-24,2584.0,4309.99951171875,2415.550048828125,,,,,,,,,,,,
2008-10-27,2524.199951171875,4092.852294921875,2380.89990234375,,,,,,,,,,,,
2008-10-29,2697.050048828125,4280.400390625,2549.25,,,,,,,,,,,,
2008-10-31,2885.60009765625,4521.6474609375,2686.949951171875,,,,,,,,,,,,
2008-11-03,3043.85009765625,4875.6435546875,2709.35009765625,,,,,,,,,,,,
2008-11-04,3142.10009765625,5220.6396484375,2589.5,,,,,,,,,,,,
2008-11-05,2994.949951171875,5121.240234375,2589.85009765625,,,,,,,,,,,,
2008-11-06,2892.64990234375,4939.9423828125,2489.550048828125,,,,,,,,,,,,
2008-11-07,2973.0,5043.4912109375,2550.35009765625,,,,,,,,,,,,
2008-11-10,3148.25,5261.0888671875,2672.449951171875,,,,,,,,,,,,
2008-11-11,2938.64990234375,4945.642578125,2514.85009765625,,,,,,,,,,,,
2008-11-12,2848.449951171875,4748.0947265625,2511.699951171875,,,,,,,,,,,,
2008-11-14,2810.35009765625,4719.34521484375,2449.60009765625,,,,,,,,,,,,
2008-11-17,2799.550048828125,4545.2470703125,2454.199951171875,,,,,,,,,,,,
2008-11-18,2683.14990234375,4346.69970703125,2321.199951171875,,,,,,,,,,,,
2008-11-19,2635.0,4233.65087890625,2277.800048828125,,,,,,,,,,,,
2008-11-20,2553.14990234375,4086.852294921875,2212.35009765625,,,,,,,,,,,,
2008-11-21,2693.449951171875,4300.650390625,2328.5,,,,,,,,,,,,
2008-11-24,2708.25,4164.70166015625,2349.60009765625,,,,,,,,,,,,
2008-11-25,2654.0,4053.15283203125,2310.89990234375,,,,,,,,,,,,
2008-11-26,2752.25,4267.85009765625,2364.5,,,,,,,,,,,,
2008-11-28,2755.10009765625,4291.10009765625,2449.949951171875,,,,,,,,,,,,
2008-12-01,2682.89990234375,4124.251953125,2420.800048828125,,,,,,,,,,,,
2008-12-02,2657.800048828125,4099.251953125,2356.699951171875,,,,,,,,,,,,
2008-12-03,2656.449951171875,4220.30126953125,2300.89990234375,,,,,,,,,,,,
2008-12-04,2788.0,4446.59814453125,2368.60009765625,,,,,,,,,,,,
2008-12-05,2714.39990234375,4356.94921875,2275.75,,,,,,,,,,,,
2008-12-08,2784.0,4429.798828125,2304.199951171875,,,,,,,,,,,,
2008-12-10,2928.25,4550.697265625,2391.35009765625,,,,,,,,,,,,
2008-12-11,2920.14990234375,4597.0966796875,2294.5,,,,,,,,,,,,
2008-12-12,2921.35009765625,4655.24560546875,2211.949951171875,,,,,,,,,,,,
2008-12-15,2981.199951171875,4707.4453125,2201.10009765625,,,,,,,,,,,,
2008-12-16,3041.75,4820.59375,2265.89990234375,,,,,,,,,,,,
2008-12-17,2954.35009765625,4789.59423828125,2218.949951171875,,,,,,,,,,,,
2008-12-18,3060.75,5122.890625,2320.14990234375,,,,,,,,,,,,
2008-12-19,3077.5,5144.09033203125,2329.39990234375,,,,,,,,,,,,
2008-12-22,3039.300048828125,5036.44140625,2317.14990234375,,,,,,,,,,,,
2008-12-23,2968.64990234375,4858.29345703125,2259.64990234375,,,,,,,,,,,,
2008-12-24,2916.85009765625,4930.19287109375,2195.5,,,,,,,,,,,,
2008-12-26,2857.25,4789.39453125,2126.10009765625,,,,,,,,,,,,
2008-12-29,2922.199951171875,4953.892578125,2146.550048828125,,,,,,,,,,,,
2008-12-30,2979.5,5062.1416015625,2197.550048828125,,,,,,,,,,,,
2008-12-31,2959.14990234375,5001.49169921875,2187.0,,,,,,,,,,,,
2009-01-02,3046.75,5195.03955078125,2262.800048828125,,,,,,,,,,,,
2009-01-05,3121.449951171875,5359.33740234375,2318.0,,,,,,,,,,,,
2009-01-06,3112.800048828125,5395.2373046875,2312.800048828125,,,,,,,,,,,,
2009-01-07,2920.39990234375,4984.49169921875,2178.300048828125,,,,,,,,,,,,
2009-01-09,2873.0,4906.64306640625,2210.0,,,,,,,,,,,,
2009-01-12,2773.10009765625,4697.9453125,2108.39990234375,,,,,,,,,,,,
2009-01-13,2744.949951171875,4661.64599609375,2181.199951171875,,,,,,,,,,,,
2009-01-14,2835.300048828125,4751.044921875,2262.949951171875,,,,,,,,,,,,
2009-01-15,2736.699951171875,4484.59765625,2173.550048828125,,,,,,,,,,,,
2009-01-16,2828.449951171875,4581.19677734375,2190.89990234375,,,,,,,,,,,,
2009-01-19,2846.199951171875,4542.197265625,2171.449951171875,,,,,,,,,,,,
2009-01-20,2796.60009765625,4402.298828125,2145.449951171875,,,,,,,,,,,,
2009-01-21,2706.14990234375,4252.25048828125,2097.75,,,,,,,,,,,,
2009-01-22,2713.800048828125,4289.75,2106.60009765625,,,,,,,,,,,,
2009-01-23,2678.550048828125,4082.1025390625,2065.14990234375,,,,,,,,,,,,
2009-01-27,2771.35009765625,4199.5009765625,2147.85009765625,,,,,,,,,,,,
2009-01-28,2849.5,4340.0498046875,2201.25,,,,,,,,,,,,
2009-01-29,2823.949951171875,4361.9990234375,2204.949951171875,,,,,,,,,,,,
2009-01-30,2874.800048828125,4456.498046875,2225.75,,,,,,,,,,,,
2009-02-02,2766.64990234375,4238.1005859375,2157.35009765625,,,,,,,,,,,,
2009-02-03,2783.89990234375,4253.75048828125,2178.0,,,,,,,,,,,,
2009-02-04,2803.050048828125,4251.15087890625,2175.60009765625,,,,,,,,,,,,
2009-02-05,2780.050048828125,4235.30078125,2129.75,,,,,,,,,,,,
2009-02-06,2843.10009765625,4334.099609375,2185.10009765625,,,,,,,,,,,,
2009-02-09,2919.89990234375,4459.4482421875,2221.14990234375,,,,,,,,,,,,
2009-02-10,2934.5,4515.74755859375,2234.5,,,,,,,,,,,,
2009-02-11,2925.699951171875,4504.24755859375,2209.14990234375,,,,,,,,,,,,
2009-02-12,2893.050048828125,4468.29833984375,2178.89990234375,,,,,,,,,,,,
2009-02-13,2948.35009765625,4565.796875,2191.60009765625,,,,,,,,,,,,
2009-02-16,2848.5,4351.3994140625,2138.14990234375,,,,,,,,,,,,
2009-02-17,2770.5,4164.25146484375,2074.60009765625,,,,,,,,,,,,
2009-02-18,2776.14990234375,4077.252685546875,2074.10009765625,,,,,,,,,,,,
2009-02-19,2789.35009765625,4059.102783203125,2124.949951171875,,,,,,,,,,,,
2009-02-20,2736.449951171875,3934.354248046875,2062.89990234375,,,,,,,,,,,,
2009-02-24,2733.89990234375,3878.554931640625,2052.39990234375,,,,,,,,,,,,
2009-02-25,2762.5,3911.654541015625,2102.14990234375,,,,,,,,,,,,
2009-02-26,2785.64990234375,3834.855224609375,2110.5,,,,,,,,,,,,
2009-02-27,2763.64990234375,3892.354736328125,2094.10009765625,,,,,,,,,,,,
2009-03-02,2674.60009765625,3718.306884765625,2041.8499755859375,,,,,,,,,,,,
2009-03-03,2622.39990234375,3636.807861328125,2002.0,,,,,,,,,,,,
2009-03-04,2645.199951171875,3586.858154296875,2029.0,,,,,,,,,,,,
2009-03-05,2576.699951171875,3446.31005859375,2010.6500244140625,,,,,,,,,,,,
2009-03-06,2620.14990234375,3455.309814453125,2073.60009765625,,,,,,,,,,,,
2009-03-09,2573.14990234375,3339.6611328125,2022.800048828125,,,,,,,,,,,,
2009-03-12,2617.449951171875,3442.510009765625,2068.39990234375,,,,,,,,,,,,
2009-03-13,2719.25,3632.707763671875,2184.35009765625,,,,,,,,,,,,
2009-03-16,2777.25,3736.6064453125,2211.550048828125,,,,,,,,,,,,
2009-03-17,2757.449951171875,3644.607421875,2173.699951171875,,,,,,,,,,,,
2009-03-18,2794.699951171875,3727.606689453125,2199.300048828125,,,,,,,,,,,,
2009-03-19,2807.14990234375,3763.456298828125,2239.199951171875,,,,,,,,,,,,
2009-03-20,2807.050048828125,3691.656982421875,2229.35009765625,,,,,,,,,,,,
2009-03-23,2939.89990234375,3944.7041015625,2286.10009765625,,,,,,,,,,,,
2009-03-24,2938.699951171875,4008.00341796875,2283.300048828125,,,,,,,,,,,,
2009-03-25,2984.35009765625,4126.40234375,2300.35009765625,,,,,,,,,,,,
2009-03-26,3082.25,4285.10009765625,2387.449951171875,,,,,,,,,,,,
2009-03-27,3108.64990234375,4406.74853515625,2387.75,,,,,,,,,,,,
2009-03-30,2978.14990234375,4035.653076171875,2267.35009765625,,,,,,,,,,,,
2009-03-31,3020.949951171875,4133.15234375,2318.699951171875,,,,,,,,,,,,
2009-04-01,3060.35009765625,4211.4013671875,2379.800048828125,,,,,,,,,,,,
2009-04-02,3211.050048828125,4425.99853515625,2493.949951171875,,,,,,,,,,,,
2009-04-06,3256.60009765625,4487.0478515625,2502.699951171875,,,,,,,,,,,,
2009-04-08,3342.949951171875,4479.2978515625,2569.449951171875,,,,,,,,,,,,
2009-04-09,3342.050048828125,4584.74658203125,2556.199951171875,,,,,,,,,,,,
2009-04-13,3382.60009765625,4817.94384765625,2542.14990234375,,,,,,,,,,,,
2009-04-15,3484.14990234375,5049.3916015625,2523.75,,,,,,,,,,,,
2009-04-16,3369.5,4915.69287109375,2492.0,,,,,,,,,,,,
2009-04-17,3384.39990234375,5056.84130859375,2537.300048828125,,,,,,,,,,,,
2009-04-20,3377.10009765625,5009.14208984375,2531.550048828125,,,,,,,,,,,,
2009-04-21,3365.300048828125,4853.84326171875,2499.39990234375,,,,,,,,,,,,
2009-04-22,3330.300048828125,4813.24365234375,2495.25,,,,,,,,,,,,
2009-04-23,3423.699951171875,4968.34228515625,2640.5,,,,,,,,,,,,
2009-04-24,3480.75,5125.29052734375,2655.25,,,,,,,,,,,,
2009-04-27,3470.0,5182.68994140625,2682.85009765625,,,,,,,,,,,,
2009-04-28,3362.35009765625,4931.24267578125,2647.60009765625,,,,,,,,,,,,
2009-04-29,3473.949951171875,5130.890625,2770.85009765625,,,,,,,,,,,,
2009-05-04,3654.0,5503.98583984375,2988.300048828125,,,,,,,,,,,,
2009-05-05,3661.89990234375,5596.13525390625,2948.64990234375,,,,,,,,,,,,
2009-05-06,3625.050048828125,5446.38671875,2893.5,,,,,,,,,,,,
2009-05-07,3683.89990234375,5577.23486328125,2920.5,,,,,,,,,,,,
2009-05-08,3620.699951171875,5409.68701171875,2851.550048828125,,,,,,,,,,,,
2009-05-11,3554.60009765625,5343.5380859375,2814.75,,,,,,,,,,,,
2009-05-12,3681.10009765625,5585.48486328125,2954.550048828125,,,,,,,,,,,,
2009-05-13,3635.25,5523.68603515625,2910.949951171875,,,,,,,,,,,,
2009-05-14,3593.449951171875,5495.0361328125,2896.550048828125,,,,,,,,,,,,
2009-05-15,3671.64990234375,5694.9833984375,2981.14990234375,,,,,,,,,,,,
2009-05-18,4323.14990234375,6766.47119140625,3351.85009765625,,,,,,,,,,,,
2009-05-19,4318.4501953125,7268.11572265625,3027.10009765625,,,,,,,,,,,,
2009-05-20,4270.2998046875,7128.51708984375,3073.39990234375,,,,,,,,,,,,
2009-05-21,4210.89990234375,6904.9697265625,3004.64990234375,,,,,,,,,,,,
2009-05-22,4238.5,7036.21826171875,3020.199951171875,,,,,,,,,,,,
2009-05-25,4237.5498046875,7049.66796875,3021.25,,,,,,,,,,,,
2009-05-26,4116.7001953125,6851.0205078125,3016.050048828125,,,,,,,,,,,,
2009-05-27,4276.0498046875,7215.1162109375,3119.699951171875,,,,,,,,,,,,
2009-05-28,4337.10009765625,7338.5146484375,3114.75,,,,,,,,,,,,
2009-05-29,4448.9501953125,7414.26416015625,3191.85009765625,,,,,,,,,,,,
2009-06-01,4529.89990234375,7375.9140625,3311.300048828125,,,,,,,,,,,,
2009-06-02,4525.25,7374.4638671875,3304.300048828125,,,,,,,,,,,,
2009-06-03,4530.7001953125,7262.21533203125,3308.449951171875,,,,,,,,,,,,
2009-06-04,4572.64990234375,7347.2646484375,3305.949951171875,,,,,,,,,,,,
2009-06-05,4586.89990234375,7348.314453125,3359.050048828125,,,,,,,,,,,,
2009-06-08,4429.89990234375,6974.96875,3403.39990234375,,,,,,,,,,,,
2009-06-09,4550.9501953125,7185.66650390625,3583.0,,,,,,,,,,,,
2009-06-10,4655.25,7338.86474609375,3642.800048828125,,,,,,,,,,,,
2009-06-11,4637.7001953125,7251.5654296875,3561.35009765625,,,,,,,,,,,,
2009-06-12,4583.39990234375,7083.017578125,3498.35009765625,,,,,,,,,,,,
2009-06-15,4484.0,7081.11767578125,3478.10009765625,,,,,,,,,,,,
2009-06-16,4517.7998046875,7274.0654296875,3503.14990234375,,,,,,,,,,,,
2009-06-17,4356.14990234375,7081.66748046875,3410.75,,,,,,,,,,,,
2009-06-18,4251.39990234375,7081.0673828125,3400.949951171875,,,,,,,,,,,,
2009-06-19,4313.60009765625,7223.4658203125,3462.85009765625,,,,,,,,,,,,
2009-06-22,4235.25,7229.4658203125,3422.300048828125,,,,,,,,,,,,
2009-06-23,4247.0,7091.21728515625,3407.699951171875,,,,,,,,,,,,
2009-06-24,4292.9501953125,7107.8173828125,3476.25,,,,,,,,,,,,
2009-06-25,4241.85009765625,7122.9169921875,3462.14990234375,,,,,,,,,,,,
2009-06-26,4375.5,7398.3642578125,3577.550048828125,,,,,,,,,,,,
2009-06-29,4390.9501953125,7508.5126953125,3514.39990234375,,,,,,,,,,,,
2009-06-30,4291.10009765625,7338.7646484375,3497.64990234375,,,,,,,,,,,,
2009-07-01,4340.89990234375,7452.513671875,3526.699951171875,,,,,,,,,,,,
2009-07-02,4348.85009765625,7397.8642578125,3534.199951171875,,,,,,,,,,,,
2009-07-03,4424.25,7565.9619140625,3545.300048828125,,,,,,,,,,,,
2009-07-06,4165.7001953125,6946.36962890625,3430.550048828125,,,,,,,,,,,,
2009-07-07,4202.14990234375,6952.51953125,3449.0,,,,,,,,,,,,
2009-07-08,4078.89990234375,6661.67236328125,3365.14990234375,,,,,,,,,,,,
2009-07-09,4080.949951171875,6672.67236328125,3374.550048828125,,,,,,,,,,,,
2009-07-10,4003.89990234375,6520.5244140625,3423.60009765625,,,,,,,,,,,,
2009-07-13,3974.050048828125,6531.22412109375,3459.5,,,,,,,,,,,,
2009-07-14,4111.39990234375,6756.3212890625,3561.949951171875,,,,,,,,,,,,
2009-07-15,4233.5,6938.61962890625,3628.550048828125,,,,,,,,,,,,
2009-07-16,4231.39990234375,6912.3193359375,3634.25,,,,,,,,,,,,
2009-07-17,4374.9501953125,7230.9658203125,3772.949951171875,,,,,,,,,,,,
2009-07-20,4502.25,7530.11279296875,4092.5,,,,,,,,,,,,
2009-07-21,4469.10009765625,7430.3134765625,4010.5,,,,,,,,,,,,
2009-07-22,4398.89990234375,7329.46484375,3932.89990234375,,,,,,,,,,,,
2009-07-23,4523.75,7473.4130859375,4005.0,,,,,,,,,,,,
2009-07-24,4568.5498046875,7385.4638671875,4076.0,,,,,,,,,,,,
2009-07-27,4572.2998046875,7398.56396484375,4088.699951171875,,,,,,,,,,,,
2009-07-28,4564.10009765625,7312.46484375,4089.10009765625,,,,,,,,,,,,
2009-07-29,4513.5,7224.1162109375,4129.75,,,,,,,,,,,,
2009-07-30,4571.4501953125,7389.6142578125,4292.85009765625,,,,,,,,,,,,
2009-07-31,4636.4501953125,7544.412109375,4330.0498046875,,,,,,,,,,,,
2009-08-03,4711.39990234375,7650.01123046875,4380.14990234375,,,,,,,,,,,,
2009-08-04,4680.5,7617.71142578125,4335.14990234375,,,,,,,,,,,,
2009-08-05,4694.14990234375,7607.41162109375,4403.35009765625,,,,,,,,,,,,
2009-08-06,4585.5,7471.712890625,4316.39990234375,,,,,,,,,,,,
2009-08-07,4481.39990234375,7249.41552734375,4278.0,,,,,,,,,,,,
2009-08-10,4437.64990234375,7159.9169921875,4402.2998046875,,,,,,,,,,,,
2009-08-11,4471.35009765625,7218.166015625,4422.10009765625,,,,,,,,,,,,
2009-08-12,4457.5,7171.96630859375,4345.5,,,,,,,,,,,,
2009-08-13,4605.0,7472.31298828125,4432.35009765625,,,,,,,,,,,,
2009-08-14,4580.0498046875,7418.86376953125,4391.9501953125,,,,,,,,,,,,
2009-08-17,4387.89990234375,7104.767578125,4264.14990234375,,,,,,,,,,,,
2009-08-18,4458.89990234375,7207.166015625,4291.5,,,,,,,,,,,,
2009-08-19,4394.10009765625,7106.61767578125,4236.10009765625,,,,,,,,,,,,
2009-08-20,4453.4501953125,7261.11572265625,4284.7998046875,,,,,,,,,,,,
2009-08-21,4528.7998046875,7377.01416015625,4368.14990234375,,,,,,,,,,,,
2009-08-24,4642.7998046875,7507.3125,4482.2998046875,,,,,,,,,,,,
2009-08-25,4659.35009765625,7424.41357421875,4591.7001953125,,,,,,,,,,,,
2009-08-26,4680.85009765625,7418.263671875,4730.5498046875,,,,,,,,,,,,
2009-08-27,4688.2001953125,7385.56396484375,4753.0,,,,,,,,,,,,
2009-08-28,4732.35009765625,7482.31298828125,4721.14990234375,,,,,,,,,,,,
2009-08-31,4662.10009765625,7431.5634765625,4618.35009765625,,,,,,,,,,,,
2009-09-01,4625.35009765625,7377.1142578125,4644.5,,,,,,,,,,,,
2009-09-02,4608.35009765625,7339.46435546875,4680.2001953125,,,,,,,,,,,,
2009-09-03,4593.5498046875,7350.91455078125,4686.89990234375,,,,,,,,,,,,
2009-09-04,4680.39990234375,7444.0634765625,4704.64990234375,,,,,,,,,,,,
2009-09-07,4782.89990234375,7650.56103515625,4775.89990234375,,,,,,,,,,,,
2009-09-08,4805.25,7717.81005859375,4757.10009765625,,,,,,,,,,,,
2009-09-09,4814.25,7776.10986328125,4736.39990234375,,,,,,,,,,,,
2009-09-10,4819.39990234375,7828.208984375,4744.5,,,,,,,,,,,,
2009-09-11,4829.5498046875,7914.8583984375,4785.64990234375,,,,,,,,,,,,
2009-09-14,4808.60009765625,7985.50732421875,4786.0498046875,,,,,,,,,,,,
2009-09-15,4892.10009765625,8210.6044921875,4846.35009765625,,,,,,,,,,,,
2009-09-16,4958.39990234375,8362.7021484375,4880.9501953125,,,,,,,,,,,,
2009-09-17,4965.5498046875,8433.251953125,4973.75,,,,,,,,,,,,
2009-09-18,4976.0498046875,8379.15234375,4979.0498046875,,,,,,,,,,,,
2009-09-22,5020.2001953125,8451.9013671875,5084.5,,,,,,,,,,,,
2009-09-23,4969.9501953125,8423.6025390625,4992.64990234375,,,,,,,,,,,,
2009-09-24,4986.5498046875,8544.900390625,4997.89990234375,,,,,,,,,,,,
2009-09-25,4958.9501953125,8456.1513671875,4905.60009765625,,,,,,,,,,,,
2009-09-29,5006.85009765625,8487.6015625,5044.2001953125,,,,,,,,,,,,
2009-09-30,5083.9501953125,8812.2470703125,5122.10009765625,,,,,,,,,,,,
2009-10-01,5083.39990234375,8860.947265625,5174.0498046875,,,,,,,,,,,,
2009-10-05,5003.2001953125,8661.599609375,5119.60009765625,,,,,,,,,,,,
2009-10-06,5027.39990234375,8808.2978515625,5078.2001953125,,,,,,,,,,,,
2009-10-07,4985.75,8749.8984375,4929.14990234375,,,,,,,,,,,,
2009-10-08,5002.25,8834.4970703125,4837.35009765625,,,,,,,,,,,,
2009-10-09,4945.2001953125,8696.6982421875,4774.7998046875,,,,,,,,,,,,
2009-10-12,5054.25,8963.6953125,4916.9501953125,,,,,,,,,,,,
2009-10-14,5118.2001953125,9149.8935546875,4976.0498046875,,,,,,,,,,,,
2009-10-15,5108.85009765625,9296.6416015625,4919.35009765625,,,,,,,,,,,,
2009-10-16,5142.14990234375,9526.58984375,4937.35009765625,,,,,,,,,,,,
2009-10-20,5114.4501953125,9476.2900390625,5014.10009765625,,,,,,,,,,,,
2009-10-21,5063.60009765625,9272.9423828125,5074.4501953125,,,,,,,,,,,,
2009-10-22,4988.60009765625,9089.994140625,5033.60009765625,,,,,,,,,,,,
2009-10-23,4997.0498046875,9188.2939453125,5126.14990234375,,,,,,,,,,,,
2009-10-26,4970.89990234375,9033.744140625,5162.2998046875,,,,,,,,,,,,
2009-10-27,4846.7001953125,8698.6982421875,5136.14990234375,,,,,,,,,,,,
2009-10-28,4826.14990234375,8609.0,5168.5,,,,,,,,,,,,
2009-10-29,4750.5498046875,8417.751953125,5088.9501953125,,,,,,,,,,,,
2009-10-30,4711.7001953125,8438.501953125,5048.7998046875,,,,,,,,,,,,
2009-11-03,4563.89990234375,8255.3544921875,4849.85009765625,,,,,,,,,,,,
2009-11-04,4710.7998046875,8506.6513671875,5023.35009765625,,,,,,,,,,,,
2009-11-05,4765.5498046875,8537.1005859375,5043.2001953125,,,,,,,,,,,,
2009-11-06,4796.14990234375,8723.6484375,5068.10009765625,,,,,,,,,,,,
2009-11-09,4898.39990234375,9137.3935546875,5110.0,,,,,,,,,,,,
2009-11-10,4881.7001953125,9179.3935546875,5064.85009765625,,,,,,,,,,,,
2009-11-11,5003.9501953125,9337.4912109375,5259.0,,,,,,,,,,,,
2009-11-12,4952.64990234375,9084.6943359375,5311.5498046875,,,,,,,,,,,,
2009-11-13,4998.9501953125,9155.5439453125,5379.10009765625,,,,,,,,,,,,
2009-11-16,5058.0498046875,9266.29296875,5370.2001953125,,,,,,,,,,,,
2009-11-17,5062.25,9299.4912109375,5474.5,,,,,,,,,,,,
2009-11-18,5054.7001953125,9223.7421875,5484.60009765625,,,,,,,,,,,,
2009-11-19,4989.0,9041.544921875,5417.4501953125,,,,,,,,,,,,
2009-11-20,5052.4501953125,9218.9423828125,5463.5498046875,,,,,,,,,,,,
2009-11-23,5103.5498046875,9273.9921875,5456.2001953125,,,,,,,,,,,,
2009-11-24,5090.5498046875,9247.54296875,5486.2001953125,,,,,,,,,,,,
2009-11-25,5108.14990234375,9303.0419921875,5476.7998046875,,,,,,,,,,,,
2009-11-26,5005.5498046875,9067.544921875,5366.5,,,,,,,,,,,,
2009-11-27,4941.75,8944.9462890625,5262.5,,,,,,,,,,,,
2009-11-30,5032.7001953125,9046.8447265625,5364.2001953125,,,,,,,,,,,,
2009-12-01,5122.0,9250.8427734375,5394.39990234375,,,,,,,,,,,,
2009-12-02,5123.25,9327.1416015625,5362.75,,,,,,,,,,,,
2009-12-03,5131.7001953125,9345.1416015625,5413.9501953125,,,,,,,,,,,,
2009-12-04,5108.89990234375,9244.9423828125,5429.60009765625,,,,,,,,,,,,
2009-12-07,5066.7001953125,9175.4931640625,5442.5,,,,,,,,,,,,
2009-12-08,5147.9501953125,9289.9912109375,5499.7998046875,,,,,,,,,,,,
2009-12-09,5112.0,9146.2431640625,5543.2001953125,,,,,,,,,,,,
2009-12-10,5134.64990234375,9205.54296875,5532.4501953125,,,,,,,,,,,,
2009-12-11,5117.2998046875,9097.0947265625,5521.0498046875,,,,,,,,,,,,
2009-12-14,5105.7001953125,8996.6455078125,5557.85009765625,,,,,,,,,,,,
2009-12-15,5033.0498046875,8734.3486328125,5544.60009765625,,,,,,,,,,,,
2009-12-16,5042.0498046875,8667.2998046875,5637.0,,,,,,,,,,,,
2009-12-17,5041.75,8697.0986328125,5692.0498046875,,,,,,,,,,,,
2009-12-18,4987.7001953125,8599.8505859375,5682.7998046875,,,,,,,,,,,,
2009-12-21,4952.60009765625,8609.4501953125,5678.9501953125,,,,,,,,,,,,
2009-12-22,4985.85009765625,8712.3984375,5657.4501953125,,,,,,,,,,,,
2009-12-23,5144.60009765625,8918.9462890625,5815.0,,,,,,,,,,,,
2009-12-24,5178.39990234375,8967.9951171875,5829.7001953125,,,,,,,,,,,,
2009-12-29,5187.9501953125,8991.7958984375,5778.60009765625,,,,,,,,,,,,
2009-12-30,5169.4501953125,8994.4951171875,5791.2998046875,,,,,,,,,,,,
2009-12-31,5201.0498046875,9029.3955078125,5818.39990234375,,,,,,,,,,,,
2010-01-04,5232.2001953125,9112.244140625,5877.25,,,,,,,,,,,,
2010-01-05,5277.89990234375,9192.0439453125,5913.64990234375,,,,,,,,,,,,
2010-01-06,5281.7998046875,9222.892578125,5824.89990234375,,,,,,,,,,,,
2010-01-07,5263.10009765625,9192.84375,5702.85009765625,,,,,,,,,,,,
2010-01-08,5244.75,9160.59375,5607.89990234375,,,,,,,,,,,,
2010-01-11,5249.39990234375,9173.443359375,5649.64990234375,,,,,,,,,,,,
2010-01-12,5210.39990234375,8984.9951171875,5862.39990234375,,,,,,,,,,,,
2010-01-13,5233.9501953125,8925.99609375,6075.7998046875,,,,,,,,,,,,
2010-01-14,5259.89990234375,8910.6962890625,6105.2998046875,,,,,,,,,,,,
2010-01-15,5252.2001953125,8910.99609375,6118.39990234375,,,,,,,,,,,,
2010-01-18,5274.85009765625,9093.14453125,6181.14990234375,,,,,,,,,,,,
2010-01-19,5225.64990234375,9135.7939453125,6068.7001953125,,,,,,,,,,,,
2010-01-20,5221.7001953125,9126.2431640625,6052.39990234375,,,,,,,,,,,,
2010-01-21,5094.14990234375,8919.1962890625,5951.89990234375,,,,,,,,,,,,
2010-01-22,5036.0,8772.548828125,5874.60009765625,,,,,,,,,,,,
2010-01-25,5007.89990234375,8696.498046875,5799.2998046875,,,,,,,,,,,,
2010-01-27,4853.10009765625,8329.703125,5599.0,,,,,,,,,,,,
2010-01-28,4867.25,8423.751953125,5649.35009765625,,,,,,,,,,,,
2010-01-29,4882.0498046875,8651.44921875,5594.14990234375,,,,,,,,,,,,
2010-02-01,4899.7001953125,8649.1494140625,5643.4501953125,,,,,,,,,,,,
2010-02-02,4830.10009765625,8468.0517578125,5586.7001953125,,,,,,,,,,,,
2010-02-03,4931.85009765625,8631.7490234375,5698.85009765625,,,,,,,,,,,,
2010-02-04,4845.35009765625,8471.0009765625,5565.9501953125,,,,,,,,,,,,
2010-02-05,4718.64990234375,8223.154296875,5449.75,,,,,,,,,,,,
2010-02-08,4760.39990234375,8342.103515625,5484.64990234375,,,,,,,,,,,,
2010-02-09,4792.64990234375,8392.3525390625,5606.2998046875,,,,,,,,,,,,
2010-02-10,4757.2001953125,8289.9033203125,5573.4501953125,,,,,,,,,,,,
2010-02-11,4826.85009765625,8381.302734375,5644.2001953125,,,,,,,,,,,,
2010-02-15,4801.9501953125,8312.603515625,5667.0498046875,,,,,,,,,,,,
2010-02-16,4855.75,8397.7021484375,5745.10009765625,,,,,,,,,,,,
2010-02-17,4914.0,8551.400390625,5743.7998046875,,,,,,,,,,,,
2010-02-18,4887.75,8573.80078125,5741.10009765625,,,,,,,,,,,,
2010-02-19,4844.89990234375,8487.0009765625,5712.4501953125,,,,,,,,,,,,
2010-02-22,4856.39990234375,8493.2509765625,5752.7998046875,,,,,,,,,,,,
2010-02-23,4870.0498046875,8512.8515625,5783.7998046875,,,,,,,,,,,,
2010-02-24,4858.60009765625,8504.451171875,5779.75,,,,,,,,,,,,
2010-02-25,4859.75,8537.7001953125,5782.10009765625,,,,,,,,,,,,
2010-02-26,4922.2998046875,8722.6484375,5766.7001953125,,,,,,,,,,,,
2010-03-02,5017.0,8921.99609375,5848.7001953125,,,,,,,,,,,,
2010-03-03,5088.10009765625,9039.3447265625,5896.7001953125,,,,,,,,,,,,
2010-03-04,5080.25,9013.6953125,5833.60009765625,,,,,,,,,,,,
2010-03-05,5088.7001953125,9038.3447265625,5843.2001953125,,,,,,,,,,,,
2010-03-08,5124.0,9145.84375,5882.7001953125,,,,,,,,,,,,
2010-03-09,5101.5,9138.09375,5925.10009765625,,,,,,,,,,,,
2010-03-10,5116.25,9119.1435546875,5897.85009765625,,,,,,,,,,,,
2010-03-11,5133.39990234375,9186.7431640625,5960.0498046875,,,,,,,,,,,,
2010-03-12,5137.0,9172.7939453125,5960.64990234375,,,,,,,,,,,,
2010-03-15,5128.89990234375,9085.39453125,6038.4501953125,,,,,,,,,,,,
2010-03-16,5198.10009765625,9102.8447265625,6102.75,,,,,,,,,,,,
2010-03-17,5231.89990234375,9188.2939453125,6143.0,,,,,,,,,,,,
2010-03-18,5245.89990234375,9252.1923828125,6174.7001953125,,,,,,,,,,,,
2010-03-19,5262.7998046875,9270.6923828125,6145.4501953125,,,,,,,,,,,,
2010-03-22,5205.2001953125,9186.84375,6128.75,,,,,,,,,,,,
2010-03-23,5225.2998046875,9222.79296875,6142.7001953125,,,,,,,,,,,,
2010-03-25,5260.39990234375,9318.1416015625,6201.2001953125,,,,,,,,,,,,
2010-03-26,5282.0,9456.08984375,6151.89990234375,,,,,,,,,,,,
2010-03-29,5302.85009765625,9517.4892578125,6050.9501953125,,,,,,,,,,,,
2010-03-30,5262.4501953125,9470.189453125,5917.75,,,,,,,,,,,,
2010-03-31,5249.10009765625,9459.4892578125,5855.9501953125,,,,,,,,,,,,
2010-04-01,5290.5,9507.6396484375,5984.0,,,,,,,,,,,,
2010-04-05,5368.39990234375,9698.4873046875,5993.89990234375,,,,,,,,,,,,
2010-04-06,5366.0,9728.0869140625,5934.7998046875,,,,,,,,,,,,
2010-04-07,5374.64990234375,9680.9375,5920.0498046875,,,,,,,,,,,,
2010-04-08,5304.4501953125,9519.8896484375,5950.0,,,,,,,,,,,,
2010-04-09,5361.75,9656.3876953125,5950.7001953125,,,,,,,,,,,,
2010-04-12,5339.7001953125,9575.3388671875,5963.7998046875,,,,,,,,,,,,
2010-04-13,5322.9501953125,9482.8896484375,6141.14990234375,,,,,,,,,,,,
2010-04-15,5273.60009765625,9344.4912109375,6171.75,,,,,,,,,,,,
2010-04-16,5262.60009765625,9353.6416015625,6142.85009765625,,,,,,,,,,,,
2010-04-19,5203.64990234375,9302.7919921875,6064.25,,,,,,,,,,,,
2010-04-20,5230.10009765625,9445.990234375,6000.0,,,,,,,,,,,,
2010-04-21,5244.89990234375,9555.1884765625,6004.60009765625,,,,,,,,,,,,
2010-04-22,5269.35009765625,9623.1376953125,6017.2001953125,,,,,,,,,,,,
2010-04-23,5304.10009765625,9813.185546875,6016.14990234375,,,,,,,,,,,,
2010-04-26,5322.4501953125,9839.0361328125,6040.0,,,,,,,,,,,,
2010-04-27,5308.35009765625,9756.3369140625,6037.75,,,,,,,,,,,,
2010-04-28,5215.4501953125,9634.7880859375,5949.64990234375,,,,,,,,,,,,
2010-04-29,5254.14990234375,9803.685546875,5938.5498046875,,,,,,,,,,,,
2010-04-30,5278.0,9870.2353515625,5985.7998046875,,,,,,,,,,,,
2010-05-03,5222.75,9775.38671875,5930.0,,,,,,,,,,,,
2010-05-04,5148.5,9623.587890625,5871.7998046875,,,,,,,,,,,,
2010-05-05,5124.89990234375,9581.73828125,5932.0,,,,,,,,,,,,
2010-05-06,5090.85009765625,9581.888671875,5867.89990234375,,,,,,,,,,,,
2010-05-07,5018.0498046875,9275.9921875,5726.60009765625,,,,,,,,,,,,
2010-05-10,5193.60009765625,9656.1376953125,5890.89990234375,,,,,,,,,,,,
2010-05-11,5136.14990234375,9625.9873046875,5834.35009765625,,,,,,,,,,,,
2010-05-12,5156.64990234375,9722.0869140625,5876.25,,,,,,,,,,,,
2010-05-13,5178.89990234375,9773.236328125,5922.60009765625,,,,,,,,,,,,
2010-05-14,5093.5,9588.9384765625,5839.75,,,,,,,,,,,,
2010-05-17,5059.89990234375,9526.3896484375,5744.5498046875,,,,,,,,,,,,
2010-05-18,5066.2001953125,9492.1396484375,5754.7001953125,,,,,,,,,,,,
2010-05-19,4919.64990234375,9108.244140625,5663.10009765625,,,,,,,,,,,,
2010-05-20,4947.60009765625,9174.4931640625,5659.89990234375,,,,,,,,,,,,
2010-05-21,4931.14990234375,9135.59375,5606.4501953125,,,,,,,,,,,,
2010-05-24,4943.9501953125,9087.14453125,5638.5,,,,,,,,,,,,
2010-05-25,4806.75,8851.6474609375,5488.10009765625,,,,,,,,,,,,
2010-05-26,4917.39990234375,9027.4951171875,5674.39990234375,,,,,,,,,,,,
2010-05-27,5003.10009765625,9258.3427734375,5713.60009765625,,,,,,,,,,,,
2010-05-28,5066.5498046875,9312.4912109375,5783.60009765625,,,,,,,,,,,,
2010-05-31,5086.2998046875,9363.591796875,5761.9501953125,,,,,,,,,,,,
2010-06-01,4970.2001953125,9118.943359375,5688.2998046875,,,,,,,,,,,,
2010-06-02,5019.85009765625,9192.34375,5738.4501953125,,,,,,,,,,,,
2010-06-03,5110.5,9387.5908203125,5839.64990234375,,,,,,,,,,,,
2010-06-04,5135.5,9455.83984375,5884.2998046875,,,,,,,,,,,,
2010-06-07,5034.0,9292.4912109375,5785.85009765625,,,,,,,,,,,,
2010-06-08,4987.10009765625,9185.193359375,5740.7001953125,,,,,,,,,,,,
2010-06-09,5000.2998046875,9238.0927734375,5670.39990234375,,,,,,,,,,,,
2010-06-10,5078.60009765625,9346.341796875,5735.10009765625,,,,,,,,,,,,
2010-06-11,5119.35009765625,9451.640625,5739.25,,,,,,,,,,,,
2010-06-14,5197.7001953125,9533.9892578125,5945.25,,,,,,,,,,,,
2010-06-15,5222.35009765625,9554.2890625,5916.75,,,,,,,,,,,,
2010-06-16,5233.35009765625,9588.7890625,5969.89990234375,,,,,,,,,,,,
2010-06-17,5274.85009765625,9613.2890625,5975.89990234375,,,,,,,,,,,,
2010-06-18,5262.60009765625,9576.138671875,6006.9501953125,,,,,,,,,,,,
2010-06-21,5353.2998046875,9757.9365234375,6037.25,,,,,,,,,,,,
2010-06-22,5316.5498046875,9675.3876953125,5958.5498046875,,,,,,,,,,,,
2010-06-23,5323.14990234375,9718.8369140625,6007.64990234375,,,,,,,,,,,,
2010-06-24,5320.60009765625,9673.4873046875,6014.60009765625,,,,,,,,,,,,
2010-06-25,5269.0498046875,9450.990234375,5921.75,,,,,,,,,,,,
2010-06-28,5333.5,9542.0888671875,5979.60009765625,,,,,,,,,,,,
2010-06-29,5256.14990234375,9381.291015625,5934.14990234375,,,,,,,,,,,,
2010-06-30,5312.5,9464.4892578125,5928.2998046875,,,,,,,,,,,,
2010-07-01,5251.39990234375,9349.2919921875,5861.25,,,,,,,,,,,,
2010-07-02,5237.10009765625,9357.0419921875,5836.2998046875,,,,,,,,,,,,
2010-07-05,5235.89990234375,9385.240234375,5862.60009765625,,,,,,,,,,,,
2010-07-06,5289.0498046875,9550.7890625,5959.5498046875,,,,,,,,,,,,
2010-07-07,5241.10009765625,9449.140625,5954.39990234375,,,,,,,,,,,,
2010-07-08,5296.85009765625,9566.48828125,6041.2998046875,,,,,,,,,,,,
2010-07-09,5352.4501953125,9713.5869140625,6108.39990234375,,,,,,,,,,,,
2010-07-12,5383.0,9850.4853515625,6185.64990234375,,,,,,,,,,,,
2010-07-13,5400.64990234375,9931.484375,6028.0498046875,,,,,,,,,,,,
2010-07-14,5386.14990234375,9956.5341796875,5952.4501953125,,,,,,,,,,,,
2010-07-15,5378.75,9931.984375,5985.5,,,,,,,,,,,,
2010-07-16,5393.89990234375,10013.333984375,6086.10009765625,,,,,,,,,,,,
2010-07-19,5386.4501953125,10032.3837890625,6072.7998046875,,,,,450.5,,3500.60009765625,,,,,
2010-07-20,5368.0,9975.8837890625,6052.5,,,,,457.3500061035156,,3499.5,,,,,
2010-07-21,5399.35009765625,9992.0341796875,6097.4501953125,,,,,462.5,,3500.39990234375,,,,,
2010-07-22,5441.9501953125,10060.1328125,6076.25,,,,,465.70001220703125,,3530.300048828125,,,,,
2010-07-23,5449.10009765625,10093.783203125,6100.39990234375,,,,,458.3999938964844,,3541.85009765625,,,,,
2010-07-26,5418.60009765625,10023.8837890625,6131.35009765625,,,,,448.6499938964844,,3527.949951171875,,,,,
2010-07-27,5430.60009765625,10090.533203125,6168.64990234375,,,,,453.6499938964844,,3516.75,,,,,
2010-07-28,5397.5498046875,10068.033203125,6161.39990234375,,,,,446.75,,3496.35009765625,,,,,
2010-07-29,5408.89990234375,10179.58203125,6152.35009765625,,,,,447.6499938964844,,3474.199951171875,,,,,
2010-07-30,5367.60009765625,10160.8818359375,6086.85009765625,,,,,441.6000061035156,,3432.550048828125,,,,,
2010-08-02,5431.64990234375,10411.37890625,6104.35009765625,,,,,446.70001220703125,,3460.25,,,,,
2010-08-03,5439.5498046875,10502.5283203125,6077.0,,,,,447.29998779296875,,3469.449951171875,,,,,
2010-08-04,5467.85009765625,10489.177734375,6274.2001953125,,,,,449.6000061035156,,3491.25,,,,,
2010-08-05,5447.10009765625,10454.779296875,6288.7001953125,,,,,455.0,,3478.35009765625,,,,,
2010-08-06,5439.25,10383.529296875,6259.89990234375,,,,,453.3500061035156,,3465.35009765625,,,,,
2010-08-09,5486.14990234375,10523.9775390625,6306.85009765625,,,,,475.95001220703125,,3510.0,,,,,
2010-08-10,5460.7001953125,10519.828125,6216.0,,,,,477.5,,3492.85009765625,,,,,
2010-08-11,5420.60009765625,10428.529296875,6161.2998046875,,,,,468.70001220703125,,3471.75,,,,,
2010-08-12,5416.4501953125,10583.52734375,6091.0498046875,,,,,473.1000061035156,,3463.64990234375,,,,,
2010-08-13,5452.10009765625,10737.224609375,6116.7001953125,,,,,483.25,,3477.949951171875,,,,,
2010-08-16,5418.2998046875,10680.42578125,6086.85009765625,,,,,478.3999938964844,,3453.89990234375,,,,,
2010-08-17,5414.14990234375,10770.125,6059.5,,,,,478.75,,3443.0,,,,,
2010-08-18,5479.14990234375,10893.9228515625,6184.39990234375,,,,,479.95001220703125,,3450.550048828125,,,,,
2010-08-19,5540.2001953125,11110.37109375,6183.89990234375,,,,,476.5,,3459.89990234375,,,,,
2010-08-20,5530.64990234375,11033.6220703125,6128.60009765625,,,,,485.45001220703125,,3468.050048828125,,,,,
2010-08-23,5543.5,11095.37109375,6178.9501953125,,,,,485.54998779296875,,3495.64990234375,,,,,
2010-08-24,5505.10009765625,11042.8720703125,6117.60009765625,,,,,472.79998779296875,,3467.300048828125,,,,,
2010-08-25,5462.35009765625,10937.72265625,6109.9501953125,,,,,456.75,,3433.300048828125,,,,,
2010-08-26,5477.89990234375,10981.572265625,6116.14990234375,,,,,454.25,,3459.14990234375,,,,,
2010-08-27,5408.7001953125,10727.3251953125,6005.89990234375,,,,,441.29998779296875,,3411.85009765625,,,,,
2010-08-30,5415.4501953125,10747.125,5971.25,,,,,442.1000061035156,,3411.35009765625,,,,,
2010-08-31,5402.39990234375,10746.224609375,5974.89990234375,,,,,435.1499938964844,,3391.800048828125,,,,,
2010-09-01,5471.85009765625,10879.6240234375,6086.4501953125,,,,,448.8500061035156,,3449.300048828125,,,,,
2010-09-02,5486.14990234375,10980.4716796875,6055.2001953125,,,,,449.6499938964844,,3446.699951171875,,,,,
2010-09-03,5479.39990234375,10991.072265625,6076.10009765625,,,,,455.70001220703125,,3455.35009765625,,,,,
2010-09-06,5576.9501953125,11218.6689453125,6184.4501953125,,,,,465.79998779296875,,3493.050048828125,,,,,
2010-09-07,5604.0,11192.8203125,6253.64990234375,,,,,460.5,,3510.050048828125,,,,,
2010-09-08,5607.85009765625,11189.919921875,6287.7001953125,,,,,463.70001220703125,,3522.199951171875,,,,,
2010-09-09,5640.0498046875,11446.5673828125,6302.0,,,,,466.5,,3540.0,,,,,
2010-09-13,5760.0,11872.7119140625,6358.14990234375,,,,,478.0,,3580.75,,,,,
2010-09-14,5795.5498046875,11928.2109375,6441.75,,,,,475.95001220703125,,3596.699951171875,,,,,
2010-09-15,5860.9501953125,11987.4599609375,6602.0,,,,,478.3999938964844,,3598.800048828125,,,,,
2010-09-16,5828.7001953125,12031.91015625,6447.25,,,,,484.0,,3581.89990234375,,,,,
2010-09-17,5884.9501953125,12103.958984375,6477.85009765625,,,,,487.70001220703125,,3623.0,,,,,
2010-09-20,5980.4501953125,12251.0576171875,6528.4501953125,,,,,496.75,,3662.64990234375,,,,,
2010-09-21,6009.0498046875,12244.8076171875,6673.2998046875,,,,,489.6000061035156,,3673.5,,,,,
2010-09-22,5991.0,12305.5576171875,6594.60009765625,,,,,481.6000061035156,,3650.75,,,,,
2010-09-23,5959.5498046875,12146.158203125,6596.39990234375,,,,,470.70001220703125,,3628.60009765625,,,,,
2010-09-24,6018.2998046875,12263.4072265625,6634.7001953125,,,,,485.1499938964844,,3680.5,,,,,
2010-09-27,6035.64990234375,12253.0576171875,6600.75,,,,,491.6499938964844,,3716.449951171875,,,,,
2010-09-28,6029.5,12272.2578125,6560.5,,,,,493.6499938964844,,3753.5,,,,,
2010-09-29,5991.2998046875,12237.4072265625,6578.60009765625,,,,,490.79998779296875,,3718.35009765625,,,,,
2010-09-30,6029.9501953125,12366.2060546875,6613.39990234375,,,,,491.75,,3719.300048828125,,,,,
2010-10-01,6143.39990234375,12556.6044921875,6759.14990234375,,,,,511.8999938964844,,3781.89990234375,,,,,
2010-10-04,6159.4501953125,12651.15234375,6733.35009765625,,,,,514.75,,3780.39990234375,,,,,
2010-10-05,6145.7998046875,12596.353515625,6732.7998046875,,,,,516.7000122070312,,3788.39990234375,,,,,
2010-10-06,6186.4501953125,12629.0537109375,6776.85009765625,,,,,531.5499877929688,,3826.75,,,,,
2010-10-07,6120.2998046875,12536.4541015625,6681.4501953125,,,,,516.9000244140625,,3790.699951171875,,,,,
2010-10-08,6103.4501953125,12473.255859375,6710.64990234375,,,,,515.0999755859375,,3772.60009765625,,,,,
2010-10-11,6135.85009765625,12512.8544921875,6716.25,,,,,517.25,,3765.050048828125,,,,,
2010-10-12,6090.89990234375,12461.6552734375,6724.14990234375,,,,,507.75,,3715.39990234375,,,,,
2010-10-13,6233.89990234375,12744.8515625,6924.75,,,,,521.1500244140625,,3794.75,,,,,
2010-10-14,6177.35009765625,12598.703125,6952.7998046875,,,,,519.0999755859375,,3728.64990234375,,,,,
2010-10-15,6062.64990234375,12346.306640625,6730.10009765625,,,,,513.4500122070312,,3675.75,,,,,
2010-10-18,6075.9501953125,12331.15625,6814.0,,,,,518.0499877929688,,3674.25,,,,,
2010-10-19,6027.2998046875,12245.5078125,6663.0,,,,,508.54998779296875,,3641.800048828125,,,,,
2010-10-20,5982.10009765625,12176.3583984375,6652.2998046875,,,,,500.95001220703125,,3629.550048828125,,,,,
2010-10-21,6101.5,12435.6552734375,6715.2998046875,,,,,511.29998779296875,,3707.39990234375,,,,,
2010-10-22,6066.0498046875,12384.65625,6777.10009765625,,,,,503.5,,3680.25,,,,,
2010-10-25,6105.7998046875,12424.5556640625,6751.7998046875,,,,,507.95001220703125,,3691.25,,,,,
2010-10-26,6082.0,12332.5068359375,6736.85009765625,,,,,506.1499938964844,,3675.199951171875,,,,,
2010-10-27,6012.64990234375,12182.5087890625,6663.64990234375,,,,,495.5,,3630.449951171875,,,,,
2010-10-28,5987.7001953125,12105.1591796875,6632.5498046875,,,,,485.6499938964844,,3603.10009765625,,,,,
2010-10-29,6017.7001953125,12330.6064453125,6613.25,,,,,481.54998779296875,,3598.35009765625,,,,,
2010-11-01,6117.5498046875,12734.751953125,6670.0,,,,,494.95001220703125,,3667.89990234375,,,,,
2010-11-02,6119.0,12770.751953125,6712.7001953125,,,,,481.04998779296875,,3674.35009765625,,,,,
2010-11-03,6160.5,12891.650390625,6721.25,,,,,484.25,,3687.75,,,,,
2010-11-04,6281.7998046875,13182.7470703125,6818.64990234375,,,,,492.75,,3724.14990234375,,,,,
2010-11-08,6273.2001953125,13104.947265625,6723.60009765625,,,,,497.04998779296875,,3729.89990234375,,,,,
2010-11-09,6301.5498046875,13121.197265625,6811.7001953125,,,,,505.0,,3754.60009765625,,,,,
2010-11-10,6275.7001953125,13006.9482421875,6851.5498046875,,,,,502.54998779296875,,3729.85009765625,,,,,
2010-11-11,6194.25,12823.4501953125,6762.7001953125,,,,,485.70001220703125,,3673.199951171875,,,,,
2010-11-12,6071.64990234375,12457.1552734375,6663.2001953125,,,,,461.6499938964844,,3590.050048828125,,,,,
2010-11-15,6121.60009765625,12762.001953125,6733.0,,,,,455.25,,3584.85009765625,,,,,
2010-11-16,5988.7001953125,12524.3046875,6608.2998046875,,,,,438.04998779296875,,3492.25,,,,,
2010-11-18,5998.7998046875,12315.0068359375,6631.0,,,,,434.25,,3518.25,,,,,
2010-11-19,5890.2998046875,12062.8095703125,6503.5,,,,,417.04998779296875,,3480.5,,,,,
2010-11-22,6010.0,12389.9560546875,6666.5498046875,,,,,426.0,,3514.449951171875,,,,,
2010-11-23,5934.75,12206.30859375,6619.85009765625,,,,,411.6000061035156,,3476.64990234375,,,,,
2010-11-24,5865.75,11842.412109375,6540.75,,,,,399.3500061035156,,3438.300048828125,,,,,
2010-11-25,5799.75,11652.2646484375,6617.89990234375,,,,,377.6499938964844,,3336.800048828125,,,,,
2010-11-26,5751.9501953125,11668.7138671875,6615.39990234375,,,,,360.20001220703125,,3294.39990234375,,,,,
2010-11-29,5830.0,11828.2119140625,6688.89990234375,,,,,364.3500061035156,,3325.449951171875,,,,,
2010-11-30,5862.7001953125,11952.4609375,6703.60009765625,,,,,384.95001220703125,,3388.39990234375,,,,,
2010-12-01,5960.89990234375,12310.6064453125,6723.2998046875,,,,,397.1499938964844,,3457.85009765625,,,,,
2010-12-02,6011.7001953125,12472.455078125,6827.60009765625,,,,,407.29998779296875,,3450.699951171875,,,,,
2010-12-03,5992.7998046875,12349.056640625,6856.64990234375,,,,,390.5,,3424.85009765625,,,,,
2010-12-06,5992.25,12051.060546875,6890.5498046875,,,,,389.3500061035156,,3425.449951171875,,,,,
2010-12-07,5976.5498046875,11695.1640625,6932.2998046875,,,,,385.1499938964844,,3435.14990234375,,,,,
2010-12-08,5903.7001953125,11460.0673828125,6850.89990234375,,,,,376.29998779296875,,3397.0,,,,,
2010-12-09,5766.5,11115.9208984375,6843.75,,,,,360.29998779296875,,3304.10009765625,,,,,
2010-12-10,5857.35009765625,11446.8671875,6869.10009765625,,,,,365.1499938964844,,3331.449951171875,,,,,
2010-12-13,5907.64990234375,11517.9658203125,6886.10009765625,,,,,374.04998779296875,,3378.800048828125,,,,,
2010-12-14,5944.10009765625,11560.365234375,6935.5,,,,,378.04998779296875,,3414.10009765625,,,,,
2010-12-15,5892.2998046875,11196.169921875,7024.64990234375,,,,,364.20001220703125,,3398.199951171875,,,,,
2010-12-16,5948.75,11424.017578125,7211.7998046875,,,,,367.6000061035156,,3394.949951171875,,,,,
2010-12-20,5947.0498046875,11266.96875,7332.0498046875,,,,,362.1499938964844,,3361.75,,,,,
2010-12-21,6000.64990234375,11537.1162109375,7325.7001953125,,,,,367.95001220703125,,3367.800048828125,,,,,
2010-12-22,5984.39990234375,11467.5673828125,7302.9501953125,,,,,367.70001220703125,,3369.0,,,,,
2010-12-23,5980.0,11468.916015625,7339.60009765625,,,,,364.3999938964844,,3351.300048828125,,,,,
2010-12-24,6011.60009765625,11476.916015625,7353.64990234375,,,,,367.1000061035156,,3395.199951171875,,,,,
2010-12-27,5998.10009765625,11470.81640625,7364.10009765625,,,,,363.6499938964844,,3370.050048828125,,,,,
2010-12-28,5996.0,11427.1669921875,7387.25,,,,,365.25,,3371.199951171875,,,,,
2010-12-29,6060.35009765625,11612.765625,7426.60009765625,,,,,366.04998779296875,,3400.75,,,,,
2010-12-30,6101.85009765625,11629.1650390625,7503.64990234375,,,,,371.45001220703125,,3429.10009765625,,,,,
2010-12-31,6134.5,11791.3134765625,7491.10009765625,,,,,379.95001220703125,,3457.60009765625,,,,,
2011-01-03,6157.60009765625,11855.6123046875,7492.4501953125,,,,,381.3500061035156,,3479.550048828125,,,,,
2011-01-04,6146.35009765625,11563.9150390625,7512.2998046875,,,,,376.3500061035156,,3472.449951171875,,,,,
2011-01-05,6079.7998046875,11305.318359375,7508.0,,,,,368.5,,3425.60009765625,,,,,
2011-01-06,6048.25,11186.669921875,7545.9501953125,,,,,359.3999938964844,,3397.14990234375,,,,,
2011-01-07,5904.60009765625,11053.220703125,7333.7998046875,,,,,353.5,,3321.39990234375,,,,,
2011-01-10,5762.85009765625,10700.5263671875,7317.4501953125,,,,,340.25,,3229.75,,,,,
2011-01-11,5754.10009765625,10833.423828125,7194.5,,,,,329.6499938964844,,3216.85009765625,,,,,
2011-01-12,5863.25,11128.021484375,7324.0498046875,,,,,341.8500061035156,,3244.89990234375,,,,,
2011-01-13,5751.89990234375,10716.525390625,7063.9501953125,,,,,344.1000061035156,,3227.85009765625,,,,,
2011-01-14,5654.5498046875,10432.779296875,7068.2001953125,,,,,333.70001220703125,,3180.85009765625,,,,,
2011-01-17,5654.75,10470.9775390625,7178.2001953125,,,,,325.54998779296875,,3139.35009765625,,,,,
2011-01-18,5724.0498046875,10618.376953125,7360.85009765625,,,,,326.5,,3140.75,,,,,
2011-01-19,5691.0498046875,10615.02734375,7267.10009765625,,,,,332.75,,3120.699951171875,,,,,
2011-01-20,5711.60009765625,10798.2236328125,7353.75,,,,,331.6499938964844,,3121.0,,,,,
2011-01-21,5696.5,10889.2734375,7249.7998046875,,,,,329.70001220703125,,3124.300048828125,,,,,
2011-01-24,5743.25,11151.0205078125,7295.10009765625,,,,,334.0,,3139.800048828125,,,,,
2011-01-25,5687.39990234375,10872.82421875,7242.5,,,,,329.3500061035156,,3146.449951171875,,,,,
2011-01-27,5604.2998046875,10676.0263671875,7146.5498046875,,,,,316.6000061035156,,3087.699951171875,,,,,
2011-01-28,5512.14990234375,10578.126953125,7065.35009765625,,,,,300.6499938964844,,3020.85009765625,,,,,
2011-01-31,5505.89990234375,10641.7255859375,6971.25,8595.7001953125,,4689.7998046875,,293.75,8788.0,3042.800048828125,4169.10009765625,4870.7001953125,6699.0,,
2011-02-01,5417.2001953125,10481.078125,6898.64990234375,8449.5,,4629.25,,281.75,8611.0498046875,2972.050048828125,4108.25,4812.64990234375,6618.75,,
2011-02-02,5432.0,10470.0283203125,6961.64990234375,8440.0498046875,,4630.2001953125,,288.54998779296875,8718.7001953125,2962.050048828125,4080.0,4808.10009765625,6615.5,,
2011-02-03,5526.75,10670.4755859375,6998.89990234375,8491.2998046875,,4640.89990234375,,300.8500061035156,8869.7001953125,3049.0,4165.14990234375,4830.64990234375,6715.9501953125,,
2011-02-04,5395.75,10433.728515625,6850.64990234375,8230.0498046875,,4573.25,,289.54998779296875,8677.5,2972.35009765625,4116.5498046875,4745.39990234375,6558.14990234375,,
2011-02-07,5396.0,10383.9287109375,6861.25,8331.4501953125,,4500.2001953125,,295.1499938964844,8734.0498046875,2965.75,4094.60009765625,4734.14990234375,6539.64990234375,,
2011-02-08,5312.5498046875,10147.6318359375,6847.5,8260.7998046875,,4427.60009765625,,285.6499938964844,8571.2001953125,2906.25,4029.35009765625,4713.39990234375,6457.64990234375,,
2011-02-09,5253.5498046875,10116.533203125,6828.89990234375,8181.10009765625,,4373.25,,274.95001220703125,8497.25,2809.0,3954.5,4643.14990234375,6430.35009765625,,
2011-02-10,5225.7998046875,10073.982421875,6720.4501953125,8194.75,,4393.39990234375,,274.0,8426.650390625,2817.449951171875,3898.800048828125,4642.39990234375,6365.35009765625,,
2011-02-11,5310.0,10447.62890625,6719.64990234375,8186.75,,4428.7001953125,,278.54998779296875,8520.5498046875,2867.25,4048.35009765625,4662.64990234375,6494.2001953125,,
2011-02-14,5456.0,10802.423828125,6869.0498046875,8393.150390625,,4515.2001953125,,285.29998779296875,8619.9501953125,2976.0,4200.85009765625,4746.4501953125,6673.10009765625,,
2011-02-15,5481.0,10959.5732421875,6855.0498046875,8376.349609375,,4498.35009765625,,281.1499938964844,8788.2998046875,2953.949951171875,4277.5,4755.39990234375,6729.5498046875,,
2011-02-16,5481.7001953125,10960.5732421875,6862.10009765625,8412.75,,4451.35009765625,,287.25,8796.650390625,2975.25,4284.35009765625,4754.14990234375,6712.5,,
2011-02-17,5546.4501953125,11134.5703125,6893.2998046875,8474.349609375,,4477.4501953125,,284.04998779296875,8828.099609375,3020.300048828125,4337.39990234375,4766.35009765625,6803.75,,
2011-02-18,5458.9501953125,10949.5732421875,6832.0498046875,8410.0,,4463.25,,271.95001220703125,8645.650390625,2946.0,4279.39990234375,4767.14990234375,6704.7998046875,,
2011-02-21,5518.60009765625,11049.970703125,7014.10009765625,8473.5,,4497.2998046875,,274.0,8769.599609375,2957.89990234375,4307.75,4769.2998046875,6792.2001953125,,
2011-02-22,5469.2001953125,10836.673828125,6966.7998046875,8422.900390625,,4458.9501953125,,272.45001220703125,8868.2998046875,2914.0,4223.4501953125,4739.39990234375,6709.7001953125,,
2011-02-23,5437.35009765625,10646.326171875,6856.7001953125,8384.7998046875,,4426.39990234375,,268.79998779296875,8891.9501953125,2904.75,4128.35009765625,4717.2001953125,6635.89990234375,,
2011-02-24,5262.7001953125,10210.630859375,6706.4501953125,8157.4501953125,,4300.25,,258.79998779296875,8675.7998046875,2815.85009765625,3976.0,4655.35009765625,6429.7001953125,,
2011-02-25,5303.5498046875,10435.728515625,6679.7998046875,8357.849609375,,4328.10009765625,,259.6000061035156,8660.849609375,2810.199951171875,4070.5,4613.75,6492.5498046875,,
2011-02-28,5333.25,10435.228515625,6666.2998046875,8730.349609375,,4331.0498046875,,262.8999938964844,8680.099609375,2810.550048828125,4125.5,4616.0,6486.60009765625,,
2011-03-01,5522.2998046875,10885.2734375,6831.4501953125,8943.099609375,,4473.64990234375,,274.70001220703125,8908.25,2908.89990234375,4253.60009765625,4727.2998046875,6707.85009765625,,
2011-03-03,5536.2001953125,10914.373046875,6786.7998046875,8976.5498046875,,4456.39990234375,,275.45001220703125,8860.9501953125,2939.300048828125,4231.14990234375,4775.5498046875,6721.7001953125,,
2011-03-04,5538.75,10963.2734375,6810.5498046875,8926.150390625,,4446.75,,276.3999938964844,8915.2001953125,2912.800048828125,4244.64990234375,4763.60009765625,6760.2001953125,,
2011-03-07,5463.14990234375,10782.125,6747.0498046875,8883.25,,4427.35009765625,,271.5,8860.7998046875,2872.0,4160.7998046875,4709.7001953125,6669.89990234375,,
2011-03-08,5520.7998046875,10931.4228515625,6871.7001953125,8881.7998046875,,4447.2001953125,,275.45001220703125,8918.599609375,2893.800048828125,4217.25,4726.5498046875,6764.5498046875,,
2011-03-09,5531.0,10974.671875,6861.89990234375,8855.650390625,,4425.0498046875,,280.6000061035156,8936.400390625,2908.85009765625,4216.5,4718.5498046875,6773.5,,
2011-03-10,5494.39990234375,10850.1240234375,6827.7001953125,8828.4501953125,,4395.64990234375,,282.8999938964844,8889.150390625,2899.699951171875,4170.60009765625,4706.14990234375,6720.25,,
2011-03-11,5445.4501953125,10740.8251953125,6722.25,8838.75,,4386.85009765625,,280.6499938964844,8937.599609375,2853.5,4124.64990234375,4684.60009765625,6640.4501953125,,
2011-03-14,5531.5,10893.123046875,6822.0,8910.9501953125,,4419.85009765625,,282.75,9145.0498046875,2889.300048828125,4186.0498046875,4694.2998046875,6746.25,,
2011-03-15,5449.64990234375,10725.6748046875,6689.0498046875,8775.400390625,,4346.2001953125,,273.1000061035156,9140.650390625,2825.050048828125,4136.39990234375,4625.10009765625,6630.2998046875,,
2011-03-16,5511.14990234375,10957.47265625,6733.2998046875,8803.099609375,,4408.9501953125,,279.54998779296875,9222.0,2863.75,4239.2001953125,4615.39990234375,6717.85009765625,,
2011-03-17,5446.64990234375,10851.82421875,6633.85009765625,8674.7998046875,,4385.5,,277.3500061035156,9134.25,2858.050048828125,4207.5498046875,4590.5,6635.5498046875,,
2011-03-18,5373.7001953125,10715.775390625,6552.64990234375,8649.5498046875,,4340.0,,272.75,8921.2001953125,2835.449951171875,4155.39990234375,4561.89990234375,6551.60009765625,,
2011-03-21,5364.75,10723.474609375,6504.85009765625,8623.4501953125,,4344.7998046875,,270.1000061035156,8904.5498046875,2823.14990234375,4151.7001953125,4515.10009765625,6540.9501953125,,
2011-03-22,5413.85009765625,10771.1748046875,6533.9501953125,8686.150390625,,4389.75,,276.25,8975.349609375,2859.199951171875,4191.2001953125,4562.39990234375,6593.35009765625,,
2011-03-23,5480.25,10957.97265625,6595.64990234375,8756.0,,4462.2998046875,,282.45001220703125,9080.400390625,2889.75,4215.14990234375,4590.85009765625,6680.14990234375,,
2011-03-24,5522.39990234375,11070.220703125,6660.5498046875,8790.0498046875,,4463.0498046875,,290.79998779296875,9070.2998046875,2922.449951171875,4241.85009765625,4607.7998046875,6733.25,,
2011-03-25,5654.25,11387.1669921875,6930.64990234375,8930.0,,4480.39990234375,,298.95001220703125,9212.400390625,2987.89990234375,4323.25,4638.25,6939.2998046875,,
2011-03-28,5687.25,11523.2666015625,6912.35009765625,9006.2998046875,,4441.4501953125,,296.95001220703125,9225.2001953125,3019.14990234375,4387.7001953125,4677.25,6986.2998046875,,
2011-03-29,5736.35009765625,11582.365234375,6983.25,9030.0,,4469.2998046875,,299.1499938964844,9272.5498046875,3052.89990234375,4416.4501953125,4718.60009765625,7057.89990234375,,
2011-03-30,5787.64990234375,11765.0634765625,7010.0498046875,9005.650390625,,4561.0,,309.75,9329.5,3067.5,4528.7998046875,4741.7001953125,7133.10009765625,,
2011-03-31,5833.75,11705.314453125,7148.10009765625,9188.4501953125,,4535.85009765625,,313.29998779296875,9480.650390625,3076.64990234375,4454.0,4787.39990234375,7168.0,,
2011-04-01,5826.0498046875,11590.8154296875,7109.85009765625,9209.4501953125,,4550.9501953125,,321.79998779296875,9421.0,3096.0,4399.35009765625,4801.35009765625,7138.35009765625,,
2011-04-04,5908.4501953125,11804.1630859375,7267.85009765625,9280.2001953125,,4570.4501953125,,322.20001220703125,9525.900390625,3142.89990234375,4465.89990234375,4835.2998046875,7242.35009765625,,
2011-04-05,5910.0498046875,11798.763671875,7313.7998046875,9270.0498046875,,4590.7998046875,,324.79998779296875,9487.349609375,3142.449951171875,4513.64990234375,4870.39990234375,7245.2998046875,,
2011-04-06,5891.75,11729.9130859375,7270.85009765625,9257.2001953125,,4577.10009765625,,335.6499938964844,9494.849609375,3138.0,4503.2001953125,4866.25,7217.64990234375,,
2011-04-07,5885.7001953125,11754.263671875,7215.39990234375,9249.9501953125,,4583.60009765625,,340.54998779296875,9441.400390625,3153.949951171875,4530.25,4831.0498046875,7223.0498046875,,
2011-04-08,5842.0,11673.1142578125,7168.7998046875,9283.0498046875,,4587.9501953125,,329.29998779296875,9318.2998046875,3139.75,4456.39990234375,4823.25,7174.85009765625,,
2011-04-11,5785.7001953125,11597.6650390625,7157.85009765625,9282.400390625,,4588.2001953125,,321.0,9188.2001953125,3108.699951171875,4457.5498046875,4769.14990234375,7122.89990234375,,
2011-04-13,5911.5,11839.3623046875,7306.10009765625,9501.0,,4619.0,,326.5,9330.4501953125,3180.14990234375,4509.85009765625,4864.4501953125,7279.0,,
2011-04-15,5824.5498046875,11735.513671875,6842.14990234375,9488.0498046875,,4593.7998046875,,322.6000061035156,9285.400390625,3175.0,4504.0,4786.7998046875,7101.7998046875,,
2011-04-18,5729.10009765625,11539.6162109375,6651.0498046875,9450.4501953125,,4563.9501953125,,311.54998779296875,9203.25,3118.800048828125,4443.35009765625,4773.9501953125,6965.0498046875,,
2011-04-19,5740.75,11586.615234375,6668.4501953125,9334.650390625,,4546.5,,312.6499938964844,9248.400390625,3129.60009765625,4425.60009765625,4769.10009765625,7002.25,,
2011-04-20,5851.64990234375,11794.4130859375,6818.14990234375,9504.150390625,,4619.0,,315.04998779296875,9384.7001953125,3155.199951171875,4491.85009765625,4849.5,7134.4501953125,,
2011-04-21,5884.7001953125,11894.611328125,6780.85009765625,9520.25,,4610.2998046875,,318.6000061035156,9486.9501953125,3140.10009765625,4528.10009765625,4889.35009765625,7160.5,,
2011-04-25,5874.5,11878.8623046875,6834.39990234375,9525.2998046875,,4619.5498046875,,314.0,9340.2001953125,3141.64990234375,4603.5498046875,4919.2001953125,7163.2998046875,,
2011-04-26,5868.39990234375,11867.5625,6825.35009765625,9528.2001953125,,4640.9501953125,,313.1499938964844,9305.7998046875,3142.64990234375,4612.25,4904.2998046875,7151.5498046875,,
2011-04-27,5833.89990234375,11779.712890625,6809.10009765625,9583.599609375,,4654.89990234375,,308.79998779296875,9250.2998046875,3113.39990234375,4597.25,4925.64990234375,7117.5,,
2011-04-28,5785.4501953125,11684.6640625,6729.75,9500.150390625,,4647.5498046875,,297.79998779296875,9195.900390625,3078.449951171875,4499.7001953125,4891.35009765625,7059.7001953125,,
2011-04-29,5749.5,11483.6162109375,6718.35009765625,9585.4501953125,,4685.5498046875,,289.29998779296875,9213.900390625,3022.699951171875,4385.75,4921.75,6986.39990234375,,
2011-05-02,5701.2998046875,11243.6689453125,6715.64990234375,9521.9501953125,,4712.7001953125,,292.20001220703125,9113.0498046875,3038.699951171875,4227.0498046875,4899.85009765625,6912.7001953125,,
2011-05-03,5565.25,10898.1728515625,6644.7001953125,9335.900390625,,4642.5498046875,,282.8999938964844,8923.2998046875,2962.050048828125,4064.25,4834.10009765625,6754.2001953125,,
2011-05-04,5537.14990234375,10913.22265625,6576.5,9345.7998046875,,4590.9501953125,,281.1000061035156,9004.0,2951.199951171875,4081.89990234375,4836.39990234375,6704.10009765625,,
2011-05-05,5459.85009765625,10729.974609375,6506.5498046875,9151.599609375,,4506.25,,272.25,8941.2001953125,2887.35009765625,4041.64990234375,4746.5,6590.0,,
2011-05-06,5551.4501953125,11144.9697265625,6627.0,9262.0,,4539.25,,276.29998779296875,8954.099609375,2903.800048828125,4166.2998046875,4785.0,6738.75,,
2011-05-09,5551.10009765625,11076.37109375,6620.2998046875,9360.099609375,,4532.0,,275.6499938964844,8979.7998046875,2914.64990234375,4135.75,4828.7998046875,6733.35009765625,,
2011-05-10,5541.25,11009.2724609375,6596.75,9458.849609375,,4522.85009765625,,279.54998779296875,8964.75,2921.699951171875,4139.14990234375,4887.64990234375,6712.2998046875,,
2011-05-11,5565.0498046875,11058.9208984375,6650.4501953125,9526.25,,4542.2001953125,,283.5,8957.7001953125,2923.10009765625,4173.0498046875,4942.4501953125,6737.5,,
2011-05-12,5486.14990234375,10887.3232421875,6569.2001953125,9423.9501953125,,4544.85009765625,,282.8500061035156,8889.75,2890.800048828125,4126.7998046875,4916.2998046875,6638.9501953125,,
2011-05-13,5544.75,11020.822265625,6609.5498046875,9619.150390625,,4607.5498046875,,289.20001220703125,8916.150390625,2923.60009765625,4145.60009765625,4977.0,6686.89990234375,,
2011-05-16,5499.0,10912.22265625,6564.0498046875,9507.4501953125,,4660.0498046875,,284.25,8849.849609375,2910.64990234375,4105.10009765625,4982.14990234375,6626.64990234375,,
2011-05-17,5438.9501953125,10668.7255859375,6562.5,9578.4501953125,,4648.0498046875,,283.75,8615.599609375,2895.25,3919.800048828125,4967.35009765625,6552.0,,
2011-05-18,5420.60009765625,10598.9267578125,6582.5498046875,9611.0,,4584.89990234375,,280.6000061035156,8486.5,2891.25,3857.5,4959.7998046875,6550.75,,
2011-05-19,5428.10009765625,10558.2265625,6594.25,9617.2998046875,,4563.7998046875,,271.95001220703125,8541.25,2905.60009765625,3815.800048828125,4954.2001953125,6529.0498046875,,
2011-05-20,5486.35009765625,10663.9755859375,6615.39990234375,9564.25,,4619.7998046875,,275.6499938964844,8598.150390625,2967.60009765625,3825.050048828125,4971.14990234375,6606.7998046875,,
2011-05-23,5386.5498046875,10368.1298828125,6566.85009765625,9612.150390625,,4541.5,,267.8500061035156,8472.400390625,2892.0,3728.949951171875,4896.4501953125,6482.64990234375,,
2011-05-24,5394.85009765625,10425.4287109375,6557.60009765625,9520.25,,4561.85009765625,,266.54998779296875,8482.849609375,2908.60009765625,3741.85009765625,4900.0,6498.64990234375,,
2011-05-25,5348.9501953125,10355.6796875,6457.39990234375,9556.849609375,,4567.0,,263.70001220703125,8392.9501953125,2874.800048828125,3713.14990234375,4885.64990234375,6430.2001953125,,
2011-05-26,5412.35009765625,10468.177734375,6450.4501953125,9552.4501953125,,4604.85009765625,,265.75,8614.2998046875,2898.800048828125,3730.85009765625,4945.75,6466.7998046875,,
2011-05-27,5476.10009765625,10722.525390625,6507.60009765625,9606.75,,4632.10009765625,,274.95001220703125,8719.2001953125,2928.39990234375,3796.0,4950.2001953125,6578.60009765625,,
2011-05-30,5473.10009765625,10781.3251953125,6515.89990234375,9603.0,,4736.7001953125,,281.5,8675.0498046875,2931.0,3804.60009765625,4953.7998046875,6613.4501953125,,
2011-05-31,,,,9827.650390625,,4822.75,,289.25,8784.099609375,2975.10009765625,3889.449951171875,4992.2998046875,6713.5,,
2011-06-01,5592.0,11033.2724609375,6604.0498046875,9874.0498046875,,4805.64990234375,,288.75,8802.4501953125,3024.35009765625,3917.550048828125,5038.25,6763.60009765625,,
2011-06-02,5550.35009765625,10839.1240234375,6573.2001953125,9960.0498046875,,4806.9501953125,,284.29998779296875,8803.7001953125,3001.300048828125,3894.10009765625,5045.7998046875,6686.75,,
2011-06-03,5516.75,10781.875,6562.0498046875,9898.5,,4759.39990234375,,282.29998779296875,8710.099609375,3010.5,3861.64990234375,5047.5,6647.89990234375,,
2011-06-06,5532.0498046875,10854.5244140625,6610.4501953125,9862.400390625,,4807.2998046875,,283.1499938964844,8693.4501953125,3016.449951171875,3872.800048828125,5031.25,6686.89990234375,,
2011-06-07,5556.14990234375,10873.32421875,6696.4501953125,9855.5,,4850.2998046875,,288.6000061035156,8792.7001953125,3006.25,3892.75,5018.9501953125,6714.0498046875,,
2011-06-08,5526.85009765625,10791.3251953125,6672.60009765625,9935.25,,4795.10009765625,,287.1000061035156,8750.0,3004.64990234375,3870.800048828125,5024.89990234375,6676.7998046875,,
2011-06-09,5521.0498046875,10785.275390625,6659.35009765625,9926.150390625,,4773.75,,287.45001220703125,8752.9501953125,3018.14990234375,3852.39990234375,5005.75,6662.5498046875,,
2011-06-10,5485.7998046875,10714.125,6653.4501953125,9828.400390625,,4772.64990234375,,284.70001220703125,8702.599609375,2987.199951171875,3826.050048828125,5004.4501953125,6632.85009765625,,
2011-06-13,5482.7998046875,10717.375,6650.60009765625,9815.400390625,,4790.4501953125,,283.70001220703125,8653.9501953125,3012.35009765625,3806.60009765625,5010.75,6645.89990234375,,
2011-06-14,5500.5,10803.82421875,6671.35009765625,9923.2998046875,,4822.5498046875,,285.75,8607.349609375,3039.75,3807.0,5031.89990234375,6677.0498046875,,
2011-06-15,5447.5,10626.52734375,6595.2001953125,9942.150390625,,4820.60009765625,,282.54998779296875,8514.5498046875,3012.5,3747.949951171875,5037.25,6589.2001953125,,
2011-06-16,5396.75,10572.02734375,6480.75,9926.2001953125,,4819.7001953125,,281.6000061035156,8442.400390625,2978.800048828125,3736.25,5026.7998046875,6529.2001953125,,
2011-06-17,5366.39990234375,10598.126953125,6357.10009765625,9874.400390625,,4754.5,,281.04998779296875,8353.2998046875,2995.39990234375,3740.550048828125,4958.85009765625,6510.0,,
2011-06-20,5257.89990234375,10484.177734375,6166.4501953125,9686.599609375,,4654.39990234375,,270.04998779296875,8072.7001953125,2950.5,3698.64990234375,4893.5498046875,6411.39990234375,,
2011-06-21,5275.85009765625,10459.029296875,6237.14990234375,9623.349609375,,4686.89990234375,,262.45001220703125,8144.4501953125,2932.050048828125,3661.449951171875,4889.60009765625,6443.0,,
2011-06-22,5278.2998046875,10475.078125,6240.2001953125,9553.5,,4691.64990234375,,257.3500061035156,8162.0498046875,2924.5,3659.85009765625,4824.89990234375,6442.25,,
2011-06-23,5320.0,10526.328125,6298.35009765625,9762.0,,4660.64990234375,,256.04998779296875,8308.25,2933.800048828125,3666.25,4820.7998046875,6470.9501953125,,
2011-06-24,5471.25,10854.3740234375,6499.10009765625,9939.0,,4720.5,,265.79998779296875,8420.7998046875,3021.14990234375,3807.0,4929.2001953125,6674.60009765625,,
2011-06-27,5526.60009765625,11032.3720703125,6530.7998046875,9898.099609375,,4765.7001953125,,263.1499938964844,8522.4501953125,3064.85009765625,3872.64990234375,4968.7998046875,6756.60009765625,,
2011-06-28,5545.2998046875,11053.9208984375,6525.35009765625,9925.7998046875,,4795.14990234375,,263.3999938964844,8504.75,3088.449951171875,3869.14990234375,4968.35009765625,6778.89990234375,,
2011-06-29,5600.4501953125,11153.2197265625,6570.60009765625,10187.7998046875,,4828.2001953125,,264.6000061035156,8545.400390625,3100.699951171875,3888.39990234375,5054.0498046875,6834.64990234375,,
2011-06-30,5647.39990234375,11244.51953125,6624.7001953125,10369.0,,4817.0,,267.6499938964844,8615.0498046875,3117.39990234375,3917.449951171875,5081.14990234375,6884.2998046875,,
2011-07-01,5627.2001953125,11254.869140625,6674.75,10313.0498046875,,4796.25,,275.20001220703125,8475.0498046875,3109.800048828125,3931.550048828125,5072.5498046875,6899.75,,
2011-07-04,5650.5,11379.66796875,6685.85009765625,10266.7998046875,,4828.2001953125,,286.3500061035156,8523.25,3122.10009765625,3977.35009765625,5095.85009765625,6947.0,,
2011-07-05,5632.10009765625,11405.966796875,6708.39990234375,10157.5,,4821.9501953125,,283.1499938964844,8398.4501953125,3097.25,4008.14990234375,5077.14990234375,6955.7001953125,,
2011-07-06,5625.4501953125,11282.9189453125,6704.10009765625,10168.650390625,,4795.60009765625,,284.79998779296875,8403.2001953125,3100.85009765625,3972.14990234375,5056.25,6932.2998046875,,
2011-07-07,5728.9501953125,11425.966796875,6787.35009765625,10446.599609375,,4885.5,,290.79998779296875,8557.5,3174.25,4027.85009765625,5123.5498046875,7038.0,,
2011-07-08,5660.64990234375,11285.01953125,6723.85009765625,10319.5,,4850.2998046875,,297.75,8474.2998046875,3151.64990234375,4018.199951171875,5103.2998046875,6962.2001953125,,
2011-07-11,5616.10009765625,11135.3701171875,6612.0498046875,10361.650390625,,4841.14990234375,,288.75,8463.9501953125,3122.5,3950.949951171875,5085.2998046875,6870.89990234375,,
2011-07-12,5526.14990234375,11022.421875,6415.4501953125,10328.75,3719.530029296875,4818.7998046875,3795.89990234375,280.25,8417.150390625,3063.699951171875,3909.699951171875,5057.10009765625,6749.14990234375,,
2011-07-13,5585.4501953125,11142.1201171875,6408.5498046875,10393.7001953125,3774.280029296875,4889.60009765625,3837.31005859375,283.3999938964844,8552.7998046875,3097.699951171875,3950.85009765625,5080.7998046875,6807.89990234375,,
2011-07-14,,11263.6689453125,6325.89990234375,10361.900390625,3783.64990234375,4934.75,3868.909912109375,290.25,8525.599609375,3110.25,4001.5,5103.4501953125,6825.5,,
2011-07-15,5581.10009765625,11234.4189453125,6346.0498046875,10298.25,3783.64990234375,4922.2998046875,3868.909912109375,288.29998779296875,8519.2001953125,3105.300048828125,4002.64990234375,5083.9501953125,6807.5,,
2011-07-18,5567.0498046875,11228.71875,6296.75,10313.150390625,3759.18994140625,4868.4501953125,3831.679931640625,291.1499938964844,8494.75,3097.89990234375,4017.449951171875,5084.14990234375,6802.85009765625,,
2011-07-19,5613.5498046875,11313.7177734375,6365.9501953125,10382.849609375,3720.5400390625,4907.4501953125,3854.300048828125,294.79998779296875,8582.25,3118.199951171875,4058.800048828125,5089.7998046875,6864.60009765625,,
2011-07-20,5567.0498046875,11164.5703125,6327.7001953125,10411.599609375,3662.64990234375,4826.89990234375,3845.3798828125,296.0,8521.5498046875,3078.39990234375,4014.5,5051.25,6792.39990234375,,
2011-07-21,5541.60009765625,11049.6708984375,6335.89990234375,10428.150390625,3649.780029296875,4786.35009765625,3824.43994140625,291.8999938964844,8436.5498046875,3061.5,3983.449951171875,5049.60009765625,6758.7001953125,,
2011-07-22,5633.9501953125,11291.8193359375,6438.5,10473.0498046875,3710.969970703125,4850.0,3824.43994140625,294.3500061035156,8543.75,3119.550048828125,4066.199951171875,5090.10009765625,6892.9501953125,,
2011-07-25,5680.2998046875,11391.6669921875,6434.4501953125,10405.849609375,3758.659912109375,4905.4501953125,3824.43994140625,296.54998779296875,8600.75,3180.89990234375,4096.75,5094.14990234375,6954.9501953125,,
2011-07-26,5574.85009765625,11114.4208984375,6426.85009765625,10232.7001953125,3679.159912109375,4869.39990234375,3824.43994140625,285.8500061035156,8497.5498046875,3094.64990234375,3999.800048828125,5049.7001953125,6834.9501953125,,
2011-07-27,5546.7998046875,11000.0224609375,6408.4501953125,10239.9501953125,3674.0400390625,4861.64990234375,3824.43994140625,284.3999938964844,8426.099609375,3069.699951171875,3925.60009765625,5053.85009765625,6809.39990234375,,
2011-07-28,5487.75,10828.3740234375,6307.39990234375,10350.9501953125,3659.889892578125,4877.10009765625,3880.39990234375,279.6000061035156,8277.4501953125,3040.949951171875,3850.199951171875,5035.39990234375,6706.7001953125,,
2011-07-29,5482.0,10893.5234375,6335.10009765625,10435.75,3671.159912109375,4848.4501953125,3793.06005859375,273.04998779296875,8192.150390625,3029.25,3842.300048828125,5007.5,6733.5,,
2011-08-01,5516.7998046875,10938.873046875,6382.10009765625,10445.4501953125,3671.159912109375,4881.7001953125,3718.06005859375,274.25,8245.599609375,3061.64990234375,3832.800048828125,5003.89990234375,6779.9501953125,,
2011-08-02,5456.5498046875,10743.1748046875,6274.9501953125,10306.349609375,3698.10009765625,4892.2001953125,3680.52001953125,269.5,8292.5,3024.75,3740.39990234375,5003.5498046875,6672.5498046875,,
2011-08-03,5404.7998046875,10639.42578125,6217.35009765625,10337.9501953125,3680.280029296875,4841.5,3629.35009765625,266.04998779296875,8238.099609375,2978.050048828125,3733.0,4985.2998046875,6614.0498046875,,
2011-08-04,5331.7998046875,10536.927734375,6157.2001953125,10128.5,3625.639892578125,4764.75,3629.260009765625,260.25,8150.9501953125,2951.949951171875,3704.699951171875,4928.0498046875,6556.5,1346.6800537109375,
2011-08-05,5211.25,10354.3798828125,5911.5498046875,9967.849609375,3559.56005859375,4710.75,3578.489990234375,251.1999969482422,7985.7998046875,2884.89990234375,3668.60009765625,4831.2998046875,6395.7998046875,1342.5,
2011-08-08,5118.5,10232.1806640625,5651.75,9892.0498046875,3485.3798828125,4684.2001953125,3486.22998046875,239.1999969482422,7917.2001953125,2841.14990234375,3659.39990234375,4777.5498046875,6247.10009765625,1339.5999755859375,
2011-08-09,5072.85009765625,10196.431640625,5452.39990234375,10011.75,3475.239990234375,4543.64990234375,3264.199951171875,238.35000610351562,7799.2998046875,2808.10009765625,3658.199951171875,4752.7001953125,6169.10009765625,1307.3800048828125,
2011-08-10,5161.0,10463.078125,5588.7001953125,9975.150390625,3475.239990234375,4597.60009765625,3264.199951171875,247.1999969482422,7831.0498046875,2862.60009765625,3727.85009765625,4787.0498046875,6304.7998046875,1307.3800048828125,
2011-08-11,5138.2998046875,10338.6796875,5555.60009765625,9993.650390625,3608.070068359375,4581.0,3317.64990234375,244.39999389648438,7807.7998046875,2832.60009765625,3688.949951171875,4772.2001953125,6269.35009765625,1308.0,
2011-08-12,5072.9501953125,10182.58203125,5416.25,9969.4501953125,3608.070068359375,4555.0498046875,3317.64990234375,241.25,7750.9501953125,2805.550048828125,3609.050048828125,4756.2998046875,6152.14990234375,1308.0,
2011-08-16,5035.7998046875,10056.283203125,5469.64990234375,10017.900390625,3553.919921875,4523.2001953125,3217.85009765625,228.64999389648438,7687.5498046875,2777.14990234375,3565.300048828125,4688.5,6098.5,1286.5799560546875,
2011-08-17,5056.60009765625,9953.0849609375,5571.2001953125,10156.7998046875,3506.090087890625,4545.60009765625,3241.469970703125,221.25,7674.89990234375,2779.050048828125,3516.050048828125,4702.5498046875,6117.64990234375,1281.489990234375,
2011-08-18,4944.14990234375,9601.388671875,5348.35009765625,10109.5,3455.340087890625,4476.25,3150.909912109375,221.0,7575.60009765625,2749.75,3384.800048828125,4659.5,5924.2001953125,1265.7099609375,
2011-08-19,4845.64990234375,9404.740234375,5113.85009765625,9950.2998046875,3423.989990234375,4418.9501953125,3141.72998046875,222.39999389648438,7515.7001953125,2683.5,3324.25,4620.5,5795.0,1247.7900390625,
2011-08-22,4898.7998046875,9407.240234375,5087.64990234375,10072.400390625,3423.989990234375,4469.9501953125,3141.72998046875,223.39999389648438,7688.7998046875,2733.199951171875,3326.75,4644.25,5809.64990234375,1247.7900390625,
2011-08-23,4948.89990234375,9488.58984375,5289.10009765625,10120.7998046875,3469.659912109375,4448.9501953125,3202.6298828125,224.25,7669.0498046875,2762.199951171875,3348.800048828125,4657.7998046875,5896.7998046875,1253.6400146484375,
2011-08-24,4888.89990234375,9331.7412109375,5222.10009765625,10079.75,3479.9599609375,4441.2998046875,3220.5400390625,221.4499969482422,7620.0498046875,2731.25,3263.64990234375,4628.10009765625,5822.0498046875,1252.489990234375,
2011-08-25,4839.60009765625,9177.1435546875,5096.7001953125,10089.7001953125,3403.330078125,4452.60009765625,3144.199951171875,223.35000610351562,7583.4501953125,2721.699951171875,3224.25,4615.7001953125,5729.35009765625,1228.52001953125,
2011-08-26,4747.7998046875,8974.4453125,5088.7001953125,9892.0,3394.639892578125,4412.2001953125,3083.889892578125,213.0500030517578,7339.0,2668.75,3106.35009765625,4537.75,5638.85009765625,1210.4599609375,
2011-08-29,4919.60009765625,9342.341796875,5339.10009765625,10063.400390625,3366.52001953125,4445.7998046875,2972.570068359375,222.4499969482422,7569.7001953125,2759.25,3211.39990234375,4588.0,5863.39990234375,1177.31005859375,
2011-08-30,5001.0,9533.2900390625,5451.25,10050.2001953125,3469.300048828125,4524.2998046875,3107.260009765625,231.39999389648438,7661.5498046875,2780.300048828125,3254.800048828125,4667.7998046875,5972.10009765625,1202.8599853515625,
2011-09-02,5040.0,9581.23828125,5384.14990234375,10148.9501953125,3513.179931640625,4587.9501953125,3226.050048828125,236.9499969482422,7770.9501953125,2785.39990234375,3246.14990234375,4691.85009765625,5973.75,1222.530029296875,
2011-09-05,5017.2001953125,9613.9384765625,5299.64990234375,10137.7998046875,3628.110107421875,4556.9501953125,3321.340087890625,238.25,7627.89990234375,2788.050048828125,3274.39990234375,4682.7998046875,5944.39990234375,1225.3900146484375,
2011-09-06,5064.2998046875,9657.4873046875,5366.2001953125,10142.7001953125,3678.6298828125,4545.9501953125,3354.070068359375,232.64999389648438,7792.75,2782.85009765625,3248.89990234375,4682.89990234375,5971.2998046875,1228.9000244140625,
2011-09-07,5124.64990234375,9858.7861328125,5374.9501953125,10108.25,3685.199951171875,4558.14990234375,3423.4599609375,241.25,7906.64990234375,2845.5,3338.699951171875,4729.75,6058.89990234375,1250.22998046875,2527.699951171875
2011-09-08,5153.25,9919.9345703125,5456.10009765625,10083.150390625,3694.570068359375,4592.89990234375,3391.1298828125,242.5,7983.4501953125,2856.300048828125,3345.60009765625,4770.89990234375,6084.25,1249.8199462890625,2523.590087890625
2011-09-09,5059.4501953125,9678.587890625,5339.2001953125,10059.2001953125,3694.570068359375,4551.25,3391.1298828125,236.8000030517578,7811.2001953125,2810.199951171875,3269.60009765625,4750.14990234375,5972.14990234375,1249.8199462890625,2523.590087890625
2011-09-12,4946.7998046875,9395.140625,5157.85009765625,10048.5,3662.429931640625,4530.35009765625,3275.679931640625,229.39999389648438,7675.5498046875,2743.050048828125,3151.10009765625,4723.25,5806.9501953125,1242.6500244140625,2456.0
2011-09-13,4940.9501953125,9339.591796875,5204.75,10047.0498046875,3575.739990234375,4504.2998046875,3161.1201171875,230.60000610351562,7697.25,2734.89990234375,3126.60009765625,4734.4501953125,5797.39990234375,1211.68994140625,2407.489990234375
2011-09-14,5012.5498046875,9472.33984375,5425.10009765625,10178.849609375,3550.8798828125,4528.7998046875,3168.429931640625,231.3000030517578,7788.9501953125,2726.60009765625,3129.14990234375,4780.7998046875,5895.7001953125,1204.3199462890625,2414.2900390625
2011-09-15,5075.7001953125,9660.2373046875,5550.14990234375,10152.2001953125,3653.3701171875,4543.85009765625,3236.510009765625,239.6999969482422,7879.2001953125,2739.10009765625,3218.64990234375,4785.0,6009.2998046875,1198.530029296875,2461.93994140625
2011-09-16,5084.25,9720.13671875,5494.0498046875,10023.099609375,3685.93994140625,4567.25,3242.840087890625,242.35000610351562,7911.7998046875,2757.10009765625,3251.5,4752.10009765625,6028.2998046875,1213.8699951171875,2481.590087890625
2011-09-19,5031.9501953125,9583.4384765625,5443.39990234375,9924.7998046875,3696.60009765625,4522.89990234375,3207.60009765625,241.5,7865.7998046875,2721.35009765625,3205.800048828125,4750.89990234375,5965.7998046875,1211.93994140625,2457.030029296875
2011-09-20,5140.2001953125,9812.5859375,5613.35009765625,10034.0498046875,3746.25,4582.14990234375,3268.889892578125,245.39999389648438,8026.2001953125,2748.35009765625,3293.14990234375,4813.25,6117.0498046875,1236.0999755859375,2495.419921875
2011-09-21,5133.25,9928.884765625,5606.9501953125,10012.0498046875,3711.320068359375,4595.4501953125,3261.800048828125,248.14999389648438,7946.5498046875,2757.949951171875,3323.85009765625,4785.35009765625,6142.35009765625,1241.510009765625,2494.639892578125
2011-09-22,4923.64990234375,9520.4892578125,5385.2998046875,9726.650390625,3574.52001953125,4503.2001953125,3126.02001953125,233.14999389648438,7609.2001953125,2633.199951171875,3204.75,4660.5498046875,5886.4501953125,1207.02001953125,2405.110107421875
2011-09-23,4867.75,9375.5908203125,5367.75,9743.150390625,3515.27001953125,4487.39990234375,3056.739990234375,231.1999969482422,7539.2001953125,2620.050048828125,3225.75,4628.35009765625,5827.7998046875,1206.010009765625,2379.39990234375
2011-09-26,4835.39990234375,9384.390625,5387.64990234375,9594.650390625,3477.7900390625,4486.5498046875,2977.550048828125,229.8000030517578,7419.4501953125,2600.35009765625,3237.300048828125,4571.7001953125,5825.10009765625,1200.550048828125,2336.169921875
2011-09-27,4971.25,9619.8388671875,5579.7001953125,9817.2998046875,3575.449951171875,4511.75,3052.080078125,241.64999389648438,7672.0498046875,2662.60009765625,3312.39990234375,4659.64990234375,5984.9501953125,1216.5400390625,2389.030029296875
2011-09-28,4945.89990234375,9512.0400390625,5623.89990234375,9893.849609375,3535.760009765625,4544.60009765625,2996.5,242.85000610351562,7698.75,2621.800048828125,3274.800048828125,4625.60009765625,5960.60009765625,1210.5999755859375,2367.179931640625
2011-09-29,5015.4501953125,9653.2880859375,5746.14990234375,10069.4501953125,3605.199951171875,4539.7001953125,3006.06005859375,242.85000610351562,7783.2998046875,2615.199951171875,3264.0,4668.64990234375,6048.14990234375,1205.6099853515625,2384.7900390625
2011-09-30,4943.25,9468.189453125,5678.89990234375,9947.650390625,3549.6201171875,4520.9501953125,2921.389892578125,237.60000610351562,7735.75,2588.949951171875,3200.300048828125,4650.39990234375,5951.64990234375,1195.4000244140625,2348.60009765625
2011-10-03,4849.5,9185.7939453125,5588.10009765625,9774.349609375,3534.60009765625,4499.7001953125,2804.699951171875,224.8000030517578,7642.2001953125,2534.60009765625,3129.050048828125,4590.9501953125,5841.89990234375,1176.800048828125,2299.320068359375
2011-10-04,4772.14990234375,8913.24609375,5537.10009765625,9640.2001953125,3460.699951171875,4449.89990234375,2760.449951171875,222.85000610351562,7523.85009765625,2524.050048828125,3037.0,4569.5,5724.85009765625,1157.6500244140625,2271.889892578125
2011-10-05,4751.2998046875,8701.1982421875,5532.7998046875,9679.4501953125,3459.35009765625,4494.25,2745.300048828125,225.64999389648438,7501.60009765625,2521.800048828125,2962.39990234375,4535.10009765625,5669.0,1156.550048828125,2264.840087890625
2011-10-07,4888.0498046875,9038.14453125,5640.9501953125,9896.650390625,3535.75,4518.39990234375,2889.550048828125,234.60000610351562,7707.25,2558.89990234375,3020.39990234375,4610.5,5804.2998046875,1186.25,2325.570068359375
2011-10-10,4979.60009765625,9168.7939453125,5796.4501953125,9945.75,3615.949951171875,4503.7001953125,2943.699951171875,242.89999389648438,7930.0,2589.39990234375,3041.85009765625,4635.35009765625,5931.39990234375,1206.050048828125,2374.010009765625
2011-10-11,4974.35009765625,9178.5439453125,5637.9501953125,9934.150390625,3652.449951171875,4529.2998046875,2972.85009765625,242.5500030517578,7910.5498046875,2623.85009765625,3070.39990234375,4617.25,5913.25,1204.9000244140625,2382.580078125
2011-10-12,5099.39990234375,9482.189453125,5934.25,10124.2001953125,3705.89990234375,4567.2001953125,3037.75,249.64999389648438,8036.75,2660.699951171875,3198.300048828125,4694.2001953125,6088.5,1210.0999755859375,2422.409912109375
2011-10-13,5077.85009765625,9591.138671875,5978.5498046875,10062.599609375,3659.300048828125,4519.4501953125,3013.949951171875,250.39999389648438,7965.10009765625,2633.050048828125,3215.64990234375,4655.2998046875,6107.89990234375,1216.5999755859375,2397.52001953125
2011-10-14,5132.2998046875,9660.2880859375,6119.64990234375,10164.400390625,3693.39990234375,4537.89990234375,2987.89990234375,247.10000610351562,8077.39990234375,2645.75,3225.39990234375,4662.5498046875,6187.85009765625,1227.800048828125,2405.10009765625
2011-10-17,5118.25,9721.1865234375,6096.5,10208.25,3752.300048828125,4529.39990234375,2983.75,248.60000610351562,7894.7001953125,2612.64990234375,3221.14990234375,4702.7998046875,6189.89990234375,1227.5,2392.080078125
2011-10-18,5037.5,9583.7890625,5881.0,10118.7001953125,3689.300048828125,4504.39990234375,2941.10009765625,242.5500030517578,7812.64990234375,2572.35009765625,3173.5,4651.75,6083.0,1214.1500244140625,2367.97998046875
2011-10-19,5139.14990234375,9841.2353515625,5959.89990234375,10237.2001953125,3754.35009765625,4575.14990234375,2988.699951171875,250.89999389648438,7986.60009765625,2622.199951171875,3241.300048828125,4709.5,6197.5498046875,1222.75,2405.469970703125
2011-10-20,5091.89990234375,9746.287109375,5975.0,10143.099609375,3699.10009765625,4573.7998046875,2972.050048828125,244.75,7921.39990234375,2600.699951171875,3244.800048828125,4659.9501953125,6141.35009765625,1215.25,2385.889892578125
2011-10-21,5049.9501953125,9695.2373046875,5948.4501953125,10077.25,3692.14990234375,4568.10009765625,2932.85009765625,240.14999389648438,7884.75,2554.25,3231.550048828125,4628.2001953125,6092.64990234375,1202.949951171875,2362.719970703125
2011-10-24,5098.35009765625,9647.7373046875,6056.5,10215.900390625,3759.89990234375,4588.9501953125,2942.949951171875,242.89999389648438,8015.5498046875,2550.35009765625,3157.85009765625,4682.5,6138.0498046875,1195.75,2389.429931640625
2011-10-25,5191.60009765625,9511.4892578125,6217.2998046875,10369.5,3864.050048828125,4655.75,3004.800048828125,246.3000030517578,8207.349609375,2596.60009765625,3075.449951171875,4761.5498046875,6201.0498046875,1189.0999755859375,2438.679931640625
2011-10-28,5360.7001953125,9916.9345703125,6273.9501953125,10592.099609375,3983.85009765625,4772.4501953125,3220.050048828125,262.20001220703125,8392.2998046875,2691.800048828125,3200.75,4865.35009765625,6369.9501953125,1220.199951171875,2549.449951171875
2011-10-31,5326.60009765625,9989.5341796875,6278.7001953125,10670.0498046875,3944.050048828125,4735.60009765625,3157.14990234375,261.45001220703125,8230.900390625,2682.050048828125,3230.89990234375,4899.0,6386.89990234375,1244.5999755859375,2502.469970703125
2011-11-01,5257.9501953125,9822.1357421875,6214.10009765625,10577.5,3868.14990234375,4699.0498046875,3112.64990234375,256.04998779296875,8147.35009765625,2656.75,3252.050048828125,4932.5498046875,6315.2001953125,1228.25,2478.18994140625
2011-11-02,5258.4501953125,9780.9365234375,6220.10009765625,10604.599609375,3859.75,4733.0,3105.199951171875,255.1999969482422,8205.400390625,2646.449951171875,3254.199951171875,4938.60009765625,6297.75,1241.3499755859375,2485.699951171875
2011-11-03,5265.75,9782.38671875,6169.7998046875,10580.150390625,3848.5,4723.7998046875,3096.35009765625,260.1000061035156,8310.599609375,2678.75,3300.449951171875,4904.4501953125,6307.7001953125,1258.4000244140625,2495.35009765625
2011-11-04,5284.2001953125,9836.2353515625,6200.2001953125,10605.7001953125,3861.60009765625,4748.9501953125,3145.85009765625,262.5,8271.4501953125,2698.550048828125,3329.5,4926.2001953125,6332.25,1272.300048828125,2511.889892578125
2011-11-08,5289.35009765625,9852.435546875,6216.4501953125,10643.0,3859.10009765625,4699.4501953125,3148.75,258.70001220703125,8297.7001953125,2701.699951171875,3341.800048828125,4954.39990234375,6334.39990234375,1251.800048828125,2518.06005859375
2011-11-09,5221.0498046875,9592.5390625,6233.0498046875,10762.349609375,3791.300048828125,4631.35009765625,3062.800048828125,250.75,8127.60009765625,2665.550048828125,3200.14990234375,4900.2998046875,6258.75,1234.4000244140625,2463.4599609375
2011-11-11,5168.85009765625,9292.44140625,6168.85009765625,10744.5498046875,3819.0,4661.2001953125,2989.699951171875,244.3000030517578,8197.7998046875,2626.199951171875,3136.199951171875,4890.25,6139.64990234375,1217.9000244140625,2439.489990234375
2011-11-14,5148.35009765625,9274.892578125,6210.2998046875,10736.5,3738.85009765625,4697.64990234375,2922.550048828125,237.35000610351562,8126.10009765625,2614.64990234375,3084.35009765625,4882.89990234375,6150.5498046875,1195.300048828125,2400.179931640625
2011-11-15,5068.5,9085.5947265625,6175.10009765625,10599.400390625,3678.25,4679.4501953125,2866.39990234375,223.5,7984.2001953125,2549.199951171875,3027.800048828125,4772.85009765625,6051.2998046875,1174.3499755859375,2359.159912109375
2011-11-16,5030.4501953125,9061.4443359375,6111.10009765625,10646.099609375,3675.35009765625,4646.2998046875,2868.449951171875,224.35000610351562,7898.0,2496.5,3042.699951171875,4733.0498046875,6010.64990234375,1166.6500244140625,2347.010009765625
2011-11-17,4934.75,8930.796875,6065.10009765625,10492.75,3608.85009765625,4579.0,2806.300048828125,218.5500030517578,7640.9501953125,2448.10009765625,2999.800048828125,4654.75,5930.39990234375,1154.199951171875,2294.010009765625
2011-11-18,4905.7998046875,8850.1474609375,6017.7998046875,10306.349609375,3563.300048828125,4601.75,2768.89990234375,214.75,7635.2001953125,2445.64990234375,2959.050048828125,4637.7001953125,5904.0498046875,1161.75,2282.820068359375
2011-11-21,4778.35009765625,8554.05078125,5888.2998046875,10236.599609375,3476.10009765625,4549.14990234375,2671.85009765625,207.39999389648438,7429.64990234375,2393.89990234375,2883.449951171875,4555.2001953125,5736.39990234375,1124.5,2217.429931640625
2011-11-22,4812.35009765625,8611.6005859375,5987.2001953125,10104.9501953125,3515.5,4585.85009765625,2711.35009765625,208.0,7476.7001953125,2381.85009765625,2910.800048828125,4560.0,5784.75,1126.4000244140625,2238.050048828125
2011-11-23,4706.4501953125,8399.2021484375,5843.39990234375,9977.5,3465.35009765625,4545.5498046875,2659.0,204.35000610351562,7308.2001953125,2310.25,2864.25,4503.89990234375,5646.4501953125,1108.449951171875,2194.300048828125
2011-11-24,,,,9966.599609375,3539.89990234375,4613.10009765625,2667.39990234375,207.85000610351562,7373.89990234375,2354.949951171875,2892.60009765625,4561.60009765625,5712.75,1143.550048828125,2213.27001953125
2011-11-25,4710.0498046875,8488.5009765625,5797.4501953125,9909.400390625,3493.0,4594.75,2615.199951171875,209.64999389648438,7265.39990234375,2379.25,2929.050048828125,4501.64990234375,5659.85009765625,1149.0999755859375,2183.25
2011-11-28,4851.2998046875,8793.0478515625,5895.7998046875,10079.5498046875,3547.39990234375,4665.0,2745.199951171875,216.64999389648438,7493.14990234375,2436.550048828125,3046.5,4589.2001953125,5831.39990234375,1172.5,2265.219970703125
2011-11-29,4805.10009765625,8623.7998046875,5854.2001953125,10149.2001953125,3555.39990234375,4690.75,2706.800048828125,211.5,7361.9501953125,2407.449951171875,2986.0,4583.60009765625,5743.2998046875,1190.949951171875,2234.489990234375
2011-11-30,4832.0498046875,8564.0,5893.25,10271.400390625,3527.800048828125,4710.85009765625,2710.300048828125,210.10000610351562,7485.2998046875,2425.39990234375,2968.60009765625,4594.89990234375,5763.0498046875,1175.9000244140625,2250.3798828125
2011-12-01,4936.85009765625,8895.1962890625,5996.39990234375,10335.9501953125,3604.89990234375,4685.75,2818.89990234375,218.0500030517578,7622.7001953125,2436.89990234375,3046.75,4620.0498046875,5902.10009765625,1185.3499755859375,2307.389892578125
2011-12-02,5050.14990234375,9172.6435546875,6122.89990234375,10458.099609375,3686.800048828125,4744.60009765625,2894.050048828125,222.5,7778.2001953125,2499.64990234375,3127.75,4715.4501953125,6063.7001953125,1211.449951171875,2364.909912109375
2011-12-05,5039.14990234375,9173.6435546875,6129.7998046875,10401.599609375,3685.25,4715.89990234375,2865.300048828125,221.6999969482422,7766.25,2512.050048828125,3161.550048828125,4717.4501953125,6065.0,1218.5,2357.969970703125
2011-12-07,5062.60009765625,9176.1435546875,6223.0498046875,10459.5,3705.35009765625,4639.39990234375,2877.300048828125,223.10000610351562,7778.89990234375,2500.550048828125,3182.5,4726.35009765625,6091.0,1222.199951171875,2365.169921875
2011-12-08,4943.64990234375,8915.5966796875,6179.2998046875,10274.9501953125,3643.39990234375,4633.75,2786.85009765625,214.14999389648438,7552.0498046875,2407.949951171875,3090.0,4628.25,5971.85009765625,1198.5999755859375,2309.139892578125
2011-12-09,4866.7001953125,8810.9970703125,6135.25,10143.900390625,3561.300048828125,4606.25,2762.550048828125,211.0500030517578,7400.5498046875,2354.0,3083.300048828125,4563.2001953125,5895.9501953125,1174.0,2280.739990234375
2011-12-12,4764.60009765625,8543.30078125,6194.4501953125,10063.650390625,3466.300048828125,4571.5498046875,2652.050048828125,205.0500030517578,7185.7998046875,2282.550048828125,2965.39990234375,4493.25,5793.60009765625,1142.550048828125,2203.830078125
2011-12-13,4800.60009765625,8571.8505859375,6208.14990234375,10132.9501953125,3503.75,4595.9501953125,2710.050048828125,206.39999389648438,7285.4501953125,2285.199951171875,2960.75,4523.2001953125,5817.14990234375,1141.25,2231.02001953125
2011-12-14,4763.25,8532.900390625,6198.5,10162.150390625,3455.35009765625,4579.7001953125,2652.14990234375,201.6999969482422,7196.5498046875,2261.5,2952.800048828125,4498.0498046875,5768.7998046875,1150.5999755859375,2196.06005859375
2011-12-15,4746.35009765625,8445.0009765625,6160.64990234375,10211.0,3404.64990234375,4602.4501953125,2652.35009765625,201.1999969482422,7261.64990234375,2238.5,2901.949951171875,4486.0498046875,5740.35009765625,1144.4000244140625,2203.239990234375
2011-12-16,4651.60009765625,8171.8046875,6112.5498046875,10043.2001953125,3379.050048828125,4588.5498046875,2580.300048828125,194.25,7090.10009765625,2174.5,2813.199951171875,4428.89990234375,5630.75,1123.6500244140625,2157.330078125
2011-12-19,4613.10009765625,7920.65771484375,6043.60009765625,10094.900390625,3382.0,4553.9501953125,2562.300048828125,188.75,7139.64990234375,2131.35009765625,2712.5,4439.10009765625,5525.85009765625,1108.4000244140625,2151.77001953125
2011-12-20,4544.2001953125,7798.458984375,5989.9501953125,10126.5498046875,3304.800048828125,4512.9501953125,2470.60009765625,183.0,6995.89990234375,2054.64990234375,2602.89990234375,4407.5,5453.9501953125,1100.6500244140625,2096.860107421875
2011-12-21,4693.14990234375,8189.0546875,6131.25,10262.9501953125,3387.10009765625,4559.0,2535.25,185.3000030517578,7277.64990234375,2116.449951171875,2675.199951171875,4522.0,5664.39990234375,1106.8499755859375,2160.18994140625
2011-12-22,4733.85009765625,8384.552734375,6076.5498046875,10358.25,3434.60009765625,4581.39990234375,2545.14990234375,191.4499969482422,7361.64990234375,2133.449951171875,2737.699951171875,4554.64990234375,5713.60009765625,1119.5999755859375,2178.5400390625
2011-12-23,4714.0,8296.353515625,6058.60009765625,10370.5498046875,3446.64990234375,4561.2001953125,2529.199951171875,191.6999969482422,7282.25,2126.14990234375,2690.199951171875,4568.7998046875,5668.14990234375,1128.050048828125,2164.409912109375
2011-12-26,,,,10447.150390625,3480.699951171875,4552.75,2563.800048828125,194.75,7371.9501953125,2165.60009765625,2710.39990234375,4613.75,5757.64990234375,1133.25,2189.280029296875
2011-12-27,4750.5,8275.404296875,6168.64990234375,10429.7001953125,3456.300048828125,4540.25,2525.64990234375,191.1999969482422,7316.39990234375,2154.449951171875,2672.699951171875,4608.0498046875,5718.25,1131.0,2174.919921875
2011-12-28,4705.7998046875,8111.3056640625,6167.2001953125,10304.25,3413.10009765625,4551.14990234375,2478.89990234375,189.60000610351562,7252.4501953125,2162.14990234375,2603.85009765625,4555.9501953125,5672.75,1122.25,2149.820068359375
2011-12-29,4646.25,8027.306640625,6111.7001953125,10244.9501953125,3400.5,4549.5498046875,2486.25,185.9499969482422,7057.5,2122.35009765625,2624.64990234375,4518.4501953125,5611.7998046875,1110.699951171875,2127.14990234375
2011-12-30,4624.2998046875,7968.55712890625,6139.0,10217.150390625,3390.550048828125,4576.25,2464.60009765625,184.1999969482422,6968.10009765625,2124.89990234375,2612.050048828125,4517.4501953125,5600.9501953125,1114.300048828125,2113.85009765625
2012-01-02,,,,10103.9501953125,3356.10009765625,4567.60009765625,2495.10009765625,183.10000610351562,7037.0498046875,2126.199951171875,2619.39990234375,4507.9501953125,5629.2998046875,1109.3499755859375,2121.639892578125
2012-01-03,4765.2998046875,8340.203125,6356.14990234375,10215.7001953125,3414.050048828125,4634.5,2618.64990234375,191.4499969482422,7197.10009765625,2208.0,2746.449951171875,4600.14990234375,5807.7001953125,1140.300048828125,2186.679931640625
2012-01-04,4749.64990234375,8408.302734375,6325.10009765625,10151.5,3386.10009765625,4655.75,2626.64990234375,190.8000030517578,7165.75,2203.300048828125,2746.300048828125,4554.85009765625,5801.64990234375,1129.3499755859375,2177.800048828125
2012-01-05,4749.9501953125,8454.8017578125,6301.5498046875,10130.7998046875,3426.75,4648.5498046875,2610.10009765625,187.25,7054.39990234375,2212.39990234375,2750.0,4559.5498046875,5816.9501953125,1124.449951171875,2164.72998046875
2012-01-06,4754.10009765625,8488.1513671875,6281.10009765625,10206.75,3416.0,4658.60009765625,2601.949951171875,185.85000610351562,7114.60009765625,2185.60009765625,2733.35009765625,4579.0,5804.60009765625,1114.9000244140625,2164.070068359375
2012-01-09,4742.7998046875,8481.2509765625,6287.89990234375,10183.2001953125,3395.85009765625,4699.39990234375,2603.89990234375,190.25,7074.75,2199.949951171875,2721.39990234375,4575.0498046875,5793.35009765625,1116.0999755859375,2168.5
2012-01-10,4849.5498046875,8734.9482421875,6331.75,10298.0,3493.550048828125,4747.2998046875,2686.35009765625,199.75,7263.4501953125,2265.10009765625,2825.14990234375,4629.9501953125,5912.0,1123.949951171875,2219.68994140625
2012-01-11,4860.9501953125,8839.59765625,6249.2998046875,10241.150390625,3503.949951171875,4756.75,2748.5,208.9499969482422,7315.25,2273.699951171875,2860.89990234375,4654.75,5908.9501953125,1135.550048828125,2219.68994140625
2012-01-12,4831.25,8930.146484375,5872.75,10314.0,3529.85009765625,4755.0498046875,2780.949951171875,209.35000610351562,7275.0498046875,2280.300048828125,2911.699951171875,4689.10009765625,5840.4501953125,1161.75,2241.47998046875
2012-01-13,4866.0,8974.9453125,5872.60009765625,10354.75,3531.699951171875,4752.0498046875,2872.300048828125,213.75,7293.0498046875,2343.14990234375,2918.89990234375,4704.85009765625,5870.25,1179.5,2298.64990234375
2012-01-16,4873.89990234375,8940.146484375,5990.2998046875,10415.599609375,3557.800048828125,4708.14990234375,2882.39990234375,212.60000610351562,7165.75,2366.85009765625,2942.050048828125,4729.9501953125,5890.9501953125,1185.449951171875,2288.530029296875
2012-01-17,4967.2998046875,9056.5947265625,6041.0,10483.0498046875,3643.14990234375,4745.2001953125,2984.89990234375,220.35000610351562,7369.2001953125,2435.050048828125,3006.25,4867.0,5952.89990234375,1175.3499755859375,2288.530029296875
2012-01-18,4955.7998046875,9023.2958984375,5912.0,10465.400390625,3600.14990234375,4742.35009765625,2927.050048828125,222.0500030517578,7558.7998046875,2402.199951171875,2995.550048828125,4818.7001953125,5911.7998046875,1164.1500244140625,2351.25
2012-01-19,5018.39990234375,9199.2939453125,5893.2001953125,10451.150390625,3637.5,4813.5498046875,3006.85009765625,229.89999389648438,7672.7998046875,2448.64990234375,3025.050048828125,4880.2998046875,5990.5,1172.800048828125,2410.699951171875
2012-01-20,5048.60009765625,9516.7392578125,5897.9501953125,10211.650390625,3664.199951171875,4790.9501953125,3002.449951171875,231.6999969482422,7752.35009765625,2466.89990234375,3122.89990234375,4866.2001953125,6081.60009765625,1155.4000244140625,
2012-01-23,5046.25,9520.189453125,5910.5498046875,10315.7998046875,3677.949951171875,4782.25,2936.14990234375,233.64999389648438,7644.7001953125,2488.199951171875,3143.85009765625,4879.35009765625,6097.14990234375,1152.199951171875,2391.77001953125
2012-01-24,5127.35009765625,9833.8857421875,5964.25,10331.349609375,3730.449951171875,4791.60009765625,2985.60009765625,236.5,7721.14990234375,2554.449951171875,3303.199951171875,4908.75,6221.25,1158.699951171875,2391.77001953125
2012-01-25,5158.2998046875,9856.4853515625,6038.10009765625,10389.4501953125,3775.39990234375,4806.75,3042.35009765625,236.0,7745.5,2558.199951171875,3309.199951171875,4948.35009765625,6269.7001953125,1193.550048828125,2442.909912109375
2012-01-27,5204.7001953125,9813.5361328125,6136.2998046875,10257.849609375,3818.550048828125,4824.14990234375,3101.64990234375,230.25,7931.4501953125,2599.050048828125,3278.60009765625,5001.4501953125,6297.89990234375,1222.050048828125,2484.669921875
2012-01-30,5087.2998046875,9536.98828125,6103.7998046875,10188.75,3749.75,4823.5498046875,3008.300048828125,223.0500030517578,7750.14990234375,2482.699951171875,3196.85009765625,4899.2998046875,6166.60009765625,1196.050048828125,2428.080078125
2012-01-31,5199.25,9919.3349609375,6193.85009765625,10327.7001953125,3836.5,4890.35009765625,3073.800048828125,231.4499969482422,7890.0498046875,2530.550048828125,3286.89990234375,4919.85009765625,6332.75,1223.949951171875,2467.800048828125
2012-02-01,5235.7001953125,9948.984375,6192.39990234375,10326.099609375,3910.0,4888.2001953125,3164.64990234375,233.64999389648438,7959.75,2563.0,3314.75,4995.10009765625,6340.64990234375,1249.8499755859375,2510.820068359375
2012-02-02,5269.89990234375,9991.93359375,6280.5498046875,10309.150390625,3922.5,4832.0,3215.300048828125,235.85000610351562,7993.39990234375,2614.699951171875,3326.60009765625,5072.9501953125,6400.2001953125,1247.5,2538.550048828125
2012-02-03,5325.85009765625,10133.5322265625,6339.9501953125,10466.099609375,3944.39990234375,4906.35009765625,3179.25,240.4499969482422,8098.75,2628.60009765625,3365.39990234375,5137.35009765625,6482.64990234375,1255.6500244140625,2550.27001953125
2012-02-06,5361.64990234375,10269.130859375,6370.89990234375,10451.7998046875,3985.300048828125,4904.5498046875,3222.85009765625,250.4499969482422,8078.89990234375,2654.0,3453.800048828125,5151.4501953125,6530.75,1265.3499755859375,2579.659912109375
2012-02-07,5335.14990234375,10324.4794921875,6308.5498046875,10484.099609375,3940.949951171875,4902.14990234375,3171.550048828125,244.5,8120.75,2590.25,3455.10009765625,5111.2998046875,6485.64990234375,1259.449951171875,2565.31005859375
2012-02-08,5368.14990234375,10319.9794921875,6414.64990234375,10498.5498046875,3969.14990234375,4892.85009765625,3222.949951171875,251.75,8217.5,2588.800048828125,3506.199951171875,5169.14990234375,6519.7001953125,1258.050048828125,2599.72998046875
2012-02-09,5412.35009765625,10507.4775390625,6492.5498046875,10528.5498046875,4040.800048828125,4882.14990234375,3286.89990234375,256.6499938964844,8240.5,2599.949951171875,3537.25,5231.35009765625,6599.35009765625,1272.5999755859375,2627.260009765625
2012-02-10,5381.60009765625,10442.529296875,6484.35009765625,10496.150390625,4031.199951171875,4837.9501953125,3310.5,254.35000610351562,8170.0498046875,2589.449951171875,3537.800048828125,5188.4501953125,6563.4501953125,1296.9000244140625,2623.429931640625
2012-02-13,5390.2001953125,10473.4775390625,6461.14990234375,10479.5498046875,4068.64990234375,4847.2001953125,3346.85009765625,254.5,8194.7998046875,2578.550048828125,3504.39990234375,5212.9501953125,6566.2998046875,1284.800048828125,2633.31005859375
2012-02-14,5416.0498046875,10556.52734375,6465.7001953125,10485.4501953125,4154.2001953125,4795.9501953125,3358.449951171875,260.3999938964844,8167.4501953125,2605.300048828125,3598.699951171875,5229.25,6591.5,1297.25,2636.60009765625
2012-02-15,5531.9501953125,10930.5732421875,6575.39990234375,10505.2998046875,4293.9501953125,4835.4501953125,3429.35009765625,272.70001220703125,8195.9501953125,2707.949951171875,3690.449951171875,5287.14990234375,6775.25,1335.6500244140625,2686.60009765625
2012-02-16,5521.9501953125,10921.7734375,6621.9501953125,10499.5,4296.4501953125,4832.75,3367.5,277.75,8111.14990234375,2722.35009765625,3768.0,5290.9501953125,6799.4501953125,1323.5999755859375,2676.5
2012-02-17,5564.2998046875,11074.771484375,6703.0498046875,10545.5498046875,4277.9501953125,4833.9501953125,3369.39990234375,280.75,8173.0498046875,2753.64990234375,3842.39990234375,5297.64990234375,6869.7001953125,1304.25,2691.239990234375
2012-02-21,5607.14990234375,11170.2705078125,6703.89990234375,10589.099609375,4290.4501953125,4841.89990234375,3398.449951171875,293.8500061035156,8318.2998046875,2782.800048828125,3887.199951171875,5272.2998046875,6901.7998046875,1305.4000244140625,2711.8701171875
2012-02-22,5505.35009765625,10747.025390625,6718.7001953125,10528.0498046875,4229.2998046875,4804.0498046875,3248.39990234375,273.29998779296875,8220.7998046875,2693.550048828125,3615.14990234375,5157.89990234375,6741.39990234375,1258.449951171875,2630.320068359375
2012-02-23,5483.2998046875,10713.224609375,6704.5,10604.4501953125,4189.25,4794.7001953125,3211.699951171875,266.6499938964844,8270.7001953125,2675.25,3598.64990234375,5148.35009765625,6720.60009765625,1240.300048828125,2613.679931640625
2012-02-24,5429.2998046875,10506.677734375,6747.2001953125,10629.5,4169.85009765625,4781.10009765625,3247.10009765625,259.75,8160.85009765625,2638.85009765625,3528.25,5169.2001953125,6647.35009765625,1261.300048828125,2605.010009765625
2012-02-27,5281.2001953125,10103.8330078125,6608.89990234375,10654.900390625,4034.10009765625,4771.2998046875,3083.199951171875,245.5,7899.0,2554.25,3356.60009765625,5069.14990234375,6452.7998046875,1204.699951171875,2517.75
2012-02-28,5375.5,10483.8779296875,6572.4501953125,10642.75,4160.0498046875,4815.35009765625,3189.39990234375,260.70001220703125,7994.25,2635.10009765625,3548.0,5135.39990234375,6575.5498046875,1224.699951171875,2574.199951171875
2012-02-29,5385.2001953125,10414.0791015625,6606.85009765625,10560.2998046875,4159.39990234375,4811.7001953125,3236.64990234375,263.79998779296875,8182.85009765625,2627.89990234375,3563.699951171875,5138.25,6570.2001953125,1235.5,2613.39990234375
2012-03-01,5339.75,10288.78125,6553.2001953125,10517.5498046875,4115.7001953125,4827.25,3205.699951171875,254.35000610351562,8110.14990234375,2604.5,3534.949951171875,5184.4501953125,6521.39990234375,1249.300048828125,2599.25
2012-03-02,5359.35009765625,10434.1787109375,6532.39990234375,10482.2001953125,4114.60009765625,4873.4501953125,3210.14990234375,248.5500030517578,8092.64990234375,2618.300048828125,3569.89990234375,5179.5,6567.5,1276.699951171875,2596.550048828125
2012-03-05,5280.35009765625,10178.7314453125,6471.39990234375,10494.5498046875,4089.800048828125,4835.75,3107.75,239.0500030517578,7993.14990234375,2579.050048828125,3482.35009765625,5108.0,6465.9501953125,1279.5,2557.0
2012-03-06,5222.39990234375,10058.033203125,6511.7001953125,10574.900390625,4066.89990234375,4823.0,2981.10009765625,236.60000610351562,7840.0498046875,2513.300048828125,3438.199951171875,5058.64990234375,6408.2998046875,1263.1500244140625,2491.75
2012-03-07,5220.4501953125,10132.7314453125,6563.25,10580.5,4071.949951171875,4846.39990234375,2939.14990234375,239.25,7726.39990234375,2506.949951171875,3433.14990234375,5032.5,6433.25,1259.3499755859375,2469.449951171875
2012-03-09,5333.5498046875,10505.5283203125,6558.4501953125,10561.599609375,4165.0,4889.35009765625,3090.5,246.4499969482422,7838.35009765625,2573.10009765625,3559.449951171875,5123.25,6580.7001953125,1267.3499755859375,2541.800048828125
2012-03-12,5359.5498046875,10625.52734375,6492.7001953125,10570.7001953125,4193.89990234375,4872.64990234375,3121.949951171875,249.1999969482422,7928.7001953125,2611.64990234375,3654.60009765625,5126.14990234375,6593.0,1254.6500244140625,2555.550048828125
2012-03-13,5429.5,10686.076171875,6546.75,10692.599609375,4194.35009765625,4902.35009765625,3213.949951171875,254.89999389648438,8111.14990234375,2645.050048828125,3670.64990234375,5205.9501953125,6649.35009765625,1271.5999755859375,2611.64990234375
2012-03-14,5463.89990234375,10889.5732421875,6515.2001953125,10784.0,4237.25,4911.39990234375,3212.10009765625,252.5500030517578,8150.85009765625,2673.550048828125,3752.10009765625,5215.10009765625,6698.64990234375,1275.800048828125,2621.89990234375
2012-03-15,5380.5,10594.876953125,6519.0,10692.099609375,4209.0,4893.7001953125,3170.85009765625,245.25,8012.89990234375,2619.25,3646.10009765625,5194.4501953125,6583.4501953125,1247.9000244140625,2589.949951171875
2012-03-16,5317.89990234375,10391.228515625,6501.25,10894.599609375,4215.39990234375,4805.10009765625,3106.449951171875,242.0,7746.5498046875,2556.25,3528.25,5144.7998046875,6505.0,1210.1500244140625,2531.60009765625
2012-03-19,5257.0498046875,10188.7314453125,6404.39990234375,11020.400390625,4197.0498046875,4810.35009765625,3082.550048828125,235.64999389648438,7645.5,2506.64990234375,3417.050048828125,5147.25,6382.75,1200.5,2506.64990234375
2012-03-20,5274.85009765625,10281.48046875,6423.39990234375,11136.849609375,4132.10009765625,4865.7998046875,3083.75,239.10000610351562,7691.39990234375,2510.0,3470.64990234375,5185.4501953125,6418.89990234375,1202.050048828125,2516.64990234375
2012-03-21,5364.9501953125,10524.328125,6523.89990234375,11241.599609375,4192.2001953125,4909.4501953125,3141.949951171875,247.8000030517578,7750.14990234375,2580.949951171875,3547.35009765625,5249.75,6552.0498046875,1225.6500244140625,2551.35009765625
2012-03-22,5228.4501953125,10173.431640625,6437.14990234375,11053.400390625,4118.75,4845.5,3033.949951171875,237.0500030517578,7511.2001953125,2489.449951171875,3421.25,5133.75,6384.2998046875,1211.050048828125,2472.10009765625
2012-03-23,5278.2001953125,10294.4296875,6532.14990234375,11165.900390625,4147.75,4878.7001953125,3018.39990234375,240.75,7562.25,2520.800048828125,3452.35009765625,5174.64990234375,6463.75,1224.25,2477.050048828125
2012-03-26,5184.25,10043.3828125,6436.75,11165.349609375,4093.0,4836.5,2954.25,232.10000610351562,7396.85009765625,2469.64990234375,3362.0,5121.0498046875,6325.60009765625,1208.25,2419.75
2012-03-27,5243.14990234375,10148.7314453125,6507.2998046875,11359.7998046875,4106.9501953125,4883.64990234375,2996.35009765625,235.75,7424.5498046875,2491.75,3390.85009765625,5182.60009765625,6406.2001953125,1216.800048828125,2436.25
2012-03-28,5194.75,9960.2841796875,6450.64990234375,11371.150390625,4083.949951171875,4898.25,2967.14990234375,231.64999389648438,7335.14990234375,2473.050048828125,3324.949951171875,5161.85009765625,6320.75,1196.1500244140625,2405.550048828125
2012-03-29,5178.85009765625,9927.53515625,6366.35009765625,11292.0,4105.9501953125,4923.64990234375,2974.25,232.10000610351562,7352.5,2454.300048828125,3301.800048828125,5149.2001953125,6292.7001953125,1222.8499755859375,2413.699951171875
2012-03-30,5295.5498046875,10212.630859375,6516.0,11426.0498046875,4207.0,5036.60009765625,3054.75,239.0500030517578,7557.2001953125,2509.14990234375,3385.10009765625,5258.60009765625,6442.89990234375,1232.25,2473.550048828125
2012-04-02,5317.89990234375,10305.2294921875,6548.0,11438.7001953125,4216.2998046875,5028.2001953125,3042.25,243.10000610351562,7542.39990234375,2547.75,3417.0,5235.10009765625,6502.25,1259.75,2472.85009765625
2012-04-03,5358.5,10432.478515625,6550.89990234375,11461.0,4209.9501953125,5002.4501953125,3092.14990234375,245.1999969482422,7658.64990234375,2576.75,3459.050048828125,5269.64990234375,6551.39990234375,1290.800048828125,2507.699951171875
2012-04-04,5322.89990234375,10339.9794921875,6539.89990234375,11431.349609375,4188.7998046875,4991.85009765625,3059.85009765625,241.5500030517578,7620.2998046875,2561.050048828125,3455.449951171875,5227.9501953125,6503.60009765625,1276.5999755859375,2492.39990234375
2012-04-09,5234.39990234375,10131.4814453125,6466.64990234375,11377.349609375,4139.35009765625,5024.5,2954.25,239.8000030517578,7505.5498046875,2500.75,3371.800048828125,5174.5498046875,6387.35009765625,1242.9000244140625,2428.949951171875
2012-04-10,5243.60009765625,10195.931640625,6396.25,11578.25,4184.10009765625,5020.4501953125,2926.64990234375,240.10000610351562,7499.60009765625,2496.5,3414.39990234375,5201.7998046875,6394.75,1227.8499755859375,2417.60009765625
2012-04-11,5226.85009765625,10214.130859375,6413.7998046875,11590.2001953125,4168.2998046875,5053.4501953125,2886.39990234375,238.0500030517578,7439.39990234375,2470.75,3412.64990234375,5160.60009765625,6394.4501953125,1213.0999755859375,2385.64990234375
2012-04-12,5276.85009765625,10400.5791015625,6343.85009765625,11764.5498046875,4214.89990234375,5047.85009765625,2959.75,238.64999389648438,7491.5498046875,2489.60009765625,3494.699951171875,5239.9501953125,6434.39990234375,1208.8499755859375,2415.85009765625
2012-04-13,5207.4501953125,10306.1298828125,5782.85009765625,11822.400390625,4229.75,5116.85009765625,2945.550048828125,235.8000030517578,7528.64990234375,2477.449951171875,3459.949951171875,5252.64990234375,6243.85009765625,1199.199951171875,2413.699951171875
2012-04-16,5226.2001953125,10432.5791015625,5751.10009765625,11955.5498046875,4284.9501953125,5115.7998046875,2952.800048828125,238.4499969482422,7501.4501953125,2481.10009765625,3528.5,5247.7998046875,6254.64990234375,1202.1500244140625,2407.699951171875
2012-04-17,5289.7001953125,10519.427734375,5801.7001953125,12125.849609375,4325.9501953125,5127.25,3010.35009765625,244.3000030517578,7579.14990234375,2527.949951171875,3562.75,5288.85009765625,6323.2001953125,1212.5999755859375,2449.10009765625
2012-04-18,5300.0,10512.328125,5815.0,12041.7001953125,4389.60009765625,5166.35009765625,3038.60009765625,241.6999969482422,7632.35009765625,2522.050048828125,3539.449951171875,5327.2998046875,6318.0,1223.449951171875,2473.300048828125
2012-04-19,5332.39990234375,10567.77734375,5861.75,12155.849609375,4471.2998046875,5216.35009765625,3060.39990234375,240.35000610351562,7602.35009765625,2509.800048828125,3504.699951171875,5360.10009765625,6356.5498046875,1223.3499755859375,2475.0
2012-04-20,5290.85009765625,10456.37890625,5849.4501953125,12175.0498046875,4472.39990234375,5195.2998046875,3033.199951171875,236.5,7499.7001953125,2473.0,3476.550048828125,5331.0498046875,6303.39990234375,1209.0,2445.699951171875
2012-04-23,5200.60009765625,10243.03125,5680.14990234375,12057.849609375,4396.2998046875,5177.7001953125,2941.0,228.85000610351562,7470.14990234375,2397.550048828125,3385.449951171875,5234.4501953125,6166.7001953125,1192.0999755859375,2399.85009765625
2012-04-24,5222.64990234375,10215.03125,5928.39990234375,12098.2998046875,4395.64990234375,5149.0498046875,2962.449951171875,229.35000610351562,7482.4501953125,2379.449951171875,3391.550048828125,5232.9501953125,6227.10009765625,1191.949951171875,2398.5
2012-04-25,5202.0,10159.7314453125,5850.7001953125,12152.7001953125,4416.4501953125,5160.85009765625,2949.85009765625,226.39999389648438,7442.5498046875,2377.0,3352.949951171875,5242.0,6176.5498046875,1189.0,2387.35009765625
2012-04-26,5189.0,10127.8818359375,5871.89990234375,12215.150390625,4377.0498046875,5130.89990234375,2947.949951171875,224.39999389648438,7409.75,2348.5,3312.300048828125,5186.89990234375,6147.10009765625,1185.699951171875,2370.75
2012-04-27,5190.60009765625,10148.58203125,5940.35009765625,12115.650390625,4384.39990234375,5137.60009765625,2922.800048828125,221.8000030517578,7402.75,2341.449951171875,3264.75,5182.89990234375,6170.0,1186.1500244140625,2358.800048828125
2012-04-30,5248.14990234375,10276.6806640625,6085.39990234375,12139.849609375,4433.14990234375,5155.39990234375,2970.25,226.6999969482422,7503.2998046875,2362.800048828125,3313.449951171875,5213.7001953125,6261.5498046875,1199.5,2399.64990234375
2012-05-02,5239.14990234375,10306.4794921875,6124.89990234375,12168.5498046875,4356.89990234375,5163.4501953125,2957.0,226.1999969482422,7441.85009765625,2351.25,3319.699951171875,5218.14990234375,6278.5,1219.6500244140625,2379.10009765625
2012-05-03,5188.39990234375,10126.431640625,6161.10009765625,12115.5498046875,4250.39990234375,5151.89990234375,2902.14990234375,222.4499969482422,7376.7998046875,2325.050048828125,3233.39990234375,5218.25,6217.7001953125,1207.550048828125,2349.5
2012-05-04,5086.85009765625,9802.2353515625,6100.35009765625,11990.650390625,4174.64990234375,5184.5,2828.5,216.8000030517578,7246.85009765625,2260.699951171875,3112.39990234375,5145.35009765625,6088.14990234375,1193.9000244140625,2295.949951171875
2012-05-07,5114.14990234375,9876.234375,6089.2001953125,11879.400390625,4228.89990234375,5161.25,2871.800048828125,217.5500030517578,7225.2001953125,2318.949951171875,3136.949951171875,5163.2001953125,6121.0,1200.9000244140625,2328.199951171875
2012-05-08,4999.9501953125,9588.638671875,5901.4501953125,11580.5,4142.25,5112.0,2825.199951171875,213.9499969482422,7153.10009765625,2252.60009765625,3043.25,5109.14990234375,5967.5498046875,1184.0999755859375,2296.10009765625
2012-05-09,4974.7998046875,9404.6904296875,5898.7998046875,11944.9501953125,4105.39990234375,5113.75,2767.5,207.8000030517578,7044.60009765625,2220.64990234375,2936.050048828125,5099.64990234375,5898.39990234375,1172.8499755859375,2257.449951171875
2012-05-10,4965.7001953125,9410.791015625,5890.0,11940.099609375,4072.75,5090.0,2733.550048828125,207.10000610351562,7058.2998046875,2215.050048828125,2905.5,5085.4501953125,5896.39990234375,1162.0,2255.10009765625
2012-05-11,4928.89990234375,9397.990234375,5830.7998046875,11769.400390625,4094.10009765625,4970.64990234375,2700.89990234375,206.5500030517578,7006.0498046875,2191.85009765625,2914.10009765625,5045.7001953125,5859.35009765625,1152.6500244140625,2221.199951171875
2012-05-14,4907.7998046875,9257.54296875,5855.85009765625,11795.5498046875,4073.5,5047.25,2686.60009765625,202.89999389648438,6911.2998046875,2189.300048828125,2869.300048828125,5049.9501953125,5827.0,1147.949951171875,2206.60009765625
2012-05-15,4942.7998046875,9319.591796875,5956.2998046875,11701.099609375,4076.050048828125,5087.5498046875,2741.199951171875,204.85000610351562,6915.25,2224.199951171875,2897.85009765625,5078.0,5868.2998046875,1144.9000244140625,2228.0
2012-05-16,4858.25,9164.1435546875,5870.25,11564.849609375,3973.800048828125,5048.75,2665.35009765625,203.5500030517578,6875.7998046875,2183.5,2844.800048828125,5043.0498046875,5758.85009765625,1138.800048828125,2194.800048828125
2012-05-17,4870.2001953125,9154.09375,5869.10009765625,11794.599609375,3952.550048828125,5033.60009765625,2675.800048828125,205.3000030517578,6905.75,2160.550048828125,2862.800048828125,5065.10009765625,5774.2001953125,1146.75,2200.699951171875
2012-05-18,4891.4501953125,9310.1416015625,5865.4501953125,11935.650390625,3875.85009765625,5022.0498046875,2687.25,205.39999389648438,6949.10009765625,2155.199951171875,2940.550048828125,5054.75,5818.7998046875,1139.050048828125,2205.449951171875
2012-05-21,,,,11764.599609375,3903.10009765625,5052.7001953125,2704.85009765625,209.75,6993.2998046875,2187.949951171875,3013.10009765625,5042.25,5841.75,1134.4000244140625,2219.60009765625
2012-05-22,4860.5,9268.6923828125,5822.4501953125,11677.0498046875,3878.050048828125,5017.2001953125,2654.5,207.0500030517578,6923.25,2147.449951171875,2948.449951171875,4957.25,5793.0498046875,1130.699951171875,2185.449951171875
2012-05-23,4835.64990234375,9209.79296875,5832.14990234375,11666.5,3853.699951171875,5016.89990234375,2630.949951171875,204.85000610351562,6894.2001953125,2116.14990234375,2942.25,4941.89990234375,5761.2001953125,1128.25,2168.25
2012-05-24,4921.39990234375,9437.490234375,5886.10009765625,11714.0498046875,3893.300048828125,5049.25,2667.75,206.4499969482422,7016.25,2155.550048828125,2980.64990234375,4963.2001953125,5892.89990234375,1134.199951171875,2200.60009765625
2012-05-25,4920.39990234375,9456.189453125,5879.85009765625,11668.7001953125,3884.14990234375,5041.2001953125,2690.550048828125,208.14999389648438,7010.39990234375,2174.14990234375,3014.0,4973.64990234375,5893.35009765625,1137.699951171875,2210.199951171875
2012-05-28,4985.64990234375,9698.1875,5916.2998046875,11783.349609375,3946.89990234375,5064.25,2716.699951171875,210.60000610351562,7062.5,2215.39990234375,3122.800048828125,4997.39990234375,5988.2001953125,1141.75,2231.699951171875
2012-05-29,4990.10009765625,9707.986328125,5983.25,11661.150390625,3958.85009765625,5051.89990234375,2731.60009765625,212.10000610351562,7087.5498046875,2212.85009765625,3136.25,5004.0498046875,6004.85009765625,1138.5,2236.60009765625
2012-05-30,4950.75,9533.939453125,6012.35009765625,11668.25,3814.14990234375,5047.5498046875,2706.10009765625,206.3000030517578,7066.89990234375,2191.39990234375,3079.14990234375,5011.5,5958.4501953125,1138.9000244140625,2224.699951171875
2012-05-31,4924.25,9440.890625,6008.7998046875,11646.150390625,3739.75,5047.64990234375,2698.550048828125,208.0,7073.5498046875,2186.449951171875,3082.699951171875,5008.35009765625,5935.7998046875,1151.8499755859375,2221.300048828125
2012-06-01,4841.60009765625,9267.4921875,5902.75,11687.400390625,3670.800048828125,4978.2001953125,2654.64990234375,204.64999389648438,6915.10009765625,2141.199951171875,3014.64990234375,4883.60009765625,5833.25,1113.949951171875,2183.050048828125
2012-06-04,4848.14990234375,9362.19140625,5884.0,11502.599609375,3695.25,4942.75,2635.5,208.3000030517578,6960.5,2152.300048828125,3044.85009765625,4835.9501953125,5836.10009765625,1108.300048828125,2178.699951171875
2012-06-05,4863.2998046875,9460.0400390625,5904.89990234375,11377.9501953125,3685.5,4954.25,2626.800048828125,205.89999389648438,7021.89990234375,2169.75,3099.050048828125,4817.85009765625,5873.60009765625,1116.949951171875,2181.10009765625
2012-06-06,4997.10009765625,9742.6865234375,5999.25,11720.650390625,3821.550048828125,5007.2998046875,2705.64990234375,211.35000610351562,7181.0,2251.75,3202.699951171875,4932.35009765625,6019.85009765625,1145.6500244140625,2239.050048828125
2012-06-07,5049.64990234375,9950.78515625,6021.7998046875,11813.0,3871.449951171875,5017.14990234375,2739.64990234375,215.85000610351562,7228.7001953125,2276.89990234375,3216.35009765625,4987.35009765625,6098.25,1172.800048828125,2258.550048828125
2012-06-08,5068.35009765625,9998.7333984375,5975.5,11909.9501953125,3872.75,5024.14990234375,2752.050048828125,219.5,7255.0,2306.25,3248.60009765625,5017.85009765625,6104.35009765625,1181.5,2265.25
2012-06-11,5054.10009765625,9969.083984375,5965.4501953125,11944.25,3846.699951171875,4947.85009765625,2749.60009765625,217.39999389648438,7217.85009765625,2291.85009765625,3219.85009765625,5016.25,6099.2998046875,1177.3499755859375,2264.550048828125
2012-06-12,5115.89990234375,10139.08203125,6017.9501953125,12030.599609375,3914.300048828125,4936.4501953125,2780.25,221.8000030517578,7270.85009765625,2326.35009765625,3298.050048828125,5059.89990234375,6172.89990234375,1183.3499755859375,2296.39990234375
2012-06-13,5121.4501953125,10128.0322265625,6040.7998046875,12177.4501953125,3851.699951171875,4960.35009765625,2770.050048828125,218.4499969482422,7254.0,2334.39990234375,3311.949951171875,5106.5498046875,6169.2001953125,1170.75,2292.25
2012-06-14,5054.75,9836.8359375,6065.25,12137.0,3778.949951171875,4937.5,2737.39990234375,212.10000610351562,7206.2998046875,2275.699951171875,3198.64990234375,5060.89990234375,6067.5,1173.25,2271.35009765625
2012-06-15,5139.0498046875,10064.6826171875,6134.4501953125,12289.7998046875,3876.699951171875,4985.9501953125,2775.85009765625,216.14999389648438,7267.5,2311.949951171875,3250.10009765625,5109.60009765625,6165.4501953125,1181.25,2306.14990234375
2012-06-18,5064.25,9749.787109375,6082.0,12094.599609375,3850.0,4947.0,2750.699951171875,210.0,7202.85009765625,2288.10009765625,3125.5,5055.25,6043.10009765625,1173.5,2283.300048828125
2012-06-19,5103.85009765625,9786.3369140625,6069.14990234375,12274.2001953125,3850.39990234375,5004.4501953125,2748.300048828125,210.35000610351562,7328.39990234375,2300.75,3126.10009765625,5072.14990234375,6064.5498046875,1176.3499755859375,2296.199951171875
2012-06-20,5120.5498046875,9831.685546875,6051.4501953125,12245.9501953125,3889.5,5065.7998046875,2778.25,210.10000610351562,7375.10009765625,2316.64990234375,3157.25,5136.0498046875,6067.7998046875,1187.800048828125,2320.85009765625
2012-06-21,5165.0,10033.5341796875,6043.35009765625,12435.9501953125,3917.85009765625,5081.14990234375,2798.85009765625,216.8000030517578,7323.64990234375,2358.60009765625,3228.60009765625,5156.14990234375,6139.14990234375,1195.050048828125,2330.89990234375
2012-06-22,5146.0498046875,10038.2333984375,6028.5498046875,12395.7998046875,3920.800048828125,5075.2998046875,2755.89990234375,217.5500030517578,7319.5498046875,2347.449951171875,3222.449951171875,5155.35009765625,6128.9501953125,1194.8499755859375,2315.949951171875
2012-06-25,5114.64990234375,9925.634765625,5997.0498046875,12383.25,3895.35009765625,5049.9501953125,2736.050048828125,216.10000610351562,7297.4501953125,2328.800048828125,3180.89990234375,5155.75,6086.5,1203.1500244140625,2300.89990234375
2012-06-26,5120.7998046875,9969.9833984375,5988.60009765625,12282.9501953125,3907.050048828125,5095.9501953125,2726.949951171875,217.0,7385.75,2331.699951171875,3195.449951171875,5124.89990234375,6100.7001953125,1224.050048828125,2315.550048828125
2012-06-27,5141.89990234375,10017.68359375,6042.39990234375,12346.599609375,3880.89990234375,5113.5498046875,2772.39990234375,217.6999969482422,7396.35009765625,2339.5,3199.050048828125,5151.5,6143.39990234375,1242.050048828125,2335.39990234375
2012-06-28,5149.14990234375,10003.7333984375,6055.64990234375,12462.9501953125,3886.89990234375,5111.5498046875,2776.5,217.75,7385.64990234375,2341.449951171875,3184.10009765625,5152.0,6139.5498046875,1234.300048828125,2345.699951171875
2012-06-29,5278.89990234375,10340.5302734375,6144.60009765625,12729.099609375,3966.39990234375,5216.0,2870.35009765625,222.9499969482422,7543.5,2415.89990234375,3259.699951171875,5227.35009765625,6293.2001953125,1267.25,2400.449951171875
2012-07-02,5278.60009765625,10412.0791015625,6120.89990234375,12455.9501953125,3943.949951171875,5233.75,2882.89990234375,228.0,7560.35009765625,2435.0,3283.39990234375,5223.7001953125,6322.64990234375,1281.0,2416.199951171875
2012-07-03,5287.9501953125,10481.177734375,6087.5,12347.0498046875,3949.449951171875,5237.14990234375,2905.800048828125,232.5500030517578,7588.2998046875,2449.5,3298.85009765625,5233.89990234375,6357.25,1292.0999755859375,2430.75
2012-07-04,5302.5498046875,10529.328125,6074.75,12316.150390625,3969.85009765625,5235.5498046875,2965.60009765625,236.89999389648438,7561.0,2483.550048828125,3340.89990234375,5269.39990234375,6386.5,1305.25,2445.10009765625
2012-07-05,5327.2998046875,10641.7763671875,6077.35009765625,12465.9501953125,3999.14990234375,5253.39990234375,2956.14990234375,236.14999389648438,7565.85009765625,2497.14990234375,3357.300048828125,5281.85009765625,6421.9501953125,1312.199951171875,2443.949951171875
2012-07-06,5316.9501953125,10655.2255859375,6027.25,12548.7001953125,3983.64990234375,5259.60009765625,2924.949951171875,233.0500030517578,7530.0498046875,2471.050048828125,3337.25,5253.35009765625,6410.4501953125,1307.449951171875,2427.699951171875
2012-07-09,5275.14990234375,10587.9267578125,6018.2001953125,12465.099609375,3945.050048828125,5219.25,2882.35009765625,230.39999389648438,7479.0498046875,2435.949951171875,3301.949951171875,5179.5498046875,6363.2001953125,1290.9000244140625,2396.89990234375
2012-07-10,5345.35009765625,10751.4248046875,6056.5,12673.7998046875,4006.5,5271.25,2926.39990234375,234.14999389648438,7544.60009765625,2474.449951171875,3349.10009765625,5248.0,6440.9501953125,1279.800048828125,2421.60009765625
2012-07-11,5306.2998046875,10713.1748046875,6049.35009765625,12499.150390625,3960.89990234375,5255.64990234375,2898.0,231.8000030517578,7466.85009765625,2467.10009765625,3337.60009765625,5194.2998046875,6413.64990234375,1279.5,2405.0
2012-07-12,5235.25,10616.1767578125,5737.64990234375,12484.75,3921.550048828125,5251.10009765625,2864.60009765625,234.0500030517578,7474.7998046875,2434.0,3314.14990234375,5169.10009765625,6277.0,1272.0,2397.050048828125
2012-07-13,5227.25,10594.3271484375,5713.89990234375,12523.349609375,3919.35009765625,5247.4501953125,2831.75,230.89999389648438,7465.4501953125,2424.949951171875,3277.949951171875,5149.5,6266.4501953125,1281.300048828125,2382.89990234375
2012-07-16,5197.25,10568.0771484375,5576.75,12476.099609375,3888.800048828125,5312.5,2770.14990234375,227.10000610351562,7463.5498046875,2417.050048828125,3291.449951171875,5151.14990234375,6228.64990234375,1278.300048828125,2356.699951171875
2012-07-17,5192.85009765625,10557.9267578125,5555.35009765625,12605.7998046875,3836.699951171875,5345.2001953125,2767.39990234375,223.9499969482422,7427.85009765625,2404.35009765625,3281.75,5147.60009765625,6220.0,1272.3499755859375,2346.550048828125
2012-07-18,5216.2998046875,10606.9765625,5582.25,12614.75,3861.550048828125,5312.5498046875,2808.39990234375,225.8000030517578,7419.89990234375,2423.25,3244.39990234375,5188.2998046875,6247.64990234375,1278.550048828125,2366.10009765625
2012-07-19,5242.7001953125,10621.9267578125,5682.25,12603.7998046875,3845.89990234375,5318.85009765625,2832.35009765625,227.14999389648438,7506.64990234375,2423.64990234375,3204.5,5184.0,6283.7001953125,1286.300048828125,2385.39990234375
2012-07-20,5205.10009765625,10481.4775390625,5674.2001953125,12589.349609375,3856.64990234375,5264.60009765625,2834.39990234375,224.85000610351562,7451.14990234375,2404.699951171875,3176.550048828125,5183.35009765625,6226.14990234375,1293.199951171875,2376.5
2012-07-23,5117.9501953125,10274.48046875,5609.2001953125,12450.5498046875,3763.199951171875,5257.5,2740.5,218.4499969482422,7370.7998046875,2349.0,3112.800048828125,5080.5,6117.2001953125,1290.25,2332.60009765625
2012-07-24,5128.2001953125,10298.8798828125,5571.2998046875,12682.75,3758.550048828125,5276.85009765625,2745.25,217.89999389648438,7414.10009765625,2341.050048828125,3117.64990234375,5231.4501953125,6112.0498046875,1296.550048828125,2341.64990234375
2012-07-25,5109.60009765625,10267.73046875,5588.64990234375,12754.150390625,3735.85009765625,5289.25,2687.699951171875,217.8000030517578,7364.89990234375,2310.10009765625,3076.64990234375,5196.7001953125,6095.0498046875,1318.3499755859375,2314.300048828125
2012-07-26,5043.0,10083.6826171875,5489.60009765625,12555.900390625,3701.14990234375,5273.85009765625,2651.89990234375,210.10000610351562,7254.14990234375,2278.5,2988.0,5155.2998046875,6004.14990234375,1314.5,2282.699951171875
2012-07-27,5099.85009765625,10140.431640625,5562.0,12724.650390625,3735.14990234375,5287.0,2708.199951171875,208.25,7332.0498046875,2289.0,2868.39990234375,5200.2998046875,6059.0498046875,1283.6500244140625,2313.300048828125
2012-07-30,5199.7998046875,10412.029296875,5646.2998046875,12854.5,3818.199951171875,5379.35009765625,2760.25,215.85000610351562,7461.14990234375,2360.800048828125,2984.75,5262.35009765625,6191.5498046875,1289.6500244140625,2355.89990234375
2012-07-31,5229.0,10383.978515625,5695.25,12893.2998046875,3829.75,5413.7998046875,2783.14990234375,218.3000030517578,7567.7001953125,2349.550048828125,2958.050048828125,5303.35009765625,6205.5,1325.3499755859375,2379.85009765625
2012-08-01,5240.5,10419.779296875,5670.7001953125,12945.25,3823.5,5476.4501953125,2762.800048828125,220.14999389648438,7565.75,2364.85009765625,2991.10009765625,5321.39990234375,6219.2998046875,1326.8499755859375,2378.35009765625
2012-08-02,5227.75,10379.478515625,5670.39990234375,13036.75,3804.10009765625,5468.39990234375,2757.25,219.39999389648438,7508.7001953125,2376.199951171875,2965.699951171875,5311.7001953125,6207.10009765625,1333.3499755859375,2370.699951171875
2012-08-03,5215.7001953125,10315.4794921875,5697.14990234375,12987.25,3778.699951171875,5506.14990234375,2714.449951171875,217.9499969482422,7553.0,2366.5,2950.300048828125,5302.7001953125,6191.4501953125,1314.1500244140625,2358.35009765625
2012-08-06,5282.5498046875,10462.2783203125,5699.10009765625,12959.7998046875,3852.050048828125,5532.4501953125,2743.800048828125,220.8000030517578,7765.2001953125,2392.25,2963.199951171875,5337.64990234375,6251.5,1321.199951171875,2380.949951171875
2012-08-07,5336.7001953125,10591.8271484375,5799.7998046875,13036.400390625,3910.550048828125,5529.5498046875,2759.14990234375,224.10000610351562,7777.14990234375,2403.300048828125,3001.39990234375,5361.5,6338.25,1352.949951171875,2393.800048828125
2012-08-08,5338.0,10529.1279296875,5828.2998046875,13076.400390625,3951.199951171875,5530.75,2779.699951171875,219.10000610351562,7792.64990234375,2367.85009765625,2992.5,5396.14990234375,6302.10009765625,1330.6500244140625,2403.800048828125
2012-08-09,5322.9501953125,10445.779296875,5827.60009765625,13269.4501953125,3969.25,5524.89990234375,2796.199951171875,218.39999389648438,7733.60009765625,2353.64990234375,2894.25,5433.2001953125,6240.4501953125,1333.4000244140625,2407.800048828125
2012-08-10,5320.39990234375,10358.830078125,5905.14990234375,13359.650390625,3930.199951171875,5502.85009765625,2797.0,217.14999389648438,7755.14990234375,2350.39990234375,2811.10009765625,5476.0498046875,6231.89990234375,1350.9000244140625,2413.199951171875
2012-08-13,5347.89990234375,10401.1787109375,5912.35009765625,13376.7998046875,3924.64990234375,5516.14990234375,2797.75,223.10000610351562,7810.2998046875,2377.300048828125,2826.64990234375,5498.35009765625,6286.5498046875,1360.8499755859375,2427.050048828125
2012-08-14,5380.35009765625,10519.0283203125,5936.35009765625,13406.150390625,3954.949951171875,5496.0498046875,2822.449951171875,221.3000030517578,7892.64990234375,2388.949951171875,2853.25,5510.89990234375,6315.2001953125,1373.0,2443.449951171875
2012-08-16,5362.9501953125,10426.62890625,5915.89990234375,13136.0,3988.449951171875,5500.7001953125,2786.050048828125,220.8000030517578,7947.35009765625,2393.14990234375,2847.550048828125,5480.35009765625,6291.9501953125,1377.5,2429.050048828125
2012-08-17,5366.2998046875,10417.779296875,5980.64990234375,13306.2001953125,4014.35009765625,5524.9501953125,2741.25,216.35000610351562,7885.2998046875,2363.5,2839.800048828125,5493.7998046875,6300.25,1361.5999755859375,2400.89990234375
2012-08-21,5421.0,10469.3779296875,6085.2998046875,13350.9501953125,4067.699951171875,5528.4501953125,2762.64990234375,219.75,7947.5498046875,2385.050048828125,2847.89990234375,5571.5,6382.4501953125,1374.0999755859375,2423.25
2012-08-22,5412.85009765625,10472.078125,6099.10009765625,13357.849609375,4077.699951171875,5551.5,2756.64990234375,217.35000610351562,7902.39990234375,2356.199951171875,2841.300048828125,5561.0498046875,6361.10009765625,1361.4000244140625,2416.300048828125
2012-08-23,5415.35009765625,10457.5791015625,6207.60009765625,13466.7998046875,4042.25,5603.2998046875,2771.85009765625,216.85000610351562,7824.5498046875,2339.449951171875,2843.25,5596.35009765625,6378.2001953125,1351.8499755859375,2413.449951171875
2012-08-24,5386.7001953125,10332.7294921875,6170.7001953125,13490.75,4040.10009765625,5601.2998046875,2760.449951171875,211.60000610351562,7781.35009765625,2319.64990234375,2810.25,5589.4501953125,6332.39990234375,1337.949951171875,2405.89990234375
2012-08-27,5350.25,10150.2822265625,6112.9501953125,13530.0,4024.60009765625,5600.5,2722.949951171875,206.3000030517578,7804.60009765625,2289.300048828125,2733.35009765625,5572.64990234375,6261.4501953125,1338.75,2391.35009765625
2012-08-28,,,,13629.7001953125,3984.5,5613.14990234375,2647.0,205.60000610351562,7807.4501953125,2272.5,2722.10009765625,5536.0,6258.39990234375,1319.4000244140625,2360.89990234375
2012-08-29,5287.7998046875,10011.7841796875,6099.14990234375,13698.650390625,3927.199951171875,5618.0,2600.89990234375,198.60000610351562,7729.75,2240.10009765625,2697.800048828125,5497.75,6206.85009765625,1306.0,2336.89990234375
2012-08-30,5315.0498046875,10085.0830078125,6144.5498046875,13793.599609375,3931.199951171875,5650.2998046875,2590.0,201.75,7737.2998046875,2251.949951171875,2719.39990234375,5516.39990234375,6253.9501953125,1321.9000244140625,2330.89990234375
2012-08-31,5258.5,9990.3837890625,6072.35009765625,13641.599609375,3889.25,5648.9501953125,2554.800048828125,199.0,7620.2001953125,2233.85009765625,2719.25,5455.0498046875,6208.10009765625,1310.300048828125,2303.75
2012-09-03,5253.75,9962.8837890625,6083.2001953125,13670.400390625,3905.300048828125,5644.5498046875,2544.050048828125,198.1999969482422,7589.35009765625,2239.39990234375,2728.050048828125,5465.64990234375,6193.9501953125,1307.0999755859375,2292.35009765625
2012-09-04,5274.0,10020.5341796875,6084.0498046875,13703.4501953125,3931.0,5645.0,2561.050048828125,201.5500030517578,7688.0498046875,2260.949951171875,2760.0,5484.7001953125,6210.2998046875,1351.5,2306.199951171875
2012-09-05,5225.7001953125,9827.7861328125,6083.75,13794.7001953125,3893.10009765625,5578.14990234375,2497.60009765625,199.14999389648438,7628.4501953125,2232.0,2702.14990234375,5465.25,6161.85009765625,1366.199951171875,2276.949951171875
2012-09-06,5238.39990234375,9893.03515625,6233.35009765625,13557.099609375,3915.800048828125,5606.2001953125,2508.60009765625,198.3000030517578,7634.10009765625,2219.300048828125,2713.800048828125,5481.75,6214.5,1388.050048828125,2296.25
2012-09-07,5342.10009765625,10121.8828125,6342.7001953125,13660.75,3994.85009765625,5680.85009765625,2575.75,204.3000030517578,7766.75,2268.300048828125,2776.300048828125,5564.2998046875,6324.64990234375,1387.550048828125,2332.699951171875
2012-09-10,5363.4501953125,10069.732421875,6361.89990234375,13693.5,4036.25,5799.25,2618.75,203.39999389648438,7784.0,2272.699951171875,2757.60009765625,5592.60009765625,6333.14990234375,1387.0999755859375,2350.949951171875
2012-09-11,5390.0,10135.7822265625,6424.64990234375,13738.7001953125,4030.0,5801.89990234375,2582.39990234375,205.3000030517578,7793.5,2278.800048828125,2764.39990234375,5567.2998046875,6393.0498046875,1375.449951171875,2347.0
2012-09-12,5431.0,10183.33203125,6485.9501953125,13827.7001953125,4089.60009765625,5789.85009765625,2633.14990234375,207.6999969482422,7823.85009765625,2290.89990234375,2766.550048828125,5599.14990234375,6413.0,1387.8499755859375,2363.300048828125
2012-09-13,5435.35009765625,10207.681640625,6514.35009765625,13918.849609375,4078.800048828125,5708.10009765625,2628.5,206.60000610351562,7847.39990234375,2285.85009765625,2759.050048828125,5588.14990234375,6415.5498046875,1393.550048828125,2361.5
2012-09-14,5577.64990234375,10642.7763671875,6599.39990234375,13857.2001953125,4191.2001953125,5632.5498046875,2740.89990234375,216.5,8048.5,2342.0,2896.10009765625,5668.7001953125,6591.0,1410.8499755859375,2426.300048828125
2012-09-17,5610.0,10981.5224609375,6398.2001953125,13329.400390625,4264.25,5530.39990234375,2775.550048828125,230.6999969482422,8200.7001953125,2419.449951171875,3060.89990234375,5641.9501953125,6659.4501953125,1445.0999755859375,2451.25
2012-09-18,5600.0498046875,11043.3720703125,6370.60009765625,13350.25,4267.39990234375,5527.14990234375,2771.800048828125,231.10000610351562,8106.35009765625,2439.050048828125,3207.89990234375,5618.25,6673.64990234375,1469.550048828125,2442.75
2012-09-20,5554.25,10920.6728515625,6422.5,13368.400390625,4248.5498046875,5514.89990234375,2708.75,230.9499969482422,7990.5,2403.699951171875,3185.39990234375,5566.2998046875,6631.60009765625,1468.8499755859375,2415.949951171875
2012-09-21,5691.14990234375,11358.3681640625,6379.5498046875,13575.150390625,4318.0498046875,5506.14990234375,2817.699951171875,236.10000610351562,8200.2998046875,2505.14990234375,3320.699951171875,5650.9501953125,6799.14990234375,1465.050048828125,2494.10009765625
2012-09-24,5669.60009765625,11423.3671875,6364.0,13370.900390625,4352.25,5507.0498046875,2827.75,239.5,8083.64990234375,2521.60009765625,3292.5,5620.4501953125,6790.5,1456.5,2487.5
2012-09-25,5673.89990234375,11420.6171875,6367.9501953125,13620.25,4318.0,5526.60009765625,2788.550048828125,244.60000610351562,8062.9501953125,2517.85009765625,3300.449951171875,5611.4501953125,6797.89990234375,1463.9000244140625,2473.75
2012-09-26,5663.4501953125,11427.1171875,6348.7998046875,13720.900390625,4302.64990234375,5541.85009765625,2752.550048828125,244.89999389648438,8076.85009765625,2496.949951171875,3328.39990234375,5635.2001953125,6771.89990234375,1467.6500244140625,2470.64990234375
2012-09-27,5649.5,11419.3173828125,6285.2001953125,13940.349609375,4297.60009765625,5538.7001953125,2734.25,247.10000610351562,7964.7998046875,2503.550048828125,3349.050048828125,5638.25,6749.0498046875,1503.5,2462.0
2012-09-28,5703.2998046875,11456.6669921875,6313.7998046875,14136.0,4369.5498046875,5623.0,2768.39990234375,245.39999389648438,8071.64990234375,2525.949951171875,3369.5,5704.85009765625,6797.2001953125,1559.9000244140625,2495.10009765625
2012-10-01,5718.7998046875,11420.3173828125,6435.39990234375,14167.5498046875,4399.9501953125,5635.39990234375,2777.10009765625,246.0500030517578,8043.7998046875,2538.64990234375,3389.550048828125,5736.89990234375,6811.7998046875,1581.1500244140625,2509.60009765625
2012-10-03,5731.25,11414.8173828125,6422.5498046875,14197.650390625,4390.64990234375,5673.39990234375,2787.25,246.89999389648438,8103.75,2542.699951171875,3400.800048828125,5804.14990234375,6820.0,1584.3499755859375,2518.89990234375
2012-10-04,5787.60009765625,11635.9150390625,6399.5,14343.4501953125,4383.2001953125,5617.60009765625,2790.75,259.29998779296875,8176.14990234375,2583.89990234375,3449.699951171875,5818.0498046875,6906.35009765625,1626.4000244140625,2532.89990234375
2012-10-05,5746.9501953125,11511.2666015625,6292.4501953125,14419.25,4406.9501953125,5532.10009765625,2790.75,260.6499938964844,8208.650390625,2577.64990234375,3419.199951171875,5838.4501953125,6791.60009765625,1594.800048828125,2524.949951171875
2012-10-08,5676.0,11362.068359375,6207.9501953125,14418.25,4355.89990234375,5595.5498046875,2759.699951171875,250.8000030517578,8003.9501953125,2534.949951171875,3340.35009765625,5792.7001953125,6725.85009765625,1570.0999755859375,2492.14990234375
2012-10-09,5704.60009765625,11445.966796875,6274.7998046875,14575.4501953125,4347.64990234375,5679.2001953125,2768.75,252.25,7975.2998046875,2544.60009765625,3350.60009765625,5843.9501953125,6756.25,1567.449951171875,2500.64990234375
2012-10-10,5652.14990234375,11291.369140625,6225.7998046875,14572.75,4314.39990234375,5637.0,2743.25,240.0500030517578,7906.9501953125,2505.64990234375,3289.25,5797.75,6667.39990234375,1525.949951171875,2471.39990234375
2012-10-11,5708.0498046875,11431.1669921875,6268.7001953125,14694.2001953125,4337.85009765625,5598.60009765625,2787.60009765625,251.6999969482422,7965.75,2556.25,3362.85009765625,5826.89990234375,6739.9501953125,1536.199951171875,2500.60009765625
2012-10-12,5676.0498046875,11388.3173828125,6106.14990234375,14710.5,4314.64990234375,5622.2001953125,2787.550048828125,249.0,7958.5498046875,2546.89990234375,3345.0,5841.85009765625,6667.2998046875,1546.3499755859375,2508.300048828125
2012-10-15,5687.25,11441.6669921875,6060.4501953125,14807.650390625,4303.14990234375,5643.75,2786.10009765625,250.35000610351562,7991.4501953125,2546.39990234375,3363.60009765625,5847.35009765625,6670.64990234375,1538.5,2514.699951171875
2012-10-16,5648.0,11347.8681640625,6050.85009765625,14793.099609375,4258.35009765625,5606.2998046875,2738.699951171875,242.25,7922.2998046875,2511.699951171875,3307.0,5836.75,6642.14990234375,1551.5999755859375,2483.85009765625
2012-10-17,5660.25,11358.1181640625,6045.14990234375,14844.7001953125,4278.39990234375,5626.4501953125,2726.949951171875,240.89999389648438,7912.4501953125,2534.300048828125,3297.85009765625,5838.7998046875,6661.25,1595.0,2481.050048828125
2012-10-18,5718.7001953125,11586.21484375,6088.85009765625,14945.5,4334.4501953125,5613.0498046875,2757.25,248.10000610351562,7949.2001953125,2562.39990234375,3400.25,5849.64990234375,6749.0498046875,1603.9000244140625,2497.10009765625
2012-10-19,5684.25,11491.06640625,6067.0,15063.349609375,4297.39990234375,5590.0498046875,2720.800048828125,245.64999389648438,7870.9501953125,2534.5,3382.60009765625,5811.35009765625,6697.85009765625,1596.4000244140625,2470.800048828125
2012-10-22,5717.14990234375,11607.265625,6112.7998046875,15006.150390625,4295.39990234375,5642.5498046875,2723.300048828125,246.64999389648438,7940.7001953125,2566.60009765625,3359.14990234375,5813.75,6744.4501953125,1570.800048828125,2478.949951171875
2012-10-23,5691.39990234375,11578.015625,6063.14990234375,14890.349609375,4263.4501953125,5631.4501953125,2700.550048828125,245.0500030517578,7893.2001953125,2568.89990234375,3346.60009765625,5808.0,6715.39990234375,1564.5,2465.64990234375
2012-10-25,5705.2998046875,11614.365234375,6051.7001953125,14913.25,4286.60009765625,5603.85009765625,2685.64990234375,241.10000610351562,7897.10009765625,2568.199951171875,3312.10009765625,5782.9501953125,6733.4501953125,1557.300048828125,2462.89990234375
2012-10-29,5665.60009765625,11472.0166015625,6032.4501953125,14613.099609375,4324.14990234375,5570.0498046875,2676.5,236.35000610351562,7874.2001953125,2528.449951171875,3222.89990234375,5705.35009765625,6674.14990234375,1479.800048828125,2456.199951171875
2012-10-30,5597.89990234375,11202.8701171875,6066.10009765625,14550.5,4263.7001953125,5566.4501953125,2636.10009765625,230.9499969482422,7802.25,2489.39990234375,3091.89990234375,5723.75,6597.5,1484.0,2421.25
2012-10-31,5619.7001953125,11268.6689453125,6087.85009765625,14523.5,4329.39990234375,5667.0498046875,2665.75,234.14999389648438,7785.64990234375,2485.85009765625,3140.050048828125,5741.10009765625,6636.85009765625,1542.699951171875,2426.5
2012-11-01,5645.0498046875,11314.91796875,6101.85009765625,14414.150390625,4427.64990234375,5713.2998046875,2690.0,238.0,7785.0,2514.25,3170.75,5720.2998046875,6674.0,1539.300048828125,2438.85009765625
2012-11-02,5697.7001953125,11460.3173828125,6163.4501953125,14502.25,4488.7001953125,5736.7998046875,2707.050048828125,239.5,7828.2998046875,2540.64990234375,3236.64990234375,5723.39990234375,6736.4501953125,1559.699951171875,2455.0
2012-11-05,5704.2001953125,11475.0166015625,6144.2001953125,14670.150390625,4463.85009765625,5756.5,2684.10009765625,238.89999389648438,7807.89990234375,2531.64990234375,3218.85009765625,5733.0498046875,6735.25,1572.6500244140625,2449.199951171875
2012-11-06,5724.39990234375,11538.916015625,6139.5,14687.849609375,4445.0,5798.64990234375,2681.550048828125,243.9499969482422,7837.10009765625,2538.300048828125,3245.949951171875,5747.89990234375,6767.85009765625,1578.0,2457.85009765625
2012-11-07,5760.10009765625,11665.3642578125,6192.75,14753.0498046875,4478.0,5805.0,2690.14990234375,251.1999969482422,7811.14990234375,2547.10009765625,3332.800048828125,5770.0,6837.60009765625,1592.050048828125,2460.949951171875
2012-11-08,5738.75,11613.4150390625,6163.0498046875,14782.2001953125,4515.0,5766.64990234375,2691.300048828125,256.0,7758.7998046875,2531.550048828125,3366.449951171875,5759.39990234375,6807.60009765625,1584.25,2452.89990234375
2012-11-09,5686.25,11475.4658203125,6110.4501953125,14744.650390625,4495.25,5751.5498046875,2653.0,252.14999389648438,7660.85009765625,2507.10009765625,3266.050048828125,5729.35009765625,6741.75,1548.199951171875,2423.5
2012-11-12,5683.7001953125,11583.71484375,6138.64990234375,14838.9501953125,4490.85009765625,5750.89990234375,2633.699951171875,254.60000610351562,7640.85009765625,2504.5,3301.60009765625,5709.10009765625,6783.0498046875,1544.4000244140625,2410.25
2012-11-15,5631.0,11521.2666015625,6000.5,14713.9501953125,4441.0498046875,5683.85009765625,2601.550048828125,260.0,7631.85009765625,2523.050048828125,3263.14990234375,5713.0498046875,6749.2001953125,1638.949951171875,2382.85009765625
2012-11-16,5574.0498046875,11335.3681640625,6030.5,14510.349609375,4374.10009765625,5658.85009765625,2588.050048828125,250.4499969482422,7575.5498046875,2503.800048828125,3189.199951171875,5628.35009765625,6683.2998046875,1603.25,2366.10009765625
2012-11-19,5571.39990234375,11306.818359375,6013.85009765625,14644.849609375,4413.7001953125,5624.5498046875,2568.800048828125,250.39999389648438,7550.2998046875,2498.199951171875,3164.35009765625,5622.5,6659.2001953125,1593.75,2351.10009765625
2012-11-20,5571.5498046875,11318.16796875,5990.85009765625,14620.2998046875,4439.7998046875,5631.0498046875,2549.550048828125,242.39999389648438,7509.5498046875,2483.5,3121.699951171875,5621.4501953125,6674.2998046875,1578.0,2335.699951171875
2012-11-21,5614.7998046875,11465.216796875,6043.60009765625,14821.650390625,4437.4501953125,5689.2998046875,2567.800048828125,248.64999389648438,7518.25,2483.449951171875,3138.14990234375,5641.89990234375,6719.5498046875,1604.300048828125,2345.5
2012-11-22,5627.75,11508.2158203125,6087.9501953125,14905.900390625,4428.9501953125,5694.4501953125,2585.10009765625,249.3000030517578,7492.14990234375,2501.5,3179.949951171875,5644.0498046875,6747.14990234375,1618.5999755859375,2352.60009765625
2012-11-23,5626.60009765625,11475.666015625,6099.10009765625,14915.4501953125,4443.5,5680.85009765625,2582.699951171875,247.89999389648438,7507.0498046875,2496.800048828125,3169.300048828125,5654.5,6745.0,1650.449951171875,2347.64990234375
2012-11-26,5635.89990234375,11432.3173828125,6174.4501953125,15091.7001953125,4434.5,5698.39990234375,2600.35009765625,248.75,7501.2998046875,2522.14990234375,3167.64990234375,5695.89990234375,6762.60009765625,1665.5,2350.199951171875
2012-11-27,5727.4501953125,11657.2646484375,6252.2998046875,15417.650390625,4480.64990234375,5748.0498046875,2637.550048828125,257.6000061035156,7569.89990234375,2565.300048828125,3207.949951171875,5754.60009765625,6887.60009765625,1676.300048828125,2375.35009765625
2012-11-29,5825.0,11992.66015625,6226.60009765625,15586.25,4566.9501953125,5833.85009765625,2657.25,266.8999938964844,7671.9501953125,2594.85009765625,3242.550048828125,5801.75,7014.0498046875,1696.699951171875,2406.35009765625
2012-11-30,5879.85009765625,12158.7587890625,6263.25,15551.849609375,4556.0,5869.75,2711.300048828125,266.54998779296875,7740.2998046875,2629.60009765625,3324.699951171875,5766.64990234375,7109.60009765625,1682.800048828125,2444.199951171875
2012-12-03,5870.9501953125,12103.759765625,6269.85009765625,15514.75,4568.4501953125,5854.85009765625,2728.39990234375,270.3999938964844,7763.25,2630.89990234375,3345.550048828125,5780.25,7080.75,1702.5999755859375,2460.050048828125
2012-12-04,5889.25,12197.0087890625,6233.85009765625,15530.5498046875,4550.64990234375,5870.0,2726.39990234375,272.70001220703125,7896.85009765625,2643.949951171875,3395.550048828125,5762.39990234375,7116.75,1735.199951171875,2466.699951171875
2012-12-05,5900.5,12281.45703125,6149.4501953125,15550.0498046875,4554.39990234375,5870.7998046875,2763.14990234375,279.95001220703125,7932.35009765625,2640.5,3448.64990234375,5771.25,7106.39990234375,1746.449951171875,2476.75
2012-12-06,5930.89990234375,12427.4052734375,6063.7001953125,15635.349609375,4592.10009765625,5875.5,2778.050048828125,285.5,8007.25,2657.39990234375,3501.85009765625,5787.2998046875,7132.7001953125,1764.1500244140625,2495.64990234375
2012-12-07,5907.39990234375,12363.556640625,6006.25,15610.2998046875,4618.14990234375,5887.14990234375,2765.10009765625,280.6499938964844,7954.75,2654.050048828125,3510.10009765625,5771.0,7088.35009765625,1743.0,2485.89990234375
2012-12-10,5908.89990234375,12381.5068359375,5969.4501953125,15679.25,4604.2998046875,5955.0498046875,2771.0,283.8500061035156,7896.9501953125,2638.75,3570.35009765625,5772.0498046875,7102.75,1727.050048828125,2477.60009765625
2012-12-11,5898.7998046875,12344.4560546875,5917.60009765625,15795.7001953125,4605.0,5973.2998046875,2752.0,277.8500061035156,7817.89990234375,2617.89990234375,3534.050048828125,5794.0,7077.64990234375,1694.949951171875,2465.25
2012-12-12,5888.0,12301.5576171875,5935.9501953125,15778.099609375,4647.39990234375,5984.9501953125,2734.949951171875,278.1499938964844,7828.2001953125,2601.89990234375,3522.5,5740.89990234375,7050.64990234375,1706.5,2449.550048828125
2012-12-13,5851.5,12269.0078125,5909.5,15355.150390625,4685.5498046875,5950.2001953125,2704.35009765625,272.25,7828.64990234375,2580.199951171875,3470.0,5693.25,7028.39990234375,1704.6500244140625,2430.800048828125
2012-12-14,5879.60009765625,12424.5556640625,5947.75,15368.849609375,4714.2998046875,5918.89990234375,2755.550048828125,274.75,7851.2001953125,2579.35009765625,3551.89990234375,5694.9501953125,7070.10009765625,1711.550048828125,2456.39990234375
2012-12-17,5857.89990234375,12427.3056640625,5877.2001953125,15283.599609375,4744.60009765625,5945.25,2795.89990234375,276.3500061035156,7828.7998046875,2567.300048828125,3585.10009765625,5726.2001953125,7023.89990234375,1728.3499755859375,2470.0
2012-12-18,5896.7998046875,12477.0048828125,5902.2001953125,15334.349609375,4769.39990234375,5985.0,2856.699951171875,282.95001220703125,7822.75,2608.39990234375,3626.10009765625,5744.5498046875,7079.7001953125,1783.25,2494.75
2012-12-19,5929.60009765625,12510.1044921875,5976.25,15264.900390625,4847.2998046875,6084.64990234375,2904.10009765625,284.5,7900.4501953125,2605.25,3631.85009765625,5774.0,7100.35009765625,1777.5,2525.89990234375
2012-12-20,5916.39990234375,12486.3544921875,5994.9501953125,15282.849609375,4814.2001953125,6072.39990234375,2941.050048828125,283.70001220703125,7879.5498046875,2590.5,3647.300048828125,5804.75,7098.7998046875,1788.9000244140625,2525.85009765625
2012-12-21,5847.7001953125,12314.90625,5981.2998046875,15193.900390625,4752.89990234375,5972.14990234375,2894.85009765625,273.54998779296875,7763.0498046875,2536.949951171875,3570.25,5733.9501953125,7028.75,1752.25,2486.949951171875
2012-12-24,5855.75,12317.556640625,6037.25,15222.349609375,4773.9501953125,6010.85009765625,2881.449951171875,275.45001220703125,7735.4501953125,2540.64990234375,3565.800048828125,5743.2998046875,7055.0498046875,1787.5999755859375,2479.75
2012-12-26,5905.60009765625,12479.3046875,6023.60009765625,15305.0498046875,4792.60009765625,6061.10009765625,2896.60009765625,279.70001220703125,7805.25,2586.800048828125,3624.64990234375,5743.5498046875,7114.89990234375,1788.0,2497.10009765625
2012-12-27,5870.10009765625,12459.5556640625,5967.64990234375,15178.0,4783.5498046875,6044.64990234375,2880.35009765625,278.6000061035156,7741.14990234375,2576.25,3640.449951171875,5715.5498046875,7075.75,1751.800048828125,2486.85009765625
2012-12-28,5908.35009765625,12458.005859375,6044.25,15237.650390625,4801.5,6035.5,2889.35009765625,278.3500061035156,7902.75,2587.550048828125,3645.89990234375,5775.0,7111.4501953125,1754.449951171875,2511.14990234375
2012-12-31,5905.10009765625,12474.10546875,6024.9501953125,15175.25,4830.5498046875,6035.0,2900.25,281.29998779296875,7927.39990234375,2585.0,3673.39990234375,5795.5,7106.0498046875,1768.050048828125,2522.39990234375
2013-01-01,,,,15259.2001953125,4869.5,6056.60009765625,2959.35009765625,289.45001220703125,7932.4501953125,2615.550048828125,3758.199951171875,5832.64990234375,7170.0498046875,1786.6500244140625,2550.0
2013-01-02,5993.25,12786.701171875,6031.0,15225.4501953125,4911.2998046875,6070.25,2973.89990234375,288.8999938964844,8022.9501953125,2639.699951171875,3790.199951171875,5862.2998046875,7231.85009765625,1824.300048828125,2566.89990234375
2013-01-03,6009.5,12778.001953125,6097.60009765625,15172.25,4905.35009765625,6075.7998046875,2983.75,292.70001220703125,8110.4501953125,2646.60009765625,3804.5,5894.4501953125,7260.14990234375,1837.5999755859375,2581.10009765625
2013-01-04,6016.14990234375,12787.201171875,6153.2001953125,15134.349609375,4892.89990234375,6080.39990234375,2955.800048828125,293.3999938964844,8183.5,2648.5,3828.85009765625,5921.35009765625,7274.9501953125,1826.75,2587.300048828125
2013-01-07,5988.39990234375,12708.552734375,6175.4501953125,14966.900390625,4913.2001953125,6104.4501953125,2986.050048828125,291.5,8174.7001953125,2621.35009765625,3805.35009765625,5913.9501953125,7236.25,1819.050048828125,2599.39990234375
2013-01-08,6001.7001953125,12725.3525390625,6147.89990234375,15148.599609375,4915.2998046875,6156.5498046875,2955.39990234375,295.54998779296875,8164.4501953125,2625.699951171875,3823.050048828125,5906.2998046875,7256.85009765625,1820.3499755859375,2589.85009765625
2013-01-09,5971.5,12717.8525390625,6101.0498046875,14918.849609375,4951.75,6169.25,2919.550048828125,292.6000061035156,8186.14990234375,2606.949951171875,3825.0,5862.7001953125,7227.75,1815.050048828125,2572.39990234375
2013-01-10,5968.64990234375,12802.1015625,6073.10009765625,14947.599609375,4970.89990234375,6117.10009765625,2907.050048828125,293.25,8192.7001953125,2589.39990234375,3836.14990234375,5823.2001953125,7227.25,1822.949951171875,2559.85009765625
2013-01-11,5951.2998046875,12617.703125,6639.85009765625,14582.75,4908.35009765625,6056.10009765625,2859.85009765625,287.1000061035156,8069.4501953125,2547.89990234375,3771.5,5721.60009765625,7311.4501953125,1824.449951171875,2514.75
2013-01-14,6024.0498046875,12758.6015625,6809.5,14737.5498046875,4882.10009765625,6031.35009765625,2901.0,301.6000061035156,8170.85009765625,2582.300048828125,3833.25,5745.25,7429.5498046875,1836.4000244140625,2544.449951171875
2013-01-15,6056.60009765625,12855.2509765625,6791.5,14852.349609375,4903.25,6032.2001953125,2894.5,305.1499938964844,8213.0498046875,2614.85009765625,3828.949951171875,5757.2998046875,7466.39990234375,1823.4000244140625,2564.64990234375
2013-01-16,6001.85009765625,12638.353515625,6777.9501953125,14815.2998046875,4784.0498046875,6018.2001953125,2827.60009765625,300.29998779296875,8244.0,2579.5,3747.35009765625,5705.0498046875,7380.64990234375,1784.75,2535.39990234375
2013-01-17,6039.2001953125,12649.4521484375,6869.4501953125,14806.0,4806.60009765625,6001.89990234375,2837.699951171875,306.45001220703125,8458.0498046875,2583.800048828125,3785.5,5698.0498046875,7410.7998046875,1812.050048828125,2560.199951171875
2013-01-18,6064.39990234375,12679.8525390625,6798.7001953125,14818.849609375,4778.25,5960.75,2825.10009765625,310.1499938964844,8711.349609375,2597.10009765625,3819.449951171875,5675.75,7427.89990234375,1790.449951171875,2595.14990234375
2013-01-21,6082.2998046875,12651.2021484375,6789.39990234375,14992.150390625,4765.10009765625,5940.89990234375,2818.300048828125,305.3500061035156,8798.0,2636.800048828125,3817.199951171875,5715.5498046875,7419.64990234375,1793.3499755859375,2606.25
2013-01-22,6048.5,12574.203125,6739.64990234375,14802.9501953125,4739.2998046875,5926.25,2793.75,299.0,8756.25,2614.300048828125,3756.85009765625,5624.7998046875,7373.60009765625,1785.3499755859375,2593.14990234375
2013-01-23,6054.2998046875,12635.0537109375,6725.7998046875,14785.150390625,4699.60009765625,5910.7998046875,2780.800048828125,290.8500061035156,8726.25,2629.800048828125,3737.0,5524.10009765625,7405.2001953125,1829.6500244140625,2581.800048828125
2013-01-24,6019.35009765625,12561.25390625,6742.39990234375,14910.150390625,4579.89990234375,5857.64990234375,2730.85009765625,276.1000061035156,8638.5498046875,2595.300048828125,3662.050048828125,5498.5,7343.39990234375,1782.8499755859375,2544.25
2013-01-25,6074.64990234375,12693.1025390625,6800.75,15056.599609375,4679.0498046875,5949.4501953125,2766.89990234375,289.54998779296875,8654.25,2625.39990234375,3764.64990234375,5559.35009765625,7403.64990234375,1811.5999755859375,2562.75
2013-01-28,6074.7998046875,12781.201171875,6822.7001953125,15082.75,4723.25,5936.39990234375,2773.10009765625,294.20001220703125,8565.900390625,2608.949951171875,3730.699951171875,5538.5498046875,7424.5498046875,1822.3499755859375,2550.300048828125
2013-01-29,6049.89990234375,12722.65234375,6792.2998046875,15166.099609375,4680.7998046875,5914.9501953125,2759.050048828125,287.0,8470.849609375,2595.949951171875,3674.300048828125,5509.0,7388.10009765625,1794.550048828125,2532.699951171875
2013-01-30,6055.75,12767.3515625,6787.85009765625,15176.4501953125,4658.5498046875,5929.2998046875,2766.0,290.70001220703125,8532.599609375,2567.89990234375,3619.0,5551.60009765625,7375.39990234375,1788.300048828125,2542.14990234375
2013-01-31,6034.75,12708.4521484375,6778.0,15265.349609375,4649.89990234375,5935.25,2773.25,294.79998779296875,8482.650390625,2561.550048828125,3698.699951171875,5542.5,7344.4501953125,1819.8499755859375,2543.550048828125
2013-02-01,5998.89990234375,12606.103515625,6752.64990234375,15302.599609375,4591.0498046875,5989.64990234375,2754.35009765625,291.3500061035156,8505.400390625,2537.64990234375,3656.89990234375,5508.75,7287.89990234375,1831.800048828125,2531.050048828125
2013-02-04,5987.25,12548.2041015625,6750.25,15257.7001953125,4628.14990234375,5907.5,2730.89990234375,289.79998779296875,8410.5,2519.89990234375,3539.199951171875,5486.5,7288.4501953125,1843.1500244140625,2507.199951171875
2013-02-05,5956.89990234375,12467.60546875,6728.7001953125,15069.75,4611.9501953125,5963.75,2713.10009765625,288.6499938964844,8344.0,2496.85009765625,3541.89990234375,5482.35009765625,7253.39990234375,1835.0,2504.199951171875
2013-02-06,5959.2001953125,12417.5556640625,6766.7998046875,15133.25,4605.5,5951.9501953125,2718.300048828125,291.04998779296875,8329.25,2481.64990234375,3534.949951171875,5492.5,7266.39990234375,1848.4000244140625,2508.89990234375
2013-02-07,5938.7998046875,12349.15625,6799.0,15119.150390625,4615.10009765625,5909.64990234375,2691.199951171875,286.3999938964844,8261.5498046875,2448.5,3489.10009765625,5459.7998046875,7242.89990234375,1811.0999755859375,2481.550048828125
2013-02-08,5903.5,12280.0078125,6852.7001953125,14989.5498046875,4566.0498046875,5837.35009765625,2654.050048828125,282.95001220703125,8166.25,2453.25,3438.35009765625,5382.14990234375,7234.5498046875,1802.0999755859375,2443.550048828125
2013-02-11,5897.85009765625,12332.8564453125,6832.0498046875,14950.150390625,4571.2001953125,5886.5498046875,2647.199951171875,284.6499938964844,8170.64990234375,2440.949951171875,3446.10009765625,5385.9501953125,7225.85009765625,1800.949951171875,2440.300048828125
2013-02-12,5922.5,12405.10546875,6791.89990234375,14997.7998046875,4611.75,5957.75,2642.550048828125,270.0,8261.4501953125,2447.199951171875,3453.449951171875,5386.5,7233.5,1795.0999755859375,2447.800048828125
2013-02-13,5932.9501953125,12384.9560546875,6884.14990234375,14916.0498046875,4628.0,5948.25,2612.64990234375,264.6000061035156,8252.7998046875,2423.35009765625,3395.699951171875,5339.39990234375,7264.0498046875,1775.550048828125,2434.449951171875
2013-02-14,5896.9501953125,12311.15625,6900.35009765625,14977.0498046875,4567.14990234375,5893.7998046875,2612.75,262.1499938964844,8124.39990234375,2366.64990234375,3357.39990234375,5311.5,7229.2001953125,1747.75,2424.89990234375
2013-02-15,5887.39990234375,12336.40625,6864.14990234375,14978.7998046875,4585.35009765625,5865.35009765625,2603.449951171875,262.3999938964844,8074.0498046875,2378.39990234375,3374.89990234375,5287.10009765625,7233.25,1731.550048828125,2414.89990234375
2013-02-18,5898.2001953125,12347.056640625,6834.7001953125,15036.0,4586.2001953125,5864.7001953125,2610.550048828125,267.70001220703125,8080.89990234375,2403.449951171875,3418.0,5338.35009765625,7248.14990234375,1727.699951171875,2418.050048828125
2013-02-19,5939.7001953125,12413.505859375,6936.25,15150.900390625,4627.89990234375,5938.25,2614.75,273.3500061035156,8151.89990234375,2408.550048828125,3450.64990234375,5403.0498046875,7290.5498046875,1733.800048828125,2440.699951171875
2013-02-20,5943.0498046875,12363.556640625,6972.0498046875,15089.150390625,4619.64990234375,5924.39990234375,2599.10009765625,275.20001220703125,8271.5498046875,2395.14990234375,3421.5,5423.7998046875,7274.2001953125,1722.5999755859375,2448.35009765625
2013-02-21,5852.25,12055.3603515625,6939.85009765625,14882.900390625,4550.7998046875,5907.35009765625,2520.699951171875,268.1499938964844,8156.14990234375,2348.550048828125,3344.89990234375,5336.7001953125,7157.0498046875,1676.75,2403.699951171875
2013-02-22,5850.2998046875,12068.8095703125,6992.85009765625,14665.25,4526.7998046875,5944.14990234375,2508.64990234375,272.20001220703125,8189.5,2374.39990234375,3338.800048828125,5274.39990234375,7182.9501953125,1687.550048828125,2405.050048828125
2013-02-25,5854.75,12037.16015625,7095.2001953125,14634.849609375,4563.64990234375,5954.5498046875,2476.550048828125,264.04998779296875,8128.2998046875,2349.699951171875,3333.39990234375,5271.4501953125,7217.2001953125,1683.3499755859375,2386.199951171875
2013-02-26,5761.35009765625,11844.7119140625,7156.75,14545.599609375,4436.0498046875,5833.7998046875,2410.550048828125,258.5,7912.7998046875,2324.10009765625,3282.699951171875,5223.75,7146.25,1657.1500244140625,2343.800048828125
2013-02-27,5796.89990234375,11930.361328125,7072.5,14669.849609375,4469.5498046875,5813.7998046875,2431.800048828125,264.75,7991.5,2371.89990234375,3323.699951171875,5219.4501953125,7166.9501953125,1685.0999755859375,2361.39990234375
2013-02-28,5693.0498046875,11487.2158203125,7106.64990234375,14594.25,4424.7998046875,5778.2001953125,2360.35009765625,257.1499938964844,7828.9501953125,2299.89990234375,3136.60009765625,5095.75,7002.85009765625,1645.8499755859375,2297.300048828125
2013-03-01,5719.7001953125,11539.916015625,7117.7001953125,14631.4501953125,4481.60009765625,5807.0,2378.75,246.8000030517578,7850.7998046875,2317.199951171875,3158.800048828125,5163.7998046875,7029.75,1677.050048828125,2311.800048828125
2013-03-04,5698.5,11575.46484375,7101.64990234375,14580.599609375,4454.25,5817.89990234375,2320.25,240.6999969482422,7838.0,2281.85009765625,3148.800048828125,5080.0498046875,7033.2998046875,1669.6500244140625,2267.64990234375
2013-03-05,5784.25,11791.9130859375,7200.2001953125,14703.099609375,4531.0498046875,5885.35009765625,2376.10009765625,248.39999389648438,7948.4501953125,2320.949951171875,3199.60009765625,5176.39990234375,7133.5498046875,1679.1500244140625,2314.35009765625
2013-03-06,5818.60009765625,11876.0625,7305.89990234375,14516.2001953125,4546.60009765625,5891.0,2413.5,260.20001220703125,7995.39990234375,2349.14990234375,3257.199951171875,5165.4501953125,7190.60009765625,1676.5999755859375,2332.800048828125
2013-03-07,5863.2998046875,11970.111328125,7410.25,14645.150390625,4578.0,5919.2998046875,2389.699951171875,265.04998779296875,8006.4501953125,2371.60009765625,3258.75,5147.35009765625,7253.5498046875,1695.5,2324.699951171875
2013-03-08,5945.7001953125,12197.1083984375,7357.0,14891.25,4601.25,5973.5,2445.35009765625,266.54998779296875,8150.7001953125,2407.449951171875,3305.550048828125,5178.25,7350.7998046875,1707.1500244140625,2362.0
2013-03-11,5942.35009765625,12165.2587890625,7304.60009765625,14915.599609375,4578.85009765625,6001.64990234375,2432.050048828125,270.3500061035156,8138.5498046875,2417.14990234375,3317.050048828125,5192.5,7347.75,1698.6500244140625,2359.800048828125
2013-03-12,5914.10009765625,12054.3603515625,7253.2001953125,14981.2001953125,4584.60009765625,5974.85009765625,2415.5,266.20001220703125,8106.0498046875,2386.25,3304.199951171875,5200.7001953125,7276.64990234375,1695.0,2347.14990234375
2013-03-13,5851.2001953125,11777.36328125,7170.39990234375,15052.150390625,4520.85009765625,5985.89990234375,2381.0,264.6499938964844,8037.0498046875,2375.14990234375,3238.10009765625,5169.10009765625,7155.25,1647.25,2320.75
2013-03-14,5908.9501953125,12020.6103515625,7212.39990234375,15117.099609375,4534.75,5989.64990234375,2396.949951171875,270.04998779296875,8124.2001953125,2399.199951171875,3324.10009765625,5231.89990234375,7242.7998046875,1680.8499755859375,2339.5
2013-03-15,5872.60009765625,11816.412109375,7224.35009765625,15127.2998046875,4498.60009765625,6003.85009765625,2378.39990234375,261.79998779296875,8038.39990234375,2379.14990234375,3320.800048828125,5231.14990234375,7189.14990234375,1694.800048828125,2324.0
2013-03-18,5835.25,11735.36328125,7198.64990234375,15245.7998046875,4438.5498046875,6029.5498046875,2328.199951171875,257.3500061035156,7960.14990234375,2368.10009765625,3307.550048828125,5225.7998046875,7138.0,1689.199951171875,2292.300048828125
2013-03-19,5745.9501953125,11507.916015625,7152.5498046875,15200.650390625,4375.4501953125,6020.25,2268.25,247.9499969482422,7851.39990234375,2304.5,3218.25,5154.0498046875,7012.10009765625,1652.0,2243.800048828125
2013-03-20,5694.39990234375,11254.71875,7158.25,15257.25,4373.2001953125,6026.7998046875,2237.699951171875,235.25,7744.5498046875,2234.14990234375,3107.699951171875,5165.35009765625,6901.0498046875,1603.25,2205.550048828125
2013-03-21,5658.75,11238.21875,7168.0498046875,15145.349609375,4283.10009765625,5980.2998046875,2214.699951171875,227.5500030517578,7629.89990234375,2202.14990234375,3050.89990234375,5083.4501953125,6915.89990234375,1572.5999755859375,2171.800048828125
2013-03-22,5651.35009765625,11203.919921875,7119.7998046875,15128.0498046875,4284.9501953125,5949.75,2218.39990234375,224.0500030517578,7617.14990234375,2201.10009765625,3058.14990234375,5078.7001953125,6901.89990234375,1598.9000244140625,2175.050048828125
2013-03-25,5633.85009765625,11125.521484375,7105.9501953125,15054.150390625,4247.89990234375,5939.75,2193.39990234375,226.14999389648438,7659.9501953125,2189.699951171875,3013.25,5061.0,6880.89990234375,1608.3499755859375,2177.050048828125
2013-03-26,5641.60009765625,11163.3203125,7137.0498046875,15240.2001953125,4258.64990234375,5953.75,2180.89990234375,221.0500030517578,7532.7001953125,2178.75,2995.10009765625,5091.75,6926.0498046875,1611.9000244140625,2159.35009765625
2013-03-28,5682.5498046875,11361.7177734375,7219.0498046875,15321.900390625,4224.60009765625,5953.0,2232.10009765625,223.9499969482422,7551.5,2209.800048828125,3048.0,5092.14990234375,7017.75,1631.5,2182.75
2013-04-01,5704.39990234375,11425.4169921875,7264.35009765625,15323.75,4195.0,6007.2998046875,2219.699951171875,236.0500030517578,7595.5498046875,2244.550048828125,3084.550048828125,5119.35009765625,7057.2001953125,1655.25,2189.699951171875
2013-04-02,5748.10009765625,11523.2666015625,7325.25,15321.900390625,4210.85009765625,6135.7998046875,2264.800048828125,237.9499969482422,7722.10009765625,2271.949951171875,3168.10009765625,5155.60009765625,7090.89990234375,1670.300048828125,2220.75
2013-04-03,5672.89990234375,11343.9677734375,7271.89990234375,15289.75,4111.5,6148.9501953125,2218.449951171875,231.14999389648438,7616.64990234375,2233.85009765625,3095.050048828125,5107.0,7007.2001953125,1646.199951171875,2194.550048828125
2013-04-04,5574.75,11126.12109375,7072.7001953125,15051.2998046875,4092.89990234375,6119.60009765625,2183.300048828125,223.14999389648438,7534.7001953125,2189.85009765625,3048.60009765625,5087.25,6855.0498046875,1613.449951171875,2158.5
2013-04-05,5553.25,11098.8212890625,7047.35009765625,14826.599609375,4116.4501953125,6132.0,2187.550048828125,222.3000030517578,7611.4501953125,2175.199951171875,3039.14990234375,5137.75,6807.2998046875,1610.1500244140625,2164.10009765625
2013-04-08,5542.9501953125,11012.5224609375,6977.10009765625,14945.599609375,4134.10009765625,6185.35009765625,2173.800048828125,222.14999389648438,7652.2001953125,2184.85009765625,2991.5,5147.35009765625,6765.75,1587.75,2169.300048828125
2013-04-09,5495.10009765625,10929.0234375,6905.7001953125,14717.5,4140.14990234375,6147.0,2162.699951171875,219.35000610351562,7541.85009765625,2166.39990234375,2928.75,5113.5498046875,6709.7998046875,1586.5999755859375,2157.800048828125
2013-04-10,5558.7001953125,11122.12109375,7042.9501953125,14634.25,4174.5,6167.9501953125,2170.10009765625,222.10000610351562,7568.64990234375,2207.10009765625,2977.64990234375,5116.0,6852.64990234375,1603.949951171875,2166.199951171875
2013-04-11,5594.0,11306.3681640625,7200.35009765625,14697.349609375,4206.89990234375,6231.25,2150.300048828125,227.60000610351562,7526.7998046875,2207.85009765625,2985.39990234375,5144.75,6911.14990234375,1607.4000244140625,2151.64990234375
2013-04-12,5528.5498046875,11409.966796875,6354.89990234375,14977.75,4180.5498046875,6242.10009765625,2150.949951171875,227.39999389648438,7579.2998046875,2211.85009765625,3038.300048828125,5175.14990234375,6716.85009765625,1596.050048828125,2169.050048828125
2013-04-15,5568.39990234375,11526.1162109375,6342.7001953125,15162.0498046875,4143.10009765625,6190.25,2129.5,227.5500030517578,7711.10009765625,2224.10009765625,3132.550048828125,5140.7998046875,6756.39990234375,1598.5,2182.75
2013-04-16,5688.9501953125,11871.4619140625,6301.10009765625,15455.7001953125,4245.0498046875,6287.10009765625,2157.449951171875,233.3000030517578,7869.75,2283.699951171875,3187.949951171875,5239.2998046875,6895.2001953125,1586.0,2223.25
2013-04-17,5688.7001953125,11980.91015625,6235.85009765625,15649.599609375,4298.2001953125,6344.0498046875,2175.699951171875,234.75,7714.7998046875,2276.10009765625,3227.64990234375,5264.64990234375,6888.25,1607.949951171875,2222.39990234375
2013-04-18,5783.10009765625,12288.107421875,6232.60009765625,15710.349609375,4397.75,6355.39990234375,2179.0,239.4499969482422,7809.14990234375,2333.050048828125,3309.10009765625,5313.2001953125,7033.2001953125,1637.6500244140625,2241.0
2013-04-22,5834.39990234375,12576.0537109375,6118.25,15788.650390625,4423.60009765625,6364.0,2227.60009765625,248.1999969482422,7857.35009765625,2393.35009765625,3372.25,5325.89990234375,7119.60009765625,1682.550048828125,2261.35009765625
2013-04-23,5836.89990234375,12543.2548828125,6156.89990234375,15769.099609375,4424.2998046875,6403.0,2224.699951171875,246.89999389648438,7896.7998046875,2377.199951171875,3323.5,5323.35009765625,7115.7001953125,1660.050048828125,2259.550048828125
2013-04-25,5916.2998046875,12726.7021484375,6059.7998046875,15861.650390625,4542.10009765625,6556.85009765625,2247.050048828125,245.8000030517578,8027.5,2403.199951171875,3374.60009765625,5355.9501953125,7193.35009765625,1699.25,2296.75
2013-04-26,5871.4501953125,12533.0048828125,5972.7001953125,15751.099609375,4574.75,6505.60009765625,2213.85009765625,240.1999969482422,7903.2998046875,2417.300048828125,3301.199951171875,5340.85009765625,7139.0498046875,1690.449951171875,2268.949951171875
2013-04-29,5904.10009765625,12609.00390625,6015.4501953125,16115.2998046875,4605.14990234375,6492.9501953125,2186.10009765625,244.4499969482422,7950.4501953125,2433.89990234375,3309.050048828125,5480.25,7171.85009765625,1693.050048828125,2274.199951171875
2013-04-30,5930.2001953125,12561.4033203125,6047.7001953125,16815.94921875,4632.4501953125,6550.14990234375,2199.300048828125,241.25,7935.10009765625,2429.39990234375,3288.39990234375,5816.14990234375,7158.9501953125,1721.199951171875,2275.14990234375
2013-05-02,5999.35009765625,12709.802734375,6205.89990234375,16988.400390625,4647.7001953125,6574.5498046875,2200.39990234375,244.4499969482422,8024.85009765625,2469.10009765625,3333.300048828125,5803.2001953125,7276.60009765625,1732.699951171875,2289.64990234375
2013-05-03,5944.0,12393.455078125,6224.7001953125,16903.650390625,4589.35009765625,6586.75,2231.25,241.39999389648438,7939.0498046875,2476.0,3229.25,5799.75,7178.0498046875,1734.3499755859375,2286.199951171875
2013-05-06,5971.0498046875,12396.255859375,6343.25,16779.55078125,4658.2001953125,6610.0498046875,2276.89990234375,241.6999969482422,8016.75,2475.0,3237.949951171875,5831.60009765625,7210.25,1749.300048828125,2303.300048828125
2013-05-07,6043.5498046875,12631.353515625,6372.75,17119.599609375,4705.7001953125,6678.64990234375,2277.35009765625,245.64999389648438,8060.5498046875,2504.39990234375,3267.89990234375,5878.0,7295.2001953125,1750.0999755859375,2312.449951171875
2013-05-08,6069.2998046875,12642.9033203125,6380.14990234375,17337.25,4687.10009765625,6676.60009765625,2266.550048828125,246.14999389648438,8065.0,2484.85009765625,3254.800048828125,5875.39990234375,7331.39990234375,1799.800048828125,2309.449951171875
2013-05-09,6050.14990234375,12596.1533203125,6426.4501953125,17347.19921875,4675.64990234375,6560.2998046875,2237.5,243.5,8017.7998046875,2480.60009765625,3306.300048828125,5861.5498046875,7323.7998046875,1784.550048828125,2301.75
2013-05-10,6094.75,12752.1513671875,6439.85009765625,17625.849609375,4776.75,6596.4501953125,2234.10009765625,244.25,8019.4501953125,2477.050048828125,3313.10009765625,5912.64990234375,7363.2001953125,1782.4000244140625,2304.5
2013-05-13,5980.4501953125,12568.703125,6316.0,17133.75,4675.0,6654.0,2188.949951171875,240.0500030517578,7906.64990234375,2421.050048828125,3265.25,5855.0,7240.25,1762.800048828125,2265.75
2013-05-14,5995.39990234375,12583.453125,6328.0498046875,17124.5,4675.89990234375,6703.39990234375,2188.199951171875,238.89999389648438,7935.7001953125,2438.39990234375,3285.14990234375,5878.89990234375,7271.75,1787.199951171875,2273.39990234375
2013-05-15,6146.75,13077.748046875,6359.7001953125,17380.30078125,4788.2998046875,6827.2998046875,2230.35009765625,249.3000030517578,8090.64990234375,2496.75,3422.300048828125,5906.2998046875,7480.39990234375,1812.449951171875,2310.199951171875
2013-05-16,6169.89990234375,13239.2958984375,6292.14990234375,17233.099609375,4765.10009765625,6912.35009765625,2236.300048828125,253.89999389648438,8193.150390625,2511.60009765625,3443.5,5901.89990234375,7503.5498046875,1798.199951171875,2329.10009765625
2013-05-17,6187.2998046875,13316.9453125,6331.0498046875,17236.900390625,4761.0,6885.14990234375,2231.449951171875,259.04998779296875,8217.150390625,2554.85009765625,3466.64990234375,5940.75,7534.85009765625,1783.1500244140625,2341.35009765625
2013-05-20,6156.89990234375,13181.3466796875,6358.75,17152.849609375,4802.85009765625,6759.25,2232.64990234375,257.3500061035156,8140.75,2534.199951171875,3458.449951171875,5910.0498046875,7491.10009765625,1784.8499755859375,2331.14990234375
2013-05-21,6114.10009765625,13066.34765625,6421.0,17057.75,4729.7998046875,6726.2001953125,2220.5,251.3000030517578,8044.7001953125,2499.300048828125,3409.35009765625,5869.75,7462.7998046875,1783.25,2297.0
2013-05-22,6094.5,13008.0986328125,6420.2001953125,17220.349609375,4711.85009765625,6778.7998046875,2209.75,242.1999969482422,7979.25,2448.85009765625,3372.89990234375,5860.2001953125,7447.9501953125,1763.800048828125,2283.699951171875
2013-05-23,5967.0498046875,12636.353515625,6378.4501953125,17070.150390625,4637.60009765625,6725.60009765625,2168.699951171875,227.39999389648438,7729.39990234375,2332.949951171875,3187.0,5805.89990234375,7297.25,1743.1500244140625,2230.14990234375
2013-05-24,5983.5498046875,12769.201171875,6330.7998046875,17093.80078125,4645.0,6664.14990234375,2199.300048828125,228.85000610351562,7754.0498046875,2362.5,3175.300048828125,5835.7998046875,7327.5,1734.800048828125,2250.85009765625
2013-05-27,6083.14990234375,12961.3994140625,6410.9501953125,17293.25,4669.35009765625,6745.10009765625,2239.199951171875,233.10000610351562,7972.5,2403.25,3188.39990234375,5877.39990234375,7454.39990234375,1740.9000244140625,2287.85009765625
2013-05-28,6111.25,12949.849609375,6431.60009765625,17424.30078125,4736.14990234375,6698.35009765625,2255.449951171875,233.85000610351562,8093.64990234375,2419.25,3180.60009765625,5863.5498046875,7457.39990234375,1736.9000244140625,2302.85009765625
2013-05-29,6104.2998046875,12853.05078125,6396.25,17547.44921875,4752.25,6856.0498046875,2235.5,227.6999969482422,8098.4501953125,2400.75,3135.14990234375,5854.7998046875,7404.4501953125,1737.75,2286.75
2013-05-30,6124.0498046875,12805.751953125,6390.39990234375,17884.55078125,4855.39990234375,6814.85009765625,2210.199951171875,221.75,8059.0,2393.75,3131.800048828125,5863.85009765625,7400.5498046875,1731.3499755859375,2279.050048828125
2013-05-31,5985.9501953125,12475.505859375,6472.0498046875,17509.05078125,4769.0498046875,6729.25,2155.10009765625,213.75,7852.10009765625,2341.300048828125,3035.10009765625,5863.60009765625,7257.35009765625,1691.949951171875,2229.14990234375
2013-06-03,5939.2998046875,12401.955078125,6551.64990234375,17412.75,4726.7001953125,6715.25,2167.25,214.60000610351562,7701.5,2328.800048828125,3060.949951171875,5845.0498046875,7237.75,1728.800048828125,2210.39990234375
2013-06-04,5919.4501953125,12274.95703125,6516.64990234375,17485.25,4706.75,6839.10009765625,2162.050048828125,212.5500030517578,7701.35009765625,2349.0,3023.85009765625,5832.0,7191.64990234375,1730.300048828125,2211.199951171875
2013-06-05,5923.85009765625,12289.20703125,6474.0,17394.69921875,4713.2998046875,6858.35009765625,2171.300048828125,215.89999389648438,7825.5498046875,2357.550048828125,3029.14990234375,5845.85009765625,7168.5,1714.3499755859375,2222.050048828125
2013-06-06,5921.39990234375,12398.255859375,6451.5498046875,17378.0,4713.14990234375,6774.75,2163.14990234375,216.89999389648438,7750.0,2346.699951171875,3067.300048828125,5858.75,7176.14990234375,1717.5,2217.10009765625
2013-06-07,5881.0,12231.357421875,6540.0498046875,17315.099609375,4646.10009765625,6782.7001953125,2137.0,213.89999389648438,7666.10009765625,2308.550048828125,3010.050048828125,5810.39990234375,7132.2001953125,1698.550048828125,2194.64990234375
2013-06-10,5878.0,12086.9091796875,6604.7001953125,17373.349609375,4619.60009765625,6705.9501953125,2119.60009765625,210.64999389648438,7690.4501953125,2287.10009765625,2981.300048828125,5762.60009765625,7118.7001953125,1687.800048828125,2190.89990234375
2013-06-11,5788.7998046875,11820.3623046875,6550.9501953125,17251.94921875,4564.5498046875,6686.2001953125,2025.75,202.64999389648438,7576.14990234375,2254.699951171875,2954.949951171875,5713.60009765625,6988.2998046875,1653.75,2137.25
2013-06-12,5760.2001953125,11814.7119140625,6438.60009765625,17066.900390625,4535.4501953125,6731.5,1991.9000244140625,202.8000030517578,7599.39990234375,2247.800048828125,2971.60009765625,5694.10009765625,6941.14990234375,1624.0999755859375,2121.699951171875
2013-06-13,5699.10009765625,11686.6142578125,6334.60009765625,16872.19921875,4419.35009765625,6607.2998046875,1971.199951171875,198.14999389648438,7551.89990234375,2236.550048828125,2940.0,5644.4501953125,6864.64990234375,1594.3499755859375,2099.800048828125
2013-06-14,5808.39990234375,11922.7109375,6370.39990234375,17037.75,4543.2001953125,6656.89990234375,2023.0,202.85000610351562,7721.85009765625,2289.35009765625,2987.0,5689.14990234375,6983.25,1613.1500244140625,2146.800048828125
2013-06-17,5850.0498046875,11970.9111328125,6423.2001953125,17123.05078125,4625.9501953125,6674.4501953125,2021.1500244140625,202.85000610351562,7768.10009765625,2313.199951171875,3003.0,5710.2998046875,7032.25,1626.550048828125,2155.10009765625
2013-06-18,5813.60009765625,11820.8125,6451.9501953125,17063.25,4617.89990234375,6671.25,2035.550048828125,202.39999389648438,7710.5,2303.0,2962.449951171875,5697.75,6987.4501953125,1655.5,2149.199951171875
2013-06-19,5822.25,11852.5126953125,6435.10009765625,17061.19921875,4591.0498046875,6647.5,2060.85009765625,204.60000610351562,7740.14990234375,2311.0,2964.449951171875,5733.25,7010.5,1663.449951171875,2158.25
2013-06-20,5655.89990234375,11375.2685546875,6290.14990234375,16747.19921875,4512.7001953125,6617.10009765625,1967.0,193.64999389648438,7487.75,2235.800048828125,2844.949951171875,5689.4501953125,6775.2998046875,1637.8499755859375,2090.5
2013-06-21,5667.64990234375,11340.0185546875,6381.85009765625,16696.349609375,4505.64990234375,6597.85009765625,1941.1500244140625,191.1999969482422,7521.75,2233.75,2789.10009765625,5691.0498046875,6798.25,1652.449951171875,2085.35009765625
2013-06-24,5590.25,11178.169921875,6309.4501953125,16341.7998046875,4439.75,6552.7998046875,1920.25,182.25,7432.89990234375,2174.64990234375,2718.75,5585.2998046875,6716.2998046875,1618.1500244140625,2051.699951171875
2013-06-25,5609.10009765625,11180.919921875,6268.85009765625,16425.25,4457.0498046875,6515.75,1912.8499755859375,183.0500030517578,7493.5,2185.050048828125,2678.35009765625,5590.14990234375,6702.7998046875,1595.5999755859375,2053.35009765625
2013-06-26,5588.7001953125,11066.4208984375,6378.35009765625,16567.099609375,4379.89990234375,6442.5498046875,1886.4000244140625,182.1999969482422,7519.2998046875,2162.699951171875,2669.449951171875,5568.64990234375,6688.0498046875,1597.5999755859375,2046.0
2013-06-27,5682.35009765625,11235.619140625,6587.14990234375,16564.44921875,4404.5498046875,6597.7001953125,1887.949951171875,185.60000610351562,7708.85009765625,2168.75,2673.89990234375,5587.9501953125,6828.0498046875,1625.9000244140625,2075.949951171875
2013-06-28,5842.2001953125,11617.115234375,6634.14990234375,16688.19921875,4539.4501953125,6756.2998046875,1969.199951171875,192.25,7998.5,2255.199951171875,2743.800048828125,5638.60009765625,7023.64990234375,1656.25,2141.449951171875
2013-07-01,5898.85009765625,11714.7646484375,6526.4501953125,16965.150390625,4630.14990234375,6838.85009765625,2008.25,202.85000610351562,8153.7998046875,2324.050048828125,2837.949951171875,5720.35009765625,7067.75,1708.3499755859375,2181.800048828125
2013-07-02,5857.5498046875,11614.115234375,6474.25,16938.75,4589.35009765625,6880.9501953125,1987.5999755859375,198.60000610351562,8048.5498046875,2310.60009765625,2793.75,5707.5,7006.60009765625,1678.1500244140625,2159.5
2013-07-03,5770.89990234375,11357.66796875,6451.2998046875,16998.94921875,4556.75,6918.85009765625,1932.3499755859375,188.8000030517578,7841.75,2251.14990234375,2649.64990234375,5689.89990234375,6880.9501953125,1670.199951171875,2111.35009765625
2013-07-04,5836.9501953125,11381.068359375,6633.2001953125,17489.94921875,4588.25,6968.14990234375,1929.199951171875,191.14999389648438,7906.9501953125,2268.75,2655.0,5728.39990234375,6946.85009765625,1676.75,2122.75
2013-07-05,5867.89990234375,11434.1669921875,6604.7001953125,17636.349609375,4593.2001953125,6983.9501953125,1938.3499755859375,191.8000030517578,8005.14990234375,2267.0,2663.85009765625,5761.85009765625,6949.25,1666.8499755859375,2135.0
2013-07-08,5811.5498046875,11283.1689453125,6607.9501953125,17748.30078125,4524.60009765625,6979.35009765625,1911.25,187.9499969482422,7848.14990234375,2262.800048828125,2638.75,5756.4501953125,6873.10009765625,1675.5999755859375,2110.64990234375
2013-07-09,5859.0,11442.3173828125,6653.89990234375,17782.5,4535.10009765625,7097.4501953125,1917.75,191.5500030517578,7909.64990234375,2293.25,2688.25,5765.10009765625,6948.9501953125,1694.3499755859375,2123.75
2013-07-10,5816.7001953125,11364.318359375,6690.9501953125,17666.25,4470.64990234375,7117.0498046875,1899.199951171875,189.0500030517578,7767.7998046875,2272.0,2648.10009765625,5711.64990234375,6921.89990234375,1671.949951171875,2101.699951171875
2013-07-11,5935.10009765625,11655.1640625,6799.5,17953.69921875,4489.7998046875,7174.2998046875,1948.25,194.3000030517578,7920.4501953125,2319.89990234375,2693.699951171875,5750.75,7078.2998046875,1667.25,2141.75
2013-07-12,6009.0,11722.6630859375,7249.39990234375,17874.75,4492.9501953125,7251.4501953125,1948.949951171875,193.25,7992.89990234375,2359.10009765625,2679.699951171875,5749.14990234375,7232.5,1677.75,2142.85009765625
2013-07-15,6030.7998046875,11790.11328125,7225.39990234375,18067.349609375,4515.0,7272.10009765625,1948.75,197.5,8013.10009765625,2377.949951171875,2732.35009765625,5820.85009765625,7248.7998046875,1693.0,2142.60009765625
2013-07-16,5955.25,11226.01953125,7208.7998046875,18362.099609375,4485.5498046875,7235.89990234375,1916.6500244140625,185.1999969482422,8062.0498046875,2355.300048828125,2595.199951171875,5841.5,7061.2001953125,1672.800048828125,2138.85009765625
2013-07-17,5973.2998046875,10971.4716796875,7272.0,19001.150390625,4449.75,7234.2998046875,1879.3499755859375,184.64999389648438,8140.4501953125,2345.10009765625,2540.85009765625,6079.0,7013.2998046875,1671.8499755859375,2135.60009765625
2013-07-18,6038.0498046875,11187.5703125,7306.35009765625,19133.55078125,4462.2998046875,7301.60009765625,1896.0,190.14999389648438,8238.2001953125,2380.800048828125,2591.699951171875,6112.10009765625,7108.4501953125,1696.8499755859375,2160.85009765625
2013-07-19,6029.2001953125,10973.7724609375,7503.7001953125,19100.849609375,4536.5,7241.2998046875,1891.25,186.5,8276.4501953125,2355.39990234375,2562.0,6063.85009765625,7078.14990234375,1678.1500244140625,2159.199951171875
2013-07-22,6031.7998046875,11086.8212890625,7556.5498046875,19105.099609375,4584.60009765625,7235.85009765625,1885.300048828125,185.35000610351562,8162.89990234375,2298.0,2590.0,6060.4501953125,7157.39990234375,1689.550048828125,2138.14990234375
2013-07-23,6077.7998046875,11239.5693359375,7604.0,19407.849609375,4600.10009765625,7240.60009765625,1894.550048828125,187.9499969482422,8203.349609375,2295.64990234375,2646.199951171875,6128.10009765625,7206.7001953125,1698.800048828125,2148.35009765625
2013-07-24,5990.5,10720.025390625,7669.25,19344.19921875,4536.35009765625,7257.0,1859.050048828125,185.5,8152.64990234375,2262.300048828125,2533.050048828125,6042.64990234375,7054.25,1675.0,2120.14990234375
2013-07-25,5907.5,10613.876953125,7678.14990234375,18685.80078125,4547.5498046875,7129.9501953125,1827.699951171875,184.60000610351562,8032.9501953125,2241.39990234375,2511.800048828125,5879.85009765625,7030.14990234375,1724.699951171875,2076.800048828125
2013-07-26,5886.2001953125,10465.1279296875,7663.0,18743.349609375,4527.75,7158.35009765625,1768.5,182.10000610351562,8009.0,2230.25,2436.0,5783.7998046875,6984.35009765625,1678.8499755859375,2059.60009765625
2013-07-29,5831.64990234375,10330.8798828125,7673.2998046875,18258.849609375,4535.39990234375,7132.75,1736.75,178.0,7934.64990234375,2208.14990234375,2392.60009765625,5642.2998046875,6939.0,1661.75,2033.949951171875
2013-07-30,5755.0498046875,10209.4306640625,7718.85009765625,17898.0,4441.39990234375,7056.10009765625,1704.699951171875,171.85000610351562,7641.4501953125,2160.10009765625,2346.39990234375,5547.4501953125,6890.5,1616.800048828125,1977.75
2013-07-31,5742.0,10015.6337890625,7787.35009765625,17480.94921875,4474.0,7107.85009765625,1736.300048828125,167.5500030517578,7716.64990234375,2178.949951171875,2361.89990234375,5530.7998046875,6871.75,1650.0999755859375,1988.1500244140625
2013-08-01,5727.85009765625,10142.83203125,7777.10009765625,17435.150390625,4411.5498046875,7102.4501953125,1700.949951171875,160.25,7550.0,2157.10009765625,2277.85009765625,5539.75,6905.89990234375,1627.25,1948.9000244140625
2013-08-02,5677.89990234375,9997.68359375,7858.35009765625,17148.150390625,4390.35009765625,7036.10009765625,1639.050048828125,153.75,7502.85009765625,2095.89990234375,2222.699951171875,5457.7001953125,6857.10009765625,1637.6500244140625,1913.5999755859375
2013-08-05,5685.39990234375,10094.783203125,7916.5,17262.44921875,4369.4501953125,6995.9501953125,1677.449951171875,154.0,7538.14990234375,2065.050048828125,2255.800048828125,5477.39990234375,6898.7001953125,1669.75,1932.0
2013-08-06,5542.25,9702.9873046875,7877.14990234375,16950.400390625,4329.75,6927.9501953125,1628.199951171875,146.89999389648438,7338.85009765625,2010.550048828125,2183.39990234375,5412.89990234375,6698.7998046875,1603.75,1868.5
2013-08-07,5519.10009765625,9757.13671875,7767.75,16687.099609375,4268.75,6877.5498046875,1679.699951171875,155.10000610351562,7550.0,2029.449951171875,2265.5,5441.60009765625,6671.7001953125,1590.050048828125,1904.5
2013-08-08,5565.64990234375,9816.2861328125,7801.4501953125,16797.400390625,4344.75,6856.10009765625,1725.5999755859375,158.60000610351562,7543.14990234375,2060.300048828125,2233.800048828125,5524.2998046875,6740.10009765625,1610.0999755859375,1931.0
2013-08-12,5612.39990234375,9711.287109375,7841.4501953125,17198.94921875,4384.35009765625,6986.0,1802.9000244140625,159.8000030517578,7493.7001953125,2089.10009765625,2199.60009765625,5582.7998046875,6753.25,1621.5,1967.5999755859375
2013-08-13,5699.2998046875,9985.5341796875,7976.25,17325.349609375,4480.60009765625,7101.85009765625,1800.75,167.85000610351562,7555.7998046875,2124.35009765625,2221.800048828125,5618.4501953125,6921.7001953125,1659.0,1974.800048828125
2013-08-14,5742.2998046875,10026.2841796875,7956.10009765625,17353.69921875,4622.4501953125,7085.14990234375,1849.4000244140625,172.6999969482422,7736.60009765625,2127.35009765625,2225.0,5602.4501953125,6931.2001953125,1700.4000244140625,2020.8499755859375
2013-08-16,5507.85009765625,9450.740234375,7774.2001953125,16684.650390625,4512.60009765625,6960.75,1748.199951171875,161.1999969482422,7394.25,2031.449951171875,2105.300048828125,5450.89990234375,6632.0,1625.550048828125,1928.8499755859375
2013-08-19,5414.75,9144.8935546875,7793.2001953125,16313.349609375,4368.5498046875,6778.0498046875,1777.5999755859375,161.5500030517578,7309.75,1986.25,2034.1500244140625,5358.9501953125,6527.14990234375,1599.050048828125,1921.050048828125
2013-08-20,5401.4501953125,9218.8427734375,7693.5,16336.9501953125,4274.2001953125,6694.75,1840.699951171875,165.9499969482422,7320.7001953125,1982.300048828125,2059.199951171875,5373.7001953125,6503.2001953125,1572.75,1937.9000244140625
2013-08-21,5302.5498046875,9264.29296875,7594.0498046875,15805.0,4210.2001953125,6497.2001953125,1786.8499755859375,159.5,7058.25,1920.1500244140625,2038.550048828125,5285.75,6475.7001953125,1558.199951171875,1877.5
2013-08-22,5408.4501953125,9268.79296875,7777.5,16050.7998046875,4281.75,6676.5,1921.5999755859375,158.64999389648438,7284.5,1965.300048828125,2068.60009765625,5381.0,6540.64990234375,1539.6500244140625,1952.8499755859375
2013-08-23,5471.75,9469.9892578125,7893.2001953125,16176.4501953125,4355.4501953125,6710.2001953125,1944.5999755859375,155.4499969482422,7377.85009765625,1975.949951171875,2074.5,5413.75,6622.85009765625,1537.449951171875,1966.449951171875
2013-08-26,5476.5,9373.4404296875,7958.64990234375,16210.349609375,4357.75,6785.5,1959.25,157.75,7374.64990234375,1996.550048828125,2074.300048828125,5494.25,6610.2001953125,1561.6500244140625,1980.25
2013-08-27,5287.4501953125,8870.396484375,7975.7998046875,15766.0,4244.35009765625,6649.0498046875,1891.449951171875,151.0,7152.5498046875,1902.050048828125,2006.3499755859375,5379.10009765625,6358.0,1526.4000244140625,1909.75
2013-08-28,5285.0,8760.748046875,8175.2998046875,15703.5,4249.39990234375,6727.25,1921.1500244140625,149.14999389648438,7127.85009765625,1898.75,1960.300048828125,5383.60009765625,6340.14990234375,1484.050048828125,1908.199951171875
2013-08-29,5409.0498046875,8904.49609375,8246.900390625,16059.25,4347.0,6849.2001953125,1973.25,149.75,7339.75,1955.8499755859375,1951.25,5494.39990234375,6477.7998046875,1521.9000244140625,1943.5999755859375
2013-08-30,5471.7998046875,9049.0947265625,8382.400390625,16283.0498046875,4345.60009765625,6980.5498046875,1932.550048828125,149.5500030517578,7379.89990234375,1957.3499755859375,1990.199951171875,5591.9501953125,6583.7001953125,1549.199951171875,1935.550048828125
2013-09-02,5550.75,9139.3935546875,8396.900390625,16828.349609375,4354.5498046875,7046.60009765625,1993.4000244140625,154.75,7539.25,1975.4000244140625,2010.1500244140625,5685.2001953125,6639.25,1587.5,1964.800048828125
2013-09-03,5341.4501953125,8664.099609375,8259.400390625,16048.75,4291.39990234375,6871.4501953125,1939.75,147.1999969482422,7255.2998046875,1896.1500244140625,1939.0,5524.35009765625,6391.89990234375,1516.5,1913.300048828125
2013-09-04,5448.10009765625,8845.6474609375,8454.099609375,16126.400390625,4398.9501953125,7046.2998046875,1990.9000244140625,146.6999969482422,7404.7998046875,1941.300048828125,1962.3499755859375,5565.7001953125,6527.7998046875,1503.550048828125,1952.550048828125
2013-09-05,5592.9501953125,9682.2880859375,8203.400390625,16606.30078125,4443.0,7023.5,2015.4000244140625,155.35000610351562,7535.5,1976.6500244140625,2132.300048828125,5605.9501953125,6726.14990234375,1540.550048828125,1989.449951171875
2013-09-06,5680.39990234375,9961.2841796875,8216.5,16678.44921875,4432.85009765625,7103.7998046875,2019.1500244140625,155.1999969482422,7677.85009765625,2037.1500244140625,2118.64990234375,5580.2001953125,6848.7998046875,1529.8499755859375,2018.75
2013-09-10,5896.75,10188.1318359375,8411.0498046875,17576.30078125,4697.9501953125,7192.7001953125,2078.75,159.4499969482422,7822.5,2137.199951171875,2129.14990234375,5834.2001953125,7066.14990234375,1558.8499755859375,2075.699951171875
2013-09-11,5913.14990234375,10368.9794921875,8373.25,17376.900390625,4706.10009765625,7266.64990234375,2144.300048828125,164.3000030517578,7786.10009765625,2149.64990234375,2242.60009765625,5866.25,7105.0,1558.449951171875,2107.449951171875
2013-09-12,5850.7001953125,10158.431640625,8270.150390625,17506.0,4627.75,7275.64990234375,2088.25,165.14999389648438,7707.0,2129.14990234375,2218.449951171875,5751.85009765625,7019.85009765625,1551.050048828125,2073.64990234375
2013-09-13,5850.60009765625,10180.33203125,8172.64990234375,17306.400390625,4662.0498046875,7287.89990234375,2101.699951171875,169.8000030517578,7746.10009765625,2169.60009765625,2249.10009765625,5738.25,7002.64990234375,1561.949951171875,2090.89990234375
2013-09-16,5840.5498046875,10368.2802734375,8017.2001953125,17382.349609375,4683.10009765625,7107.0,2076.39990234375,165.85000610351562,7729.2998046875,2169.75,2241.050048828125,5627.89990234375,7024.7001953125,1555.75,2075.85009765625
2013-09-17,5850.2001953125,10279.48046875,8154.25,17499.5,4713.4501953125,7096.4501953125,2094.050048828125,164.75,7671.5,2154.75,2210.0,5685.75,7019.5,1558.0999755859375,2081.5
2013-09-18,5899.4501953125,10447.728515625,8159.10009765625,17748.900390625,4716.75,7152.60009765625,2094.050048828125,168.1999969482422,7767.2001953125,2173.5,2261.85009765625,5727.60009765625,7067.2001953125,1574.949951171875,2098.60009765625
2013-09-19,6115.5498046875,11148.5205078125,8156.9501953125,18316.400390625,4847.25,7245.9501953125,2172.10009765625,178.0500030517578,7988.25,2273.75,2448.550048828125,5938.64990234375,7337.85009765625,1588.699951171875,2176.300048828125
2013-09-20,6012.10009765625,10686.67578125,8132.7998046875,18149.69921875,4773.4501953125,7260.7001953125,2142.25,164.75,7924.4501953125,2229.550048828125,2342.0,5867.5,7181.0498046875,1575.5,2171.550048828125
2013-09-23,5889.75,10211.5810546875,8200.7001953125,17907.94921875,4714.39990234375,7185.60009765625,2146.10009765625,157.35000610351562,7764.2001953125,2168.5,2208.39990234375,5807.7001953125,7012.60009765625,1570.75,2141.25
2013-09-24,5892.4501953125,10175.7822265625,8169.10009765625,17905.94921875,4769.75,7205.0498046875,2121.89990234375,157.0,7774.7998046875,2181.550048828125,2191.199951171875,5807.7998046875,7007.7001953125,1587.800048828125,2134.89990234375
2013-09-25,5873.85009765625,10081.5830078125,8187.5498046875,17726.099609375,4769.14990234375,7299.85009765625,2145.699951171875,156.60000610351562,7704.2998046875,2216.300048828125,2229.75,5799.35009765625,6993.35009765625,1629.050048828125,2141.949951171875
2013-09-26,5882.25,10098.1328125,8157.7998046875,17833.80078125,4766.64990234375,7362.85009765625,2156.39990234375,155.5,7637.2001953125,2223.35009765625,2215.449951171875,5775.14990234375,6998.75,1632.6500244140625,2139.35009765625
2013-09-27,5833.2001953125,9899.634765625,8166.5498046875,17872.80078125,4748.75,7364.60009765625,2122.35009765625,153.4499969482422,7630.14990234375,2187.050048828125,2180.25,5736.5,6922.39990234375,1625.0999755859375,2126.89990234375
2013-09-30,5735.2998046875,9617.6884765625,8167.7998046875,17637.400390625,4681.9501953125,7361.0498046875,2067.800048828125,149.64999389648438,7515.35009765625,2135.64990234375,2134.449951171875,5739.75,6806.89990234375,1586.9000244140625,2091.85009765625
2013-10-01,5780.0498046875,9883.1845703125,8181.64990234375,17667.099609375,4727.10009765625,7382.5,2064.300048828125,154.0,7446.5,2149.949951171875,2172.85009765625,5711.5,6904.85009765625,1599.4000244140625,2076.5
2013-10-03,5909.7001953125,10222.8310546875,8360.849609375,17533.69921875,4843.5498046875,7467.2998046875,2145.60009765625,157.1999969482422,7624.0,2195.5,2223.550048828125,5795.5498046875,7083.60009765625,1658.25,2142.85009765625
2013-10-04,5907.2998046875,10197.0322265625,8352.349609375,17572.75,4887.60009765625,7472.4501953125,2160.550048828125,159.75,7633.64990234375,2185.39990234375,2211.10009765625,5802.25,7063.85009765625,1657.0,2148.39990234375
2013-10-07,5906.14990234375,10081.982421875,8461.5498046875,17602.650390625,4888.2001953125,7552.64990234375,2181.60009765625,159.14999389648438,7613.7001953125,2178.35009765625,2197.0,5844.2998046875,7063.2998046875,1674.300048828125,2158.14990234375
2013-10-08,5928.39990234375,10141.33203125,8435.0,17793.75,4889.7001953125,7565.85009765625,2164.75,161.10000610351562,7641.5498046875,2217.5,2182.60009765625,5823.10009765625,7079.7998046875,1647.800048828125,2161.0
2013-10-09,6007.4501953125,10334.830078125,8564.4501953125,17839.150390625,4917.0,7710.60009765625,2183.199951171875,168.5500030517578,7744.0498046875,2250.10009765625,2201.64990234375,5818.0,7191.5498046875,1653.1500244140625,2180.199951171875
2013-10-10,6020.9501953125,10288.8310546875,8603.7998046875,17833.599609375,5006.2998046875,7731.5498046875,2195.949951171875,169.4499969482422,7744.64990234375,2252.39990234375,2220.64990234375,5837.14990234375,7193.89990234375,1652.5999755859375,2189.550048828125
2013-10-11,6096.2001953125,10622.02734375,8870.150390625,17673.94921875,5099.4501953125,7642.0498046875,2164.449951171875,174.25,7741.2998046875,2271.0,2264.199951171875,5844.14990234375,7356.7001953125,1656.4000244140625,2170.0
2013-10-14,6112.7001953125,10665.1259765625,9061.75,17558.5,5116.0498046875,7612.85009765625,2148.300048828125,173.85000610351562,7760.9501953125,2266.300048828125,2281.800048828125,5818.7998046875,7412.14990234375,1651.3499755859375,2171.35009765625
2013-10-15,6089.0498046875,10389.12890625,9120.2998046875,17545.69921875,5085.89990234375,7589.0,2163.949951171875,171.10000610351562,7741.10009765625,2264.85009765625,2210.85009765625,5820.14990234375,7355.7998046875,1642.449951171875,2170.449951171875
2013-10-17,6045.85009765625,10336.4296875,8797.849609375,17722.44921875,5024.9501953125,7546.9501953125,2164.39990234375,169.14999389648438,7811.0,2245.35009765625,2184.25,5828.2001953125,7242.75,1667.25,2174.800048828125
2013-10-18,6189.35009765625,10744.775390625,8893.849609375,18091.400390625,5091.9501953125,7632.2001953125,2236.64990234375,174.3000030517578,7969.0,2300.64990234375,2243.800048828125,5917.5,7424.60009765625,1691.199951171875,2219.050048828125
2013-10-21,6204.9501953125,10797.423828125,8854.900390625,17839.5,5122.85009765625,7634.2998046875,2277.89990234375,179.6999969482422,8025.2001953125,2345.050048828125,2271.699951171875,5985.4501953125,7438.0,1748.8499755859375,2240.75
2013-10-22,6202.7998046875,10808.9736328125,8915.150390625,17795.0,5099.89990234375,7648.14990234375,2283.35009765625,178.5,8030.39990234375,2367.85009765625,2273.550048828125,5984.64990234375,7458.25,1753.699951171875,2247.25
2013-10-23,6178.35009765625,10880.5244140625,8829.5498046875,17842.80078125,5059.75,7582.64990234375,2274.699951171875,176.14999389648438,7949.9501953125,2354.0,2334.75,5998.4501953125,7439.7998046875,1761.050048828125,2226.14990234375
2013-10-24,6164.35009765625,10902.3232421875,8681.650390625,17889.400390625,5094.75,7542.89990234375,2259.89990234375,174.0500030517578,7892.75,2351.550048828125,2340.949951171875,5965.35009765625,7396.7001953125,1727.449951171875,2215.25
2013-10-25,6144.89990234375,10896.373046875,8812.5498046875,17723.94921875,5039.35009765625,7473.2001953125,2230.35009765625,170.0,7880.2998046875,2317.050048828125,2330.25,5913.7001953125,7422.2998046875,1744.699951171875,2198.949951171875
2013-10-28,6101.10009765625,10773.0751953125,8783.2001953125,17268.900390625,5034.85009765625,7397.5498046875,2195.5,165.9499969482422,7882.2998046875,2306.35009765625,2260.85009765625,5846.4501953125,7376.64990234375,1713.949951171875,2177.949951171875
2013-10-29,6220.89990234375,11241.51953125,8822.099609375,17363.94921875,5153.5498046875,7508.2998046875,2244.949951171875,170.4499969482422,7968.25,2340.14990234375,2348.25,6001.10009765625,7547.39990234375,1734.6500244140625,2222.300048828125
2013-10-30,6251.7001953125,11249.21875,8835.150390625,17568.19921875,5155.85009765625,7605.75,2245.199951171875,171.0,7976.0498046875,2365.199951171875,2311.449951171875,6010.14990234375,7588.2998046875,1739.3499755859375,2223.550048828125
2013-10-31,6299.14990234375,11473.0166015625,8852.7998046875,17617.0,5163.89990234375,7495.9501953125,2284.14990234375,172.10000610351562,8100.0498046875,2393.300048828125,2482.5,6015.14990234375,7674.75,1756.300048828125,2247.300048828125
2013-11-01,6307.2001953125,11628.515625,8799.5498046875,17385.80078125,5228.85009765625,7502.7998046875,2311.60009765625,176.89999389648438,8029.35009765625,2404.25,2598.050048828125,6058.9501953125,7707.7001953125,1780.9000244140625,2254.25
2013-11-05,6253.14990234375,11498.7666015625,8724.099609375,17040.25,5248.0498046875,7413.2998046875,2325.25,178.25,8032.10009765625,2385.5,2630.25,5991.75,7638.75,1817.25,2263.949951171875
2013-11-06,6215.14990234375,11292.4189453125,8843.0498046875,16949.75,5216.75,7476.89990234375,2295.89990234375,174.85000610351562,8002.35009765625,2387.449951171875,2535.5,5937.0498046875,7599.7998046875,1791.800048828125,2249.89990234375
2013-11-07,6187.25,11054.771484375,8956.5498046875,16904.25,5167.85009765625,7481.75,2313.14990234375,170.10000610351562,7914.4501953125,2348.449951171875,2445.64990234375,5922.2998046875,7549.0498046875,1776.75,2240.550048828125
2013-11-08,6140.75,10913.0234375,8956.900390625,16835.5,5137.39990234375,7491.5498046875,2320.050048828125,172.64999389648438,7843.14990234375,2365.39990234375,2426.699951171875,5895.64990234375,7475.7998046875,1738.4000244140625,2231.699951171875
2013-11-11,6078.7998046875,10758.3251953125,8962.849609375,16614.349609375,5083.5,7519.35009765625,2294.199951171875,167.35000610351562,7733.0,2320.949951171875,2376.449951171875,5834.10009765625,7422.25,1772.449951171875,2203.10009765625
2013-11-12,6018.0498046875,10582.9267578125,8914.400390625,16727.099609375,5003.5498046875,7523.64990234375,2253.550048828125,165.25,7638.89990234375,2282.300048828125,2335.14990234375,5797.4501953125,7337.7001953125,1761.9000244140625,2174.75
2013-11-13,5989.60009765625,10523.2275390625,8859.150390625,16543.400390625,5027.2998046875,7518.75,2257.5,163.10000610351562,7593.89990234375,2268.0,2349.0,5795.5,7293.60009765625,1751.050048828125,2169.75
2013-11-14,6056.14990234375,10811.07421875,8862.0,16596.55078125,5177.89990234375,7461.5,2288.75,167.14999389648438,7657.7998046875,2320.39990234375,2403.39990234375,5832.35009765625,7392.5498046875,1760.5,2193.85009765625
2013-11-18,6189.0,11142.169921875,8978.349609375,17059.650390625,5233.7998046875,7517.7998046875,2309.949951171875,171.6999969482422,7833.89990234375,2378.10009765625,2476.300048828125,5891.7998046875,7555.5,1762.3499755859375,2228.449951171875
2013-11-19,6203.35009765625,11187.7197265625,9003.900390625,16976.900390625,5250.39990234375,7497.10009765625,2314.550048828125,174.25,7836.7998046875,2400.550048828125,2535.449951171875,5892.5498046875,7584.60009765625,1758.9000244140625,2226.699951171875
2013-11-20,6122.89990234375,10967.0224609375,8915.349609375,16823.150390625,5179.60009765625,7400.64990234375,2316.800048828125,173.64999389648438,7746.0,2373.14990234375,2484.25,5850.9501953125,7472.2998046875,1718.75,2215.60009765625
2013-11-21,5999.0498046875,10706.7763671875,8767.099609375,16509.75,5132.14990234375,7283.5498046875,2278.25,169.5,7606.2998046875,2317.85009765625,2419.050048828125,5753.4501953125,7308.35009765625,1668.949951171875,2173.85009765625
2013-11-22,5995.4501953125,10677.2255859375,8785.4501953125,16414.80078125,5071.60009765625,7293.2001953125,2272.449951171875,168.14999389648438,7651.9501953125,2326.10009765625,2391.75,5741.0,7315.75,1664.050048828125,2177.5
2013-11-25,6115.35009765625,11083.271484375,8783.7998046875,16763.55078125,5175.5,7337.2001953125,2295.050048828125,172.39999389648438,7761.5,2376.85009765625,2481.800048828125,5814.7998046875,7456.39990234375,1689.5,2211.64990234375
2013-11-26,6059.10009765625,10909.22265625,8758.2998046875,16606.400390625,5201.10009765625,7272.64990234375,2273.699951171875,170.64999389648438,7669.2998046875,2367.25,2429.699951171875,5826.7001953125,7378.64990234375,1652.0999755859375,2190.699951171875
2013-11-27,6057.10009765625,10899.1728515625,8702.400390625,16732.44921875,5253.35009765625,7245.89990234375,2282.5,169.6999969482422,7650.4501953125,2352.75,2420.25,5802.14990234375,7354.35009765625,1648.449951171875,2198.10009765625
2013-11-28,6091.85009765625,10906.623046875,8748.349609375,16765.849609375,5275.9501953125,7268.10009765625,2306.10009765625,171.6999969482422,7715.39990234375,2388.0,2423.800048828125,5851.10009765625,7383.2998046875,1670.5,2217.300048828125
2013-11-29,6176.10009765625,11153.8203125,8820.75,17004.0,5283.14990234375,7351.7998046875,2346.0,174.25,7799.0498046875,2427.60009765625,2505.449951171875,5952.7998046875,7494.0498046875,1688.550048828125,2249.39990234375
2013-12-02,6217.85009765625,11284.21875,8854.0,17013.5,5310.9501953125,7502.10009765625,2374.10009765625,175.25,7782.10009765625,2458.300048828125,2517.64990234375,5953.85009765625,7555.0,1719.8499755859375,2255.050048828125
2013-12-03,6201.85009765625,11211.169921875,8867.7998046875,16886.80078125,5287.2998046875,7478.0498046875,2380.199951171875,177.3000030517578,7802.35009765625,2442.85009765625,2499.949951171875,5946.85009765625,7533.5498046875,1738.5,2256.449951171875
2013-12-04,6160.9501953125,11156.6201171875,8876.599609375,16643.30078125,5230.0,7441.39990234375,2386.60009765625,172.39999389648438,7764.10009765625,2431.800048828125,2503.85009765625,5899.10009765625,7507.35009765625,1730.800048828125,2250.449951171875
2013-12-05,6241.10009765625,11664.9638671875,8834.5498046875,16469.44921875,5245.89990234375,7344.14990234375,2412.75,174.89999389648438,7858.5,2489.35009765625,2570.85009765625,5913.64990234375,7655.89990234375,1694.5999755859375,2271.60009765625
2013-12-06,6259.89990234375,11720.064453125,8827.7998046875,16505.44921875,5273.5,7365.75,2427.75,175.35000610351562,7928.2998046875,2518.39990234375,2601.949951171875,5900.14990234375,7670.35009765625,1722.300048828125,2296.050048828125
2013-12-09,6363.89990234375,12065.759765625,8877.099609375,16571.0,5351.7001953125,7384.75,2445.5,180.25,8074.9501953125,2579.10009765625,2660.14990234375,5996.60009765625,7804.4501953125,1761.949951171875,2336.449951171875
2013-12-10,6332.85009765625,11843.3125,9045.900390625,16724.150390625,5347.5,7406.60009765625,2460.449951171875,178.0,7946.64990234375,2496.64990234375,2611.35009765625,5990.35009765625,7745.35009765625,1735.6500244140625,2305.699951171875
2013-12-11,6307.89990234375,11784.212890625,9028.2001953125,16829.150390625,5293.85009765625,7386.9501953125,2446.14990234375,176.85000610351562,7907.75,2461.10009765625,2555.050048828125,6001.14990234375,7723.89990234375,1755.3499755859375,2294.050048828125
2013-12-12,6237.0498046875,11635.365234375,8964.9501953125,16714.150390625,5180.89990234375,7319.25,2412.85009765625,176.0,7829.0498046875,2448.199951171875,2524.5,5945.35009765625,7674.39990234375,1742.5,2268.199951171875
2013-12-13,6168.39990234375,11366.7685546875,8957.599609375,16622.94921875,5180.2001953125,7276.89990234375,2398.800048828125,172.5,7745.0498046875,2405.85009765625,2461.75,5879.0,7561.7998046875,1734.449951171875,2238.75
2013-12-16,6154.7001953125,11372.818359375,9110.25,16501.849609375,5150.7001953125,7313.75,2401.050048828125,172.25,7656.10009765625,2407.89990234375,2445.949951171875,5976.89990234375,7594.39990234375,1744.4000244140625,2229.800048828125
2013-12-17,6139.0498046875,11208.5205078125,9119.349609375,16612.19921875,5140.85009765625,7442.5498046875,2402.64990234375,171.25,7598.0,2419.449951171875,2421.25,6013.10009765625,7540.7001953125,1753.699951171875,2220.75
2013-12-18,6217.14990234375,11357.7685546875,9167.900390625,16675.19921875,5228.89990234375,7517.2998046875,2417.699951171875,177.0500030517578,7761.7001953125,2466.10009765625,2494.550048828125,6069.7001953125,7627.25,1754.699951171875,2249.75
2013-12-19,6166.64990234375,11087.3212890625,9329.0,16617.0,5216.35009765625,7597.64990234375,2421.949951171875,175.85000610351562,7661.14990234375,2432.699951171875,2447.35009765625,6093.39990234375,7564.0,1759.6500244140625,2229.800048828125
2013-12-20,6274.25,11292.21875,9488.25,16750.69921875,5320.5498046875,7646.60009765625,2435.14990234375,180.85000610351562,7926.2998046875,2453.800048828125,2494.60009765625,6176.10009765625,7700.35009765625,1787.0,2268.550048828125
2013-12-23,6284.5,11378.3681640625,9385.4501953125,16811.349609375,5333.35009765625,7644.0498046875,2473.35009765625,186.89999389648438,7951.75,2466.10009765625,2535.550048828125,6184.10009765625,7677.64990234375,1777.699951171875,2289.699951171875
2013-12-24,6268.39990234375,11330.5185546875,9391.5,16811.94921875,5331.89990234375,7641.0498046875,2449.64990234375,186.9499969482422,7929.5,2465.60009765625,2544.949951171875,6181.4501953125,7651.14990234375,1781.75,2282.60009765625
2013-12-26,6278.89990234375,11385.6171875,9430.099609375,16853.650390625,5311.9501953125,7601.35009765625,2461.050048828125,186.39999389648438,7932.10009765625,2473.800048828125,2541.64990234375,6221.0,7682.75,1785.0,2292.10009765625
2013-12-27,6313.7998046875,11459.5673828125,9579.099609375,16975.75,5309.0498046875,7661.2001953125,2475.60009765625,187.25,7903.25,2479.39990234375,2563.300048828125,6237.5498046875,7756.89990234375,1783.949951171875,2300.449951171875
2013-12-30,6291.10009765625,11375.8681640625,9499.599609375,17020.150390625,5278.85009765625,7620.9501953125,2491.699951171875,184.14999389648438,7909.7998046875,2465.449951171875,2541.89990234375,6258.14990234375,7714.0498046875,1788.550048828125,2296.199951171875
2013-12-31,6304.0,11385.1171875,9517.849609375,17024.099609375,5285.0,7634.9501953125,2486.60009765625,184.60000610351562,7961.2001953125,2477.35009765625,2555.35009765625,6243.9501953125,7729.4501953125,1794.5,2304.449951171875
2014-01-01,,,,17050.44921875,5292.64990234375,7667.2998046875,2493.800048828125,189.14999389648438,7931.7001953125,2492.949951171875,2573.300048828125,6248.2001953125,7723.2001953125,1795.199951171875,2306.800048828125
2014-01-02,6221.14990234375,11183.0703125,9478.349609375,16719.599609375,5253.5498046875,7625.10009765625,2453.300048828125,183.75,7809.60009765625,2423.699951171875,2521.449951171875,6180.9501953125,7645.75,1779.199951171875,2261.25
2014-01-03,6211.14990234375,11181.5205078125,9673.2001953125,16768.400390625,5194.89990234375,7663.10009765625,2424.0,185.5500030517578,7689.5498046875,2389.800048828125,2515.449951171875,6209.75,7691.7001953125,1790.0,2232.89990234375
2014-01-06,6191.4501953125,11048.9208984375,9640.75,16816.5,5204.7998046875,7697.25,2428.800048828125,184.14999389648438,7660.75,2383.35009765625,2468.449951171875,6202.7998046875,7642.7998046875,1832.5999755859375,2232.300048828125
2014-01-07,6162.25,11036.6220703125,9522.75,16801.19921875,5209.7001953125,7714.14990234375,2386.14990234375,180.9499969482422,7552.2998046875,2376.75,2427.64990234375,6173.9501953125,7596.5498046875,1816.5999755859375,2199.449951171875
2014-01-08,6174.60009765625,11053.5712890625,9531.5498046875,16837.0,5251.60009765625,7806.60009765625,2397.89990234375,179.85000610351562,7585.35009765625,2362.800048828125,2460.60009765625,6153.64990234375,7609.7001953125,1822.5999755859375,2206.10009765625
2014-01-09,6168.35009765625,10970.322265625,9575.849609375,16745.349609375,5219.10009765625,7861.85009765625,2422.5,175.25,7649.7001953125,2336.0,2421.35009765625,6134.0498046875,7598.60009765625,1825.8499755859375,2219.5
2014-01-10,6171.4501953125,10805.173828125,9782.7001953125,16969.69921875,5165.64990234375,7880.35009765625,2389.60009765625,172.39999389648438,7669.35009765625,2309.5,2379.300048828125,6067.35009765625,7606.10009765625,1832.550048828125,2201.39990234375
2014-01-13,6272.75,11021.4716796875,10060.150390625,16990.75,5210.64990234375,7828.35009765625,2388.550048828125,173.75,7812.9501953125,2326.75,2411.25,6040.89990234375,7767.89990234375,1837.9000244140625,2216.14990234375
2014-01-14,6241.85009765625,10948.7734375,9996.7998046875,16942.75,5184.0,7884.7998046875,2351.050048828125,171.10000610351562,7798.89990234375,2319.5,2396.85009765625,6001.5,7732.14990234375,1791.0999755859375,2196.64990234375
2014-01-15,6320.89990234375,11125.271484375,10065.9501953125,17087.099609375,5239.9501953125,7889.0,2378.10009765625,173.3000030517578,7831.14990234375,2355.199951171875,2441.949951171875,6049.5,7834.39990234375,1783.6500244140625,2216.14990234375
2014-01-16,6318.89990234375,11092.4208984375,10127.75,16942.05078125,5200.39990234375,7816.7998046875,2421.800048828125,174.1999969482422,7823.39990234375,2330.949951171875,2433.10009765625,6058.0,7830.75,1769.9000244140625,2231.800048828125
2014-01-17,6261.64990234375,10911.22265625,9884.349609375,16923.849609375,5197.85009765625,7816.10009765625,2404.75,169.6999969482422,7822.5,2315.89990234375,2392.60009765625,6047.4501953125,7688.25,1759.9000244140625,2226.050048828125
2014-01-20,6303.9501953125,11007.3720703125,10154.0,17122.0,5239.4501953125,7812.60009765625,2409.25,170.9499969482422,7764.14990234375,2325.199951171875,2410.25,6072.0498046875,7789.89990234375,1784.800048828125,2224.14990234375
2014-01-21,6313.7998046875,11171.3701171875,10095.5498046875,17088.5,5288.7001953125,7772.5498046875,2424.89990234375,171.9499969482422,7711.2998046875,2323.800048828125,2437.89990234375,6114.7998046875,7811.4501953125,1777.9000244140625,2223.39990234375
2014-01-22,6338.9501953125,11207.2197265625,10112.7998046875,17074.05078125,5310.89990234375,7895.2001953125,2447.89990234375,173.1999969482422,7775.5,2329.300048828125,2433.25,6141.35009765625,7837.7001953125,1790.9000244140625,2238.300048828125
2014-01-23,6345.64990234375,11198.8701171875,10086.349609375,17113.849609375,5256.0498046875,7921.4501953125,2436.85009765625,172.8000030517578,7733.60009765625,2352.699951171875,2428.699951171875,6134.2001953125,7848.9501953125,1785.199951171875,2227.64990234375
2014-01-24,6266.75,10982.2724609375,10010.5,16886.44921875,5168.25,7811.9501953125,2393.60009765625,167.35000610351562,7724.7001953125,2309.949951171875,2347.449951171875,5998.4501953125,7750.64990234375,1767.0999755859375,2201.10009765625
2014-01-27,6135.85009765625,10540.2783203125,9938.650390625,16826.69921875,4998.7001953125,7742.9501953125,2301.10009765625,154.89999389648438,7543.0498046875,2236.10009765625,2257.5,5886.25,7567.89990234375,1700.800048828125,2139.25
2014-01-28,6126.25,10507.4775390625,9837.9501953125,16899.849609375,5010.2001953125,7665.89990234375,2343.800048828125,156.9499969482422,7543.4501953125,2232.449951171875,2254.0,5824.39990234375,7523.7998046875,1700.050048828125,2150.449951171875
2014-01-29,6120.25,10437.62890625,9896.7001953125,16904.900390625,5010.89990234375,7716.2001953125,2312.699951171875,155.89999389648438,7522.85009765625,2238.550048828125,2218.5,5856.5498046875,7510.2001953125,1681.300048828125,2144.800048828125
2014-01-30,6073.7001953125,10153.0322265625,9878.75,16763.349609375,5021.25,7683.4501953125,2252.0,151.5,7450.2001953125,2229.699951171875,2127.85009765625,5790.7998046875,7437.2998046875,1655.1500244140625,2111.300048828125
2014-01-31,6089.5,10237.630859375,9957.4501953125,16861.19921875,5009.85009765625,7701.2001953125,2279.64990234375,154.5500030517578,7516.2998046875,2256.64990234375,2176.5,5815.89990234375,7479.9501953125,1701.9000244140625,2135.64990234375
2014-02-03,6001.7998046875,10101.982421875,9792.099609375,16709.900390625,4912.39990234375,7788.0,2211.64990234375,151.3000030517578,7425.39990234375,2222.449951171875,2122.5,5779.14990234375,7361.4501953125,1704.449951171875,2091.050048828125
2014-02-04,6000.89990234375,10191.08203125,9611.650390625,16849.75,4938.60009765625,7737.0498046875,2197.550048828125,152.35000610351562,7446.60009765625,2254.699951171875,2165.10009765625,5782.75,7352.85009765625,1712.050048828125,2091.199951171875
2014-02-05,6022.39990234375,10231.53125,9718.4501953125,16679.400390625,5021.85009765625,7741.0498046875,2237.550048828125,155.0,7461.2998046875,2259.050048828125,2166.199951171875,5803.10009765625,7392.39990234375,1705.9000244140625,2107.800048828125
2014-02-06,6036.2998046875,10205.08203125,9696.0498046875,16925.75,5061.9501953125,7739.89990234375,2258.60009765625,152.25,7468.75,2259.5,2143.10009765625,5844.25,7385.5498046875,1712.449951171875,2124.89990234375
2014-02-07,6063.2001953125,10263.0810546875,9648.400390625,16852.75,5092.0498046875,7872.0,2317.449951171875,153.6999969482422,7491.2001953125,2271.64990234375,2174.300048828125,5886.25,7386.2001953125,1731.300048828125,2162.75
2014-02-10,6053.4501953125,10213.78125,9619.25,16827.55078125,5115.39990234375,7932.5,2304.64990234375,155.6999969482422,7527.64990234375,2257.39990234375,2163.64990234375,5848.14990234375,7324.39990234375,1724.800048828125,2163.10009765625
2014-02-11,6062.7001953125,10245.3310546875,9710.25,16803.900390625,5166.2001953125,7895.60009765625,2313.14990234375,154.4499969482422,7459.0,2245.800048828125,2163.25,5844.0498046875,7356.2998046875,1701.800048828125,2158.699951171875
2014-02-12,6084.0,10348.6796875,9739.7998046875,16663.19921875,5173.64990234375,7878.0,2283.449951171875,153.64999389648438,7531.35009765625,2262.800048828125,2170.89990234375,5837.0,7406.85009765625,1699.949951171875,2148.10009765625
2014-02-13,6001.10009765625,10135.58203125,9721.349609375,16479.5,5171.7001953125,7737.10009765625,2238.949951171875,154.5500030517578,7405.9501953125,2221.60009765625,2108.35009765625,5776.60009765625,7310.0,1681.75,2106.60009765625
2014-02-14,6048.35009765625,10203.6318359375,9855.4501953125,16575.349609375,5198.89990234375,7725.7001953125,2254.89990234375,154.64999389648438,7501.0,2234.550048828125,2099.39990234375,5784.75,7379.60009765625,1662.1500244140625,2117.25
2014-02-17,,,,16569.5,5236.2001953125,7773.4501953125,2238.949951171875,152.85000610351562,7495.5498046875,2244.0,2094.85009765625,5794.2998046875,7429.2001953125,1661.1500244140625,2116.25
2014-02-18,6127.10009765625,10575.0771484375,9884.849609375,16505.650390625,5275.39990234375,7797.39990234375,2263.89990234375,154.1999969482422,7498.14990234375,2274.300048828125,2131.300048828125,5862.7001953125,7527.7001953125,1671.550048828125,2132.449951171875
2014-02-19,6152.75,10609.4765625,10033.0498046875,16500.69921875,5275.35009765625,7888.14990234375,2241.64990234375,154.9499969482422,7492.10009765625,2281.199951171875,2127.800048828125,5858.64990234375,7574.2998046875,1664.75,2125.89990234375
2014-02-20,6091.4501953125,10428.1787109375,9971.7001953125,16336.099609375,5259.64990234375,7901.39990234375,2214.64990234375,154.64999389648438,7435.4501953125,2278.449951171875,2086.39990234375,5829.85009765625,7479.89990234375,1670.4000244140625,2106.199951171875
2014-02-21,6155.4501953125,10554.2265625,10101.0498046875,16556.349609375,5285.75,7903.2998046875,2235.949951171875,154.39999389648438,7490.75,2286.550048828125,2110.10009765625,5863.2001953125,7554.39990234375,1707.050048828125,2139.35009765625
2014-02-24,6186.10009765625,10683.3759765625,10067.650390625,16630.19921875,5314.0,8004.64990234375,2218.449951171875,154.35000610351562,7462.0498046875,2284.89990234375,2127.0,5862.0498046875,7563.0,1682.6500244140625,2125.050048828125
2014-02-25,6200.0498046875,10666.6259765625,10162.900390625,16688.599609375,5346.0,8001.75,2178.35009765625,154.60000610351562,7437.4501953125,2283.550048828125,2122.300048828125,5859.85009765625,7587.7001953125,1693.300048828125,2114.449951171875
2014-02-26,6238.7998046875,10730.275390625,10200.849609375,16867.80078125,5396.35009765625,8085.2998046875,2142.550048828125,154.0,7452.2998046875,2293.199951171875,2134.550048828125,5862.14990234375,7624.89990234375,1699.0,2103.800048828125
2014-02-28,6276.9501953125,10764.5751953125,10338.5498046875,16845.69921875,5467.25,8276.5,2163.64990234375,154.0500030517578,7424.14990234375,2309.800048828125,2162.5,5843.7001953125,7673.14990234375,1714.0999755859375,2110.89990234375
2014-03-03,6221.4501953125,10651.826171875,10209.099609375,16837.05078125,5404.5,8122.9501953125,2160.64990234375,153.6999969482422,7428.0498046875,2290.199951171875,2140.75,5793.2998046875,7594.5498046875,1704.550048828125,2104.85009765625
2014-03-04,6297.9501953125,10928.9228515625,10196.5498046875,16969.80078125,5437.85009765625,8081.25,2228.39990234375,155.39999389648438,7542.60009765625,2326.35009765625,2206.449951171875,5857.0,7692.7001953125,1717.449951171875,2152.0
2014-03-05,6328.64990234375,11098.6708984375,10237.25,17038.900390625,5434.64990234375,8065.85009765625,2245.35009765625,158.75,7523.5,2325.89990234375,2270.300048828125,5865.75,7748.14990234375,1732.0999755859375,2167.050048828125
2014-03-06,6401.14990234375,11278.21875,10254.599609375,17084.44921875,5478.9501953125,8046.10009765625,2294.949951171875,165.5,7686.75,2374.550048828125,2280.050048828125,5896.7001953125,7834.7998046875,1752.3499755859375,2221.89990234375
2014-03-07,6526.64990234375,11884.6123046875,10054.900390625,17190.55078125,5530.2998046875,7897.85009765625,2334.0,174.8000030517578,7942.14990234375,2462.949951171875,2372.35009765625,5974.64990234375,7977.2998046875,1771.300048828125,2264.699951171875
2014-03-10,6537.25,12107.958984375,9809.5498046875,17116.05078125,5552.85009765625,7751.7001953125,2311.050048828125,179.39999389648438,8016.25,2508.25,2425.5,6004.9501953125,7986.39990234375,1786.3499755859375,2263.199951171875
2014-03-11,6511.89990234375,12043.0107421875,9828.599609375,17074.55078125,5516.9501953125,7686.64990234375,2234.64990234375,183.5500030517578,7990.85009765625,2502.699951171875,2406.699951171875,5933.5,7978.7998046875,1782.4000244140625,2245.39990234375
2014-03-12,6516.89990234375,12023.9599609375,9877.599609375,17299.349609375,5482.39990234375,7786.60009765625,2230.64990234375,183.60000610351562,7946.4501953125,2485.199951171875,2365.949951171875,5928.2001953125,7989.2001953125,1815.699951171875,2230.89990234375
2014-03-13,6493.10009765625,12141.30859375,9462.7001953125,17352.05078125,5509.35009765625,7690.25,2218.14990234375,176.8000030517578,8028.9501953125,2473.85009765625,2374.35009765625,5914.5,7905.0498046875,1776.699951171875,2232.89990234375
2014-03-14,6504.2001953125,12055.7099609375,9439.0498046875,17416.0,5555.60009765625,7767.2001953125,2229.35009765625,178.5500030517578,8050.4501953125,2499.75,2386.14990234375,5901.25,7862.5498046875,1765.25,2237.800048828125
2014-03-18,6516.64990234375,12114.708984375,9364.349609375,17752.900390625,5549.4501953125,7772.0,2242.25,177.4499969482422,8132.7998046875,2505.60009765625,2445.10009765625,6007.75,7861.35009765625,1795.3499755859375,2254.300048828125
2014-03-19,6524.0498046875,12186.408203125,9158.9501953125,17945.69921875,5540.85009765625,7807.85009765625,2286.35009765625,176.8000030517578,8081.89990234375,2514.64990234375,2454.300048828125,6065.9501953125,7841.35009765625,1798.75,2265.14990234375
2014-03-20,6483.10009765625,12017.1103515625,9313.5,17888.400390625,5493.64990234375,7820.9501953125,2259.800048828125,172.14999389648438,8049.2001953125,2472.35009765625,2399.64990234375,6049.0,7798.60009765625,1802.4000244140625,2242.60009765625
2014-03-21,6493.2001953125,12092.208984375,9370.75,17993.30078125,5542.39990234375,7787.10009765625,2304.199951171875,175.9499969482422,7926.5498046875,2472.800048828125,2433.14990234375,6063.14990234375,7831.7998046875,1837.8499755859375,2247.75
2014-03-24,6583.5,12408.005859375,9365.0498046875,18088.599609375,5616.2998046875,7788.9501953125,2323.300048828125,176.9499969482422,8124.0,2495.0,2471.800048828125,6132.2998046875,7949.85009765625,1843.75,2277.75
2014-03-25,6589.75,12449.85546875,9300.599609375,18209.80078125,5644.60009765625,7789.85009765625,2329.949951171875,179.35000610351562,8045.14990234375,2529.35009765625,2489.550048828125,6174.14990234375,7961.7998046875,1841.199951171875,2279.14990234375
2014-03-26,6601.39990234375,12518.2041015625,9222.900390625,18085.05078125,5694.35009765625,7628.60009765625,2391.550048828125,179.1999969482422,8117.64990234375,2549.449951171875,2525.35009765625,6252.75,7952.89990234375,1805.1500244140625,2312.699951171875
2014-03-27,6641.75,12604.8037109375,9217.099609375,18175.30078125,5719.5498046875,7556.85009765625,2392.14990234375,181.3000030517578,8222.5,2580.85009765625,2609.800048828125,6291.4501953125,8005.64990234375,1782.0,2330.550048828125
2014-03-28,6695.89990234375,12754.5517578125,9275.349609375,18191.099609375,5738.7998046875,7632.2998046875,2429.449951171875,183.8000030517578,8336.25,2636.300048828125,2733.25,6361.64990234375,8094.75,1781.5,2378.35009765625
2014-03-31,6704.2001953125,12741.9013671875,9298.0,18085.25,5803.2001953125,7630.39990234375,2520.64990234375,189.0500030517578,8329.4501953125,2615.050048828125,2738.64990234375,6453.0,8100.10009765625,1793.25,2412.199951171875
2014-04-01,6721.0498046875,12588.353515625,9439.75,18102.30078125,5813.14990234375,7661.5,2529.0,187.35000610351562,8426.099609375,2619.39990234375,2714.050048828125,6418.7998046875,8109.10009765625,1817.75,2423.449951171875
2014-04-02,6752.5498046875,12715.15234375,9479.900390625,17821.69921875,5879.0498046875,7761.2001953125,2515.699951171875,191.60000610351562,8537.400390625,2663.75,2807.0,6405.4501953125,8185.14990234375,1852.25,2425.60009765625
2014-04-03,6736.10009765625,12563.703125,9472.0,17889.900390625,5869.0,7840.60009765625,2520.60009765625,191.10000610351562,8475.2998046875,2637.800048828125,2750.39990234375,6470.75,8131.7998046875,1839.449951171875,2423.449951171875
2014-04-04,6694.35009765625,12551.5546875,9389.400390625,17824.5,5811.0498046875,7843.25,2529.0,196.89999389648438,8403.2001953125,2612.89990234375,2759.10009765625,6458.60009765625,8078.5,1828.9000244140625,2418.800048828125
2014-04-07,6695.0498046875,12506.3046875,9374.4501953125,17828.400390625,5824.2001953125,7825.4501953125,2536.25,193.5,8396.0,2620.85009765625,2766.10009765625,6463.75,8070.85009765625,1818.050048828125,2428.64990234375
2014-04-09,6796.2001953125,12937.25,9276.900390625,17951.80078125,5927.7998046875,8029.25,2594.300048828125,197.85000610351562,8497.5498046875,2655.699951171875,2874.199951171875,6528.5,8200.349609375,1821.949951171875,2462.050048828125
2014-04-10,6796.39990234375,12949.25,9179.2001953125,17868.94921875,5956.0498046875,7877.5498046875,2602.699951171875,200.85000610351562,8585.9501953125,2700.64990234375,2906.550048828125,6578.25,8200.400390625,1826.0,2488.75
2014-04-11,6776.2998046875,12840.05078125,9312.0,17817.599609375,5887.60009765625,7964.7998046875,2595.60009765625,201.10000610351562,8497.650390625,2690.85009765625,2872.300048828125,6565.9501953125,8197.2998046875,1808.699951171875,2483.25
2014-04-15,6733.10009765625,12579.75390625,9491.599609375,17858.44921875,5822.7001953125,7900.7998046875,2523.949951171875,195.0500030517578,8466.7001953125,2680.60009765625,2808.85009765625,6510.9501953125,8139.9501953125,1780.550048828125,2449.25
2014-04-16,6675.2998046875,12563.00390625,9273.150390625,17983.349609375,5784.5,7877.14990234375,2528.300048828125,187.25,8384.400390625,2624.0,2790.60009765625,6474.25,8042.14990234375,1765.699951171875,2428.949951171875
2014-04-17,6779.39990234375,12787.1015625,9390.2001953125,18241.400390625,5915.2998046875,7941.60009765625,2574.39990234375,192.1999969482422,8521.900390625,2661.0,2871.39990234375,6543.4501953125,8154.10009765625,1760.800048828125,2471.050048828125
2014-04-21,6817.64990234375,12958.349609375,9330.25,18186.80078125,5998.0,7920.25,2631.199951171875,191.60000610351562,8529.9501953125,2720.75,2947.14990234375,6565.39990234375,8193.900390625,1772.699951171875,2496.10009765625
2014-04-22,6815.35009765625,12986.9482421875,9279.2001953125,18104.19921875,5965.2001953125,7941.75,2611.25,191.5,8598.900390625,2734.25,2912.5,6527.7001953125,8184.2001953125,1740.199951171875,2494.199951171875
2014-04-23,6840.7998046875,13121.947265625,9272.0498046875,18161.349609375,5979.2001953125,7974.35009765625,2620.300048828125,188.75,8562.75,2748.199951171875,2946.949951171875,6531.7998046875,8222.75,1763.0999755859375,2487.199951171875
2014-04-25,6782.75,13034.3486328125,9275.0,17783.55078125,5961.39990234375,7989.2998046875,2618.800048828125,189.75,8395.849609375,2717.64990234375,2976.300048828125,6458.25,8208.75,1776.800048828125,2448.949951171875
2014-04-28,6761.25,13081.3974609375,9261.2998046875,17715.5,5907.5498046875,8122.25,2601.89990234375,191.0,8371.9501953125,2697.300048828125,3015.800048828125,6422.10009765625,8195.5498046875,1778.75,2442.300048828125
2014-04-29,6715.25,12910.3994140625,9251.599609375,17557.099609375,5844.25,8106.5,2530.10009765625,189.5500030517578,8335.0,2675.5,2962.75,6332.35009765625,8143.4501953125,1752.949951171875,2417.5
2014-04-30,6696.39990234375,12855.7001953125,9227.9501953125,17573.25,5866.5,8100.0,2501.199951171875,179.1999969482422,8310.7998046875,2609.550048828125,2973.14990234375,6300.75,8109.9501953125,1740.449951171875,2390.5
2014-05-02,6694.7998046875,12841.8505859375,9319.5498046875,17538.099609375,5849.0498046875,8157.0498046875,2465.300048828125,179.60000610351562,8298.7998046875,2582.199951171875,2942.25,6236.7998046875,8144.35009765625,1760.9000244140625,2386.39990234375
2014-05-05,6699.35009765625,12880.5009765625,9223.5498046875,17637.94921875,5862.39990234375,8078.5,2498.5,178.25,8400.0,2579.800048828125,2963.0,6225.0,8089.35009765625,1745.300048828125,2403.199951171875
2014-05-06,6715.2998046875,12965.8994140625,9179.7001953125,17709.94921875,5876.7998046875,8087.4501953125,2504.050048828125,178.0,8456.9501953125,2583.25,2956.89990234375,6191.10009765625,8081.4501953125,1734.8499755859375,2406.449951171875
2014-05-07,6652.5498046875,12938.0498046875,8946.5498046875,17645.099609375,5838.35009765625,8070.4501953125,2483.60009765625,175.60000610351562,8443.2001953125,2576.85009765625,2954.199951171875,6154.9501953125,7974.4501953125,1723.699951171875,2395.14990234375
2014-05-08,6659.85009765625,13037.2490234375,8963.599609375,17491.44921875,5875.89990234375,8047.9501953125,2488.85009765625,174.10000610351562,8433.099609375,2579.10009765625,2952.89990234375,6164.39990234375,8002.10009765625,1721.3499755859375,2391.89990234375
2014-05-09,6858.7998046875,13750.33984375,9048.5,17633.30078125,6011.2001953125,8009.0,2568.800048828125,182.5,8730.2998046875,2669.0,3068.5,6290.5498046875,8291.349609375,1734.75,2476.449951171875
2014-05-12,7014.25,14084.8857421875,9132.349609375,18106.349609375,6180.0498046875,7937.7001953125,2619.550048828125,184.1999969482422,8996.2001953125,2747.75,3142.39990234375,6416.85009765625,8451.9501953125,1786.8499755859375,2535.300048828125
2014-05-13,7108.75,14165.384765625,9364.7998046875,18261.19921875,6218.25,7870.35009765625,2641.5,189.39999389648438,9249.099609375,2819.10009765625,3194.75,6526.89990234375,8572.25,1797.5,2585.89990234375
2014-05-14,7108.75,14206.9345703125,9349.650390625,18427.0,6213.2001953125,7836.5,2727.85009765625,197.39999389648438,9181.900390625,2821.89990234375,3300.949951171875,6561.39990234375,8567.150390625,1802.699951171875,2625.10009765625
2014-05-15,7123.14990234375,14236.384765625,9314.400390625,18510.80078125,6192.5498046875,7817.0,2710.39990234375,195.1999969482422,9307.0,2821.89990234375,3280.89990234375,6577.60009765625,8595.2001953125,1773.050048828125,2622.300048828125
2014-05-16,7203.0,14852.8271484375,9111.400390625,18140.55078125,6246.2001953125,7699.4501953125,2778.35009765625,207.35000610351562,9545.849609375,2918.89990234375,3469.75,6690.5,8723.849609375,1804.6500244140625,2699.85009765625
2014-05-19,7263.5498046875,15221.9736328125,8675.099609375,17436.55078125,6251.2001953125,7411.60009765625,2960.25,221.35000610351562,10067.7001953125,3138.10009765625,3706.199951171875,6721.5498046875,8806.0,1819.8499755859375,2849.35009765625
2014-05-20,7275.5,15111.0244140625,8878.900390625,17549.80078125,6265.39990234375,7515.60009765625,3022.10009765625,231.8000030517578,9798.7001953125,3147.800048828125,3666.64990234375,6824.5,8866.150390625,1907.3499755859375,2840.85009765625
2014-05-21,7252.89990234375,14951.92578125,8952.849609375,17632.150390625,6323.89990234375,7466.7001953125,3034.050048828125,236.75,9780.150390625,3104.949951171875,3611.39990234375,6837.5498046875,8827.9501953125,1933.3499755859375,2831.949951171875
2014-05-22,7276.39990234375,15055.375,8929.599609375,17816.75,6333.4501953125,7470.4501953125,3088.699951171875,249.1999969482422,9933.0498046875,3127.800048828125,3669.85009765625,6978.7001953125,8842.75,1927.3499755859375,2873.5
2014-05-23,7367.10009765625,15285.322265625,8941.2998046875,17760.599609375,6433.64990234375,7489.2998046875,3154.75,254.9499969482422,10211.4501953125,3223.39990234375,3967.800048828125,7127.60009765625,8956.150390625,1921.4000244140625,2930.5
2014-05-26,7359.0498046875,15175.7236328125,9061.0,17736.900390625,6502.0,7447.60009765625,3149.75,241.0500030517578,10032.4501953125,3189.25,3869.199951171875,7112.75,8927.849609375,1898.199951171875,2908.199951171875
2014-05-27,7318.0,15083.82421875,9101.849609375,17713.900390625,6435.64990234375,7453.60009765625,3155.64990234375,238.14999389648438,9851.400390625,3161.199951171875,3775.75,7048.9501953125,8865.7998046875,1904.949951171875,2888.0
2014-05-28,7329.64990234375,15173.1728515625,9237.25,17698.55078125,6374.75,7466.5,3111.0,241.25,9782.2998046875,3180.800048828125,3741.60009765625,7101.0,8922.2001953125,1890.9000244140625,2885.85009765625
2014-05-29,7235.64990234375,15030.125,8927.400390625,17621.69921875,6375.25,7484.4501953125,3083.85009765625,238.35000610351562,9650.4501953125,3134.5,3746.39990234375,7052.7998046875,8766.099609375,1903.0999755859375,2852.85009765625
2014-05-30,7229.9501953125,14793.228515625,8970.2998046875,17831.599609375,6385.10009765625,7712.89990234375,3096.89990234375,242.9499969482422,9667.5,3162.25,3646.0,7190.5498046875,8717.7998046875,1951.300048828125,2866.550048828125
2014-06-02,7362.5,15287.072265625,8981.9501953125,17689.19921875,6470.5498046875,7615.2001953125,3158.75,246.9499969482422,9914.349609375,3289.75,3812.14990234375,7252.5498046875,8902.0498046875,1948.300048828125,2929.300048828125
2014-06-03,7415.85009765625,15257.322265625,8976.400390625,17600.80078125,6509.2998046875,7579.0498046875,3311.800048828125,254.4499969482422,10082.0,3324.449951171875,3796.85009765625,7355.14990234375,8925.650390625,1969.0,3026.89990234375
2014-06-04,7402.25,15333.22265625,8863.900390625,17547.099609375,6558.35009765625,7554.85009765625,3358.199951171875,257.6499938964844,9978.0,3346.75,3895.60009765625,7366.85009765625,8891.5498046875,1991.1500244140625,3043.75
2014-06-05,7474.10009765625,15281.97265625,8984.599609375,17799.599609375,6618.25,7563.35009765625,3479.60009765625,259.6499938964844,10175.75,3386.25,3905.550048828125,7549.39990234375,8944.650390625,2002.8499755859375,3126.199951171875
2014-06-06,7583.39990234375,15542.9697265625,8945.099609375,18034.25,6724.89990234375,7672.7001953125,3463.5,272.70001220703125,10594.0,3418.199951171875,3983.699951171875,7578.25,9056.099609375,2030.1500244140625,3171.449951171875
2014-06-09,7654.60009765625,15567.2197265625,9017.7001953125,18010.099609375,6832.64990234375,7706.89990234375,3521.85009765625,288.95001220703125,10603.349609375,3499.75,3974.699951171875,7606.14990234375,9126.75,2107.199951171875,3222.199951171875
2014-06-10,7656.39990234375,15427.6201171875,9234.599609375,18048.650390625,6835.7998046875,7834.2998046875,3488.25,280.3500061035156,10507.7001953125,3480.35009765625,3905.64990234375,7592.60009765625,9151.7998046875,2086.199951171875,3185.89990234375
2014-06-11,7626.85009765625,15450.3701171875,9436.400390625,17873.349609375,6807.35009765625,7903.0498046875,3397.64990234375,268.29998779296875,10289.650390625,3401.949951171875,3901.449951171875,7528.7001953125,9180.400390625,2037.800048828125,3113.5
2014-06-12,7649.89990234375,15464.669921875,9447.849609375,17952.5,6858.7998046875,8002.64990234375,3407.75,268.8500061035156,10282.849609375,3390.949951171875,3887.0,7549.14990234375,9204.2001953125,2004.5999755859375,3118.14990234375
2014-06-13,7542.10009765625,15106.724609375,9448.650390625,17857.75,6738.60009765625,7986.35009765625,3297.800048828125,254.64999389648438,10073.0,3289.10009765625,3737.75,7484.35009765625,9056.5,1961.75,3037.050048828125
2014-06-16,7533.5498046875,15029.8251953125,9579.849609375,17957.69921875,6668.7001953125,8023.4501953125,3299.10009765625,257.8500061035156,10063.2001953125,3273.800048828125,3712.0,7479.10009765625,9064.0,1961.300048828125,3046.300048828125
2014-06-17,7631.7001953125,15373.021484375,9620.0498046875,17906.19921875,6703.85009765625,8037.10009765625,3348.050048828125,260.20001220703125,10316.25,3339.300048828125,3825.050048828125,7543.85009765625,9192.5,1974.699951171875,3102.60009765625
2014-06-18,7558.2001953125,15220.2236328125,9521.349609375,17766.19921875,6643.2001953125,8046.60009765625,3320.64990234375,254.5,10175.25,3306.64990234375,3781.199951171875,7518.5,9110.849609375,2002.4000244140625,3065.5
2014-06-19,7540.7001953125,15067.2255859375,9698.900390625,17833.400390625,6658.89990234375,8119.0,3298.85009765625,252.8000030517578,9919.75,3271.0,3730.35009765625,7488.2001953125,9115.099609375,2006.25,3024.800048828125
2014-06-20,7511.4501953125,14997.4765625,9700.2001953125,17815.400390625,6604.14990234375,8043.7001953125,3273.35009765625,255.4499969482422,9858.7001953125,3256.64990234375,3672.35009765625,7436.85009765625,9100.5,2025.5,3000.75
2014-06-23,7493.35009765625,15076.1748046875,9548.2001953125,17114.099609375,6651.89990234375,8082.14990234375,3309.699951171875,256.04998779296875,9965.400390625,3268.050048828125,3715.0,7458.85009765625,9078.900390625,2045.949951171875,3031.39990234375
2014-06-24,7580.2001953125,15309.322265625,9570.75,17302.900390625,6727.2001953125,8058.7998046875,3352.14990234375,263.8500061035156,10156.7998046875,3308.949951171875,3804.35009765625,7487.89990234375,9183.5498046875,2037.199951171875,3072.800048828125
2014-06-25,7569.25,15237.6728515625,9587.900390625,17259.25,6791.7001953125,8104.75,3349.89990234375,266.45001220703125,10114.650390625,3296.64990234375,3821.199951171875,7541.0498046875,9173.650390625,2047.550048828125,3067.60009765625
2014-06-26,7493.2001953125,15049.8251953125,9579.400390625,17197.69921875,6796.2998046875,8135.89990234375,3311.0,259.79998779296875,9774.4501953125,3295.949951171875,3770.89990234375,7544.10009765625,9093.75,2085.14990234375,3006.699951171875
2014-06-27,7508.7998046875,14992.17578125,9819.9501953125,17270.150390625,6750.39990234375,8361.0,3265.75,261.8500061035156,9795.7001953125,3291.050048828125,3747.5,7527.9501953125,9141.5,2083.5,2986.550048828125
2014-06-30,7611.35009765625,15241.7236328125,9912.2998046875,17434.0,6775.14990234375,8535.7001953125,3308.75,264.1499938964844,9968.4501953125,3372.75,3875.699951171875,7617.2998046875,9286.7001953125,2117.60009765625,3044.75
2014-07-01,7634.7001953125,15321.171875,9802.849609375,17494.900390625,6989.2001953125,8496.849609375,3378.25,267.70001220703125,9915.900390625,3390.949951171875,3863.5,7749.14990234375,9268.7998046875,2136.449951171875,3062.60009765625
2014-07-02,7725.14990234375,15490.169921875,9807.599609375,17719.80078125,7100.39990234375,8656.650390625,3443.60009765625,268.29998779296875,10024.900390625,3457.10009765625,3876.5,7933.0498046875,9369.7001953125,2135.550048828125,3110.85009765625
2014-07-03,7714.7998046875,15451.470703125,9831.349609375,17765.55078125,7149.2998046875,8749.599609375,3422.60009765625,264.3999938964844,9898.7001953125,3433.199951171875,3869.300048828125,7902.10009765625,9355.7998046875,2118.64990234375,3086.64990234375
2014-07-04,7751.60009765625,15555.9697265625,9866.9501953125,17846.44921875,7153.2001953125,8796.4501953125,3392.14990234375,267.70001220703125,10062.5498046875,3448.64990234375,3864.39990234375,7885.89990234375,9415.75,2129.0,3084.699951171875
2014-07-07,7787.14990234375,15367.4208984375,10126.25,17894.900390625,7201.85009765625,8883.2998046875,3392.89990234375,267.3500061035156,10043.4501953125,3483.800048828125,3830.949951171875,7909.7001953125,9475.349609375,2121.60009765625,3080.050048828125
2014-07-08,7623.2001953125,14997.326171875,10019.7001953125,17818.349609375,7034.5,8799.25,3250.050048828125,247.6999969482422,9664.150390625,3302.0,3650.14990234375,7732.39990234375,9283.2998046875,2062.10009765625,2960.199951171875
2014-07-09,7585.0,14930.92578125,9903.2998046875,17961.05078125,6852.0,8717.150390625,3231.35009765625,243.89999389648438,9694.9501953125,3262.0,3629.550048828125,7657.9501953125,9214.25,2037.449951171875,2954.10009765625
2014-07-10,7567.75,14821.5283203125,9816.2001953125,18000.19921875,6796.5,8714.849609375,3258.39990234375,255.4499969482422,9706.2998046875,3270.949951171875,3591.800048828125,7666.39990234375,9183.75,2044.6500244140625,2971.64990234375
2014-07-11,7459.60009765625,14447.0322265625,9933.5498046875,18100.25,6722.5,8819.0498046875,3135.0,241.64999389648438,9443.2001953125,3135.949951171875,3406.199951171875,7631.35009765625,9050.849609375,2058.89990234375,2883.75
2014-07-14,7454.14990234375,14489.58203125,9799.650390625,18012.30078125,6782.25,8770.5,3160.300048828125,240.9499969482422,9456.9501953125,3167.25,3430.89990234375,7595.5,9019.0,2034.75,2897.60009765625
2014-07-15,7526.64990234375,14891.7275390625,9785.75,17987.849609375,6885.25,8725.849609375,3210.550048828125,245.6999969482422,9564.5498046875,3222.60009765625,3569.39990234375,7641.5,9128.150390625,2051.14990234375,2937.25
2014-07-16,7624.39990234375,15265.2724609375,9809.0,18071.75,6989.5,8786.75,3282.64990234375,256.3500061035156,9677.599609375,3275.39990234375,3634.10009765625,7729.4501953125,9253.9501953125,2085.449951171875,2979.050048828125
2014-07-17,7640.4501953125,15268.8720703125,9819.75,18142.099609375,6981.60009765625,8821.849609375,3364.25,254.85000610351562,9689.599609375,3324.64990234375,3668.35009765625,7813.89990234375,9264.400390625,2092.25,3029.35009765625
2014-07-18,7663.89990234375,15389.1708984375,9946.9501953125,18109.44921875,6986.7001953125,8829.400390625,3350.0,252.4499969482422,9605.400390625,3312.14990234375,3618.0,7756.89990234375,9325.2998046875,2067.75,3001.949951171875
2014-07-21,7684.2001953125,15385.771484375,9912.400390625,18313.099609375,6987.7001953125,8831.900390625,3341.39990234375,250.89999389648438,9639.400390625,3292.449951171875,3577.25,7767.9501953125,9338.349609375,2096.60009765625,2999.25
2014-07-22,7767.85009765625,15427.169921875,10086.650390625,18450.900390625,7019.39990234375,8920.2998046875,3373.050048828125,251.85000610351562,9793.900390625,3305.449951171875,3567.75,7794.0,9453.2001953125,2099.25,3021.14990234375
2014-07-23,7795.75,15462.8203125,10306.849609375,18483.150390625,7033.0,8925.650390625,3362.199951171875,252.10000610351562,9796.150390625,3302.35009765625,3591.85009765625,7752.7998046875,9516.7001953125,2076.050048828125,3004.949951171875
2014-07-24,7830.60009765625,15534.1689453125,10400.150390625,18609.5,7031.7998046875,8917.400390625,3412.550048828125,253.64999389648438,9774.400390625,3299.300048828125,3631.550048828125,7784.9501953125,9556.0498046875,2060.35009765625,3017.60009765625
2014-07-25,7790.4501953125,15322.072265625,10339.7001953125,18741.80078125,6945.10009765625,9168.150390625,3335.39990234375,246.5500030517578,9623.2001953125,3257.25,3552.0,7799.2998046875,9496.650390625,2012.8499755859375,2964.14990234375
2014-07-28,7748.7001953125,15211.9736328125,10383.4501953125,18805.599609375,6907.85009765625,9204.150390625,3290.14990234375,239.64999389648438,9521.0,3243.550048828125,3551.949951171875,7827.14990234375,9472.900390625,1986.75,2928.10009765625
2014-07-30,7791.39990234375,15452.220703125,10361.0498046875,18879.849609375,6957.7001953125,9339.5498046875,3298.35009765625,241.0500030517578,9563.650390625,3198.199951171875,3562.699951171875,7890.35009765625,9586.25,2019.3499755859375,2945.85009765625
2014-07-31,7721.2998046875,15267.421875,10304.7001953125,18778.75,6907.14990234375,9342.900390625,3295.800048828125,242.0500030517578,9510.5,3163.5,3513.39990234375,7839.7001953125,9478.849609375,2023.6500244140625,2930.800048828125
2014-08-01,7602.60009765625,15127.6240234375,10155.2998046875,18565.30078125,6847.14990234375,9179.7001953125,3227.550048828125,239.6999969482422,9270.25,3121.75,3521.699951171875,7810.25,9349.75,1995.1500244140625,2885.199951171875
2014-08-04,7683.64990234375,15242.1728515625,10370.150390625,18779.44921875,6936.64990234375,9160.25,3284.0,242.10000610351562,9393.7998046875,3172.10009765625,3556.050048828125,7910.89990234375,9436.7001953125,1997.199951171875,2925.199951171875
2014-08-05,7746.5498046875,15293.072265625,10422.7001953125,18843.099609375,7072.35009765625,9217.7001953125,3330.64990234375,248.8000030517578,9437.0,3168.25,3582.85009765625,8031.25,9483.900390625,1999.449951171875,2971.10009765625
2014-08-06,7672.0498046875,15008.4755859375,10484.599609375,18563.150390625,7022.7001953125,9129.349609375,3265.199951171875,246.0,9395.400390625,3144.800048828125,3504.0,7971.75,9402.5,1978.1500244140625,2928.85009765625
2014-08-07,7649.25,14986.67578125,10342.9501953125,18522.099609375,7015.89990234375,9115.4501953125,3258.949951171875,245.10000610351562,9418.7998046875,3141.550048828125,3493.64990234375,7942.60009765625,9348.2001953125,1976.300048828125,2929.35009765625
2014-08-08,7568.5498046875,14765.578125,10318.25,18534.599609375,6918.64990234375,9130.599609375,3150.10009765625,234.9499969482422,9264.599609375,3075.0,3435.800048828125,7798.35009765625,9258.7001953125,1932.800048828125,2852.60009765625
2014-08-11,7625.9501953125,14846.626953125,10382.5498046875,18500.94921875,7093.2998046875,9113.5,3170.449951171875,237.1999969482422,9233.150390625,3090.89990234375,3464.39990234375,7857.35009765625,9333.349609375,1921.6500244140625,2864.050048828125
2014-08-12,7727.0498046875,15056.525390625,10394.849609375,18516.349609375,7223.7001953125,9236.2998046875,3199.89990234375,240.6999969482422,9380.349609375,3116.5,3492.39990234375,7895.14990234375,9457.0,1931.25,2906.0
2014-08-13,7739.5498046875,14910.7275390625,10480.400390625,18922.44921875,7230.89990234375,9324.0498046875,3163.949951171875,227.64999389648438,9381.2001953125,3051.75,3380.64990234375,7922.85009765625,9458.2001953125,1871.449951171875,2883.800048828125
2014-08-14,7791.7001953125,15089.474609375,10468.25,18972.69921875,7270.64990234375,9433.599609375,3224.64990234375,231.85000610351562,9520.0498046875,3092.89990234375,3394.550048828125,7991.7001953125,9490.7998046875,1867.0999755859375,2932.10009765625
2014-08-18,7874.25,15439.5703125,10418.7001953125,18886.55078125,7387.7998046875,9564.5498046875,3271.85009765625,234.9499969482422,9719.25,3158.5,3469.949951171875,8095.5498046875,9580.5,1903.949951171875,2986.550048828125
2014-08-19,7897.5,15524.4697265625,10365.150390625,18904.55078125,7569.7998046875,9616.099609375,3286.449951171875,238.64999389648438,9765.2998046875,3191.800048828125,3492.60009765625,8145.0,9574.7001953125,1917.199951171875,3013.949951171875
2014-08-20,7875.2998046875,15481.5205078125,10399.099609375,18767.400390625,7524.39990234375,9909.650390625,3276.449951171875,239.85000610351562,9678.0,3186.75,3453.64990234375,8139.60009765625,9560.0498046875,1948.699951171875,3004.050048828125
2014-08-21,7891.10009765625,15662.0185546875,10392.849609375,18821.25,7573.5,9934.150390625,3232.949951171875,235.3000030517578,9679.349609375,3180.199951171875,3546.64990234375,8133.2001953125,9586.25,1958.0,2987.85009765625
2014-08-22,7913.2001953125,15818.966796875,10543.400390625,18689.5,7582.14990234375,9956.099609375,3240.39990234375,233.5500030517578,9671.650390625,3168.0,3622.75,8131.5498046875,9640.2001953125,1943.800048828125,2991.89990234375
2014-08-25,7906.2998046875,15668.818359375,10645.849609375,18895.25,7597.5,10000.0,3090.0,228.75,9615.2998046875,3142.10009765625,3565.75,8131.4501953125,9623.5,1927.8499755859375,2928.64990234375
2014-08-26,7904.75,15623.91796875,10671.0,19110.69921875,7595.64990234375,10115.25,3108.39990234375,228.4499969482422,9530.5,3110.5,3541.75,8151.39990234375,9610.900390625,1919.800048828125,2915.14990234375
2014-08-27,7936.0498046875,15717.4677734375,10743.7998046875,19192.80078125,7665.0,10104.349609375,3105.60009765625,225.25,9577.650390625,3096.550048828125,3548.550048828125,8153.85009765625,9649.25,1905.0,2923.10009765625
2014-08-28,7954.35009765625,15740.2177734375,10679.650390625,19308.599609375,7683.60009765625,10082.2998046875,3080.5,220.3000030517578,9629.0,3113.449951171875,3485.199951171875,8177.7998046875,9643.0,1892.1500244140625,2912.449951171875
2014-09-01,8027.7001953125,16012.61328125,10705.2998046875,19172.900390625,7789.35009765625,10099.0498046875,3169.10009765625,226.25,9810.349609375,3194.64990234375,3570.75,8310.9501953125,9747.650390625,1934.1500244140625,2980.0
2014-09-02,8083.0498046875,16130.3623046875,10746.5498046875,19301.30078125,7797.5,10306.599609375,3144.75,228.8000030517578,9880.2001953125,3220.75,3579.800048828125,8301.0498046875,9818.0498046875,1937.3499755859375,2995.300048828125
2014-09-03,8114.60009765625,16109.8125,11005.099609375,19171.05078125,7850.85009765625,10333.099609375,3176.14990234375,233.75,9874.0498046875,3246.0,3564.35009765625,8300.7001953125,9888.150390625,1942.300048828125,3008.60009765625
2014-09-04,8095.9501953125,16033.36328125,10960.4501953125,19205.94921875,7856.14990234375,10381.0498046875,3125.39990234375,224.39999389648438,9852.0,3213.75,3524.050048828125,8286.599609375,9865.9501953125,1943.3499755859375,2991.85009765625
2014-09-05,8086.85009765625,15982.314453125,11025.5498046875,19161.19921875,7805.60009765625,10384.4501953125,3151.449951171875,226.89999389648438,9875.0,3222.10009765625,3539.449951171875,8296.75,9839.5,1932.4000244140625,2998.60009765625
2014-09-08,8173.89990234375,16206.51171875,11167.75,19366.849609375,7864.60009765625,10485.0,3190.89990234375,228.35000610351562,9983.0498046875,3243.550048828125,3592.25,8411.599609375,9928.599609375,1945.25,3036.199951171875
2014-09-09,8152.9501953125,16156.5625,11069.900390625,19541.69921875,7899.0,10503.349609375,3188.75,226.5500030517578,9953.7001953125,3245.0,3597.449951171875,8418.9501953125,9898.349609375,1942.75,3034.35009765625
2014-09-10,8094.10009765625,16151.5625,10942.4501953125,19236.75,7882.64990234375,10482.2998046875,3187.300048828125,228.14999389648438,9844.25,3228.699951171875,3588.800048828125,8404.75,9848.2001953125,1986.0,3015.199951171875
2014-09-11,8085.7001953125,16203.9619140625,10965.9501953125,19330.5,7932.25,10283.5498046875,3164.10009765625,227.0,9816.25,3241.60009765625,3665.300048828125,8434.25,9873.150390625,1957.699951171875,2997.64990234375
2014-09-12,8105.5,16253.9619140625,10958.5,19472.5,8009.7998046875,10353.099609375,3158.5,226.8000030517578,9757.25,3219.300048828125,3714.050048828125,8500.349609375,9892.849609375,1954.3499755859375,2983.0
2014-09-15,8042.0,16167.3623046875,10868.150390625,19362.19921875,7984.64990234375,10428.099609375,3107.89990234375,227.14999389648438,9664.349609375,3198.0,3732.85009765625,8480.75,9816.7001953125,1980.9000244140625,2945.949951171875
2014-09-16,7932.89990234375,15843.9150390625,10811.5,19365.69921875,7830.7001953125,10319.849609375,3033.89990234375,218.3000030517578,9401.900390625,3111.39990234375,3617.800048828125,8436.849609375,9671.150390625,1948.449951171875,2865.39990234375
2014-09-17,7975.5,15838.4150390625,10991.400390625,19436.75,7901.14990234375,10343.400390625,3045.699951171875,219.5,9444.099609375,3127.85009765625,3627.0,8463.0498046875,9726.4501953125,1956.75,2878.5
2014-09-18,8114.75,16156.662109375,11055.2001953125,19565.05078125,8120.35009765625,10535.5498046875,3080.64990234375,230.25,9604.0,3207.35009765625,3722.5,8524.5,9888.5498046875,2011.550048828125,2927.949951171875
2014-09-19,8121.4501953125,16151.962890625,11224.150390625,19505.900390625,8059.2998046875,10587.25,3074.85009765625,228.5,9515.75,3167.699951171875,3655.050048828125,8489.2001953125,9942.9501953125,2039.1500244140625,2912.699951171875
2014-09-22,8146.2998046875,16194.361328125,11173.150390625,19904.849609375,8153.5,10484.9501953125,3036.199951171875,227.0500030517578,9565.650390625,3164.050048828125,3684.39990234375,8491.5,9946.849609375,2012.300048828125,2905.64990234375
2014-09-23,8017.5498046875,15902.6650390625,11088.0498046875,19830.05078125,7991.10009765625,10266.4501953125,2962.449951171875,215.0,9350.7001953125,3100.39990234375,3593.89990234375,8446.099609375,9809.650390625,1974.9000244140625,2851.050048828125
2014-09-24,8002.39990234375,15740.1171875,11074.2001953125,20188.55078125,7946.60009765625,10367.099609375,2946.199951171875,211.39999389648438,9378.2001953125,3058.25,3482.25,8518.650390625,9747.0,1965.3499755859375,2849.449951171875
2014-09-25,7911.85009765625,15298.8720703125,11185.9501953125,20083.75,7867.10009765625,10382.900390625,2847.64990234375,203.8000030517578,9122.849609375,3005.85009765625,3304.89990234375,8422.650390625,9658.5498046875,1974.3499755859375,2767.39990234375
2014-09-26,7968.85009765625,15607.068359375,11138.0,19906.55078125,7933.9501953125,10501.650390625,2924.64990234375,208.6999969482422,9233.7998046875,3046.550048828125,3406.39990234375,8440.4501953125,9719.349609375,1965.199951171875,2825.949951171875
2014-09-29,7958.89990234375,15473.3701171875,11326.599609375,19699.69921875,7904.2998046875,10710.5,2897.300048828125,208.0500030517578,9222.400390625,3042.14990234375,3394.25,8424.7001953125,9734.5498046875,1986.6500244140625,2812.800048828125
2014-09-30,7964.7998046875,15392.0712890625,11302.7001953125,19876.05078125,7899.35009765625,10847.150390625,2865.5,202.8000030517578,9275.150390625,3020.89990234375,3373.449951171875,8503.5498046875,9720.150390625,2027.3499755859375,2807.75
2014-10-01,7945.5498046875,15316.0224609375,11519.4501953125,19630.30078125,7895.2001953125,10796.7001953125,2853.5,201.5500030517578,9140.849609375,3004.25,3351.550048828125,8398.150390625,9745.849609375,2023.449951171875,2785.64990234375
2014-10-07,7852.39990234375,15180.0732421875,11428.599609375,19542.25,7828.25,10564.9501953125,2772.449951171875,199.5500030517578,9109.0498046875,2975.64990234375,3278.25,8281.9501953125,9646.7001953125,1992.550048828125,2737.75
2014-10-08,7842.7001953125,15343.8212890625,11043.400390625,19586.94921875,7870.75,10202.349609375,2805.449951171875,202.5500030517578,9251.2001953125,3004.10009765625,3322.550048828125,8238.9501953125,9582.0498046875,1992.699951171875,2773.699951171875
2014-10-09,7960.5498046875,15741.017578125,11065.150390625,19621.75,7957.60009765625,10325.0,2866.85009765625,207.85000610351562,9369.0,3078.75,3422.25,8348.900390625,9739.349609375,2065.39990234375,2816.550048828125
2014-10-10,7859.9501953125,15453.6201171875,11311.25,19083.69921875,7732.35009765625,10330.099609375,2748.800048828125,205.25,9307.0498046875,3017.60009765625,3380.050048828125,8175.85009765625,9666.2001953125,2034.199951171875,2749.050048828125
2014-10-13,7884.25,15677.3173828125,11437.0,18942.400390625,7720.7001953125,10186.150390625,2784.449951171875,201.8000030517578,9316.4501953125,3012.25,3436.60009765625,8170.25,9769.150390625,2028.050048828125,2761.449951171875
2014-10-14,7864.0,15751.3671875,11350.2998046875,18869.599609375,7690.5498046875,10206.2998046875,2786.300048828125,183.60000610351562,9303.0498046875,3020.550048828125,3485.300048828125,8175.2001953125,9763.7001953125,2027.5,2753.199951171875
2014-10-16,7748.2001953125,15541.4189453125,11174.849609375,18941.099609375,7524.35009765625,10095.150390625,2710.5,182.64999389648438,9103.75,2946.800048828125,3418.64990234375,8071.25,9604.599609375,2003.3499755859375,2681.60009765625
2014-10-17,7779.7001953125,15929.6142578125,10746.2001953125,19008.69921875,7568.7998046875,10178.400390625,2712.14990234375,184.1999969482422,9159.25,3000.550048828125,3491.449951171875,8043.60009765625,9629.150390625,2046.4000244140625,2698.050048828125
2014-10-20,7879.39990234375,16216.4111328125,10673.099609375,19034.099609375,7725.75,10313.2998046875,2753.949951171875,186.1999969482422,9315.099609375,3061.85009765625,3558.5,8173.2001953125,9738.25,2068.89990234375,2757.0
2014-10-21,7927.75,16427.05859375,10692.349609375,19114.900390625,7765.39990234375,10284.599609375,2805.5,191.14999389648438,9314.0,3117.0,3575.85009765625,8311.099609375,9836.0,2094.050048828125,2772.89990234375
2014-10-22,7995.89990234375,16444.5078125,10767.400390625,19120.900390625,7991.10009765625,10452.4501953125,2824.25,192.5,9351.150390625,3154.10009765625,3571.0,8436.2001953125,9874.900390625,2119.800048828125,2790.5
2014-10-27,7991.7001953125,16556.40625,10714.2998046875,18968.599609375,7939.60009765625,10533.849609375,2819.800048828125,185.3000030517578,9302.349609375,3165.39990234375,3608.14990234375,8371.25,9894.5,2087.10009765625,2780.550048828125
2014-10-28,8027.60009765625,16666.806640625,10737.25,18967.400390625,7972.85009765625,10676.2998046875,2819.25,185.85000610351562,9308.25,3174.449951171875,3663.64990234375,8397.599609375,9947.2001953125,2105.85009765625,2792.64990234375
2014-10-29,8090.4501953125,16633.857421875,10912.2998046875,19199.599609375,8103.7001953125,10652.0498046875,2896.10009765625,191.64999389648438,9396.75,3179.39990234375,3632.10009765625,8477.25,9990.0498046875,2128.199951171875,2832.949951171875
2014-10-30,8169.2001953125,16759.85546875,11124.599609375,19305.150390625,8128.89990234375,10668.349609375,2910.10009765625,197.85000610351562,9542.5,3209.550048828125,3642.0,8498.75,10119.599609375,2149.35009765625,2848.699951171875
2014-10-31,8322.2001953125,17044.853515625,11341.0498046875,19393.900390625,8246.900390625,10874.75,2966.39990234375,200.6999969482422,9758.900390625,3278.0,3732.14990234375,8618.0498046875,10330.2998046875,2152.800048828125,2911.0
2014-11-03,8324.150390625,17133.900390625,11359.900390625,19413.650390625,8172.85009765625,10877.7001953125,2970.449951171875,208.0,9722.75,3282.300048828125,3776.64990234375,8649.900390625,10360.099609375,2181.5,2913.25
2014-11-05,8338.2998046875,17352.748046875,11440.5,19536.150390625,8183.9501953125,11021.599609375,2879.25,207.60000610351562,9626.400390625,3260.60009765625,3815.89990234375,8616.650390625,10395.650390625,2202.5,2866.35009765625
2014-11-07,8337.0,17346.849609375,11476.150390625,19511.349609375,8118.39990234375,11289.7001953125,2843.699951171875,213.10000610351562,9613.400390625,3260.25,3779.35009765625,8674.4501953125,10419.4501953125,2262.25,2860.449951171875
2014-11-10,8344.25,17262.19921875,11470.9501953125,20113.5,8106.2998046875,11366.150390625,2838.25,212.6999969482422,9537.25,3249.300048828125,3773.0,8748.2998046875,10414.5498046875,2253.60009765625,2859.39990234375
2014-11-11,8362.650390625,17389.998046875,11439.7001953125,19918.25,8172.7998046875,11387.9501953125,2842.050048828125,215.0500030517578,9578.5,3252.85009765625,3824.89990234375,8773.25,10457.25,2269.75,2867.64990234375
2014-11-12,8383.2998046875,17586.845703125,11421.2998046875,20133.55078125,8285.25,11301.099609375,2811.35009765625,214.89999389648438,9482.9501953125,3222.35009765625,3828.800048828125,8823.349609375,10509.7001953125,2264.699951171875,2848.0
2014-11-13,8357.849609375,17452.796875,11539.599609375,20119.849609375,8251.25,11354.2001953125,2793.14990234375,212.85000610351562,9368.900390625,3213.60009765625,3773.699951171875,8792.2998046875,10486.2001953125,2267.75,2809.199951171875
2014-11-14,8389.900390625,17576.595703125,11571.75,20136.400390625,8285.0498046875,11195.2998046875,2863.550048828125,217.10000610351562,9432.7998046875,3227.10009765625,3843.199951171875,8836.75,10528.7001953125,2279.5,2849.199951171875
2014-11-17,8430.75,17640.1953125,11608.150390625,20179.44921875,8401.2001953125,11187.7001953125,2852.85009765625,216.89999389648438,9537.849609375,3253.25,4005.0,8829.75,10583.7001953125,2305.10009765625,2851.39990234375
2014-11-18,8425.900390625,17702.345703125,11512.900390625,20155.400390625,8441.7001953125,11109.7998046875,2876.199951171875,216.25,9539.75,3311.25,4023.449951171875,8903.2998046875,10579.650390625,2325.449951171875,2856.75
2014-11-19,8382.2998046875,17585.4453125,11524.2998046875,20106.94921875,8378.7001953125,11101.25,2815.39990234375,214.0,9408.900390625,3291.800048828125,3957.39990234375,8891.400390625,10547.150390625,2340.050048828125,2807.5
2014-11-20,8401.900390625,17644.845703125,11677.4501953125,20173.44921875,8334.2001953125,11216.400390625,2791.550048828125,210.5500030517578,9421.0498046875,3269.199951171875,3974.89990234375,8880.0498046875,10597.7001953125,2282.85009765625,2795.60009765625
2014-11-21,8477.349609375,18056.091796875,11596.9501953125,20304.849609375,8378.7998046875,11189.5498046875,2796.35009765625,210.64999389648438,9486.25,3292.800048828125,4062.64990234375,8871.849609375,10696.7001953125,2306.449951171875,2807.0
2014-11-24,8530.150390625,18281.736328125,11809.849609375,20289.44921875,8393.7001953125,11138.099609375,2841.199951171875,214.89999389648438,9420.5498046875,3297.14990234375,4101.14990234375,8878.0,10816.900390625,2340.75,2825.60009765625
2014-11-25,8463.099609375,18036.841796875,11790.0,19701.900390625,8301.849609375,11179.599609375,2802.64990234375,207.35000610351562,9418.650390625,3243.89990234375,4011.14990234375,8824.349609375,10734.5,2354.5,2793.300048828125
2014-11-26,8475.75,17975.740234375,11770.400390625,19957.19921875,8333.75,11154.4501953125,2831.0,215.64999389648438,9424.400390625,3243.35009765625,4027.5,8852.4501953125,10718.4501953125,2300.25,2811.949951171875
2014-11-27,8494.2001953125,18022.291015625,11900.849609375,19993.099609375,8378.75,11225.400390625,2828.35009765625,215.25,9438.2001953125,3239.699951171875,4045.39990234375,8883.75,10754.900390625,2290.300048828125,2810.25
2014-11-28,8588.25,18512.935546875,11898.0498046875,20027.44921875,8540.25,11254.75,2838.64990234375,218.8000030517578,9465.2998046875,3249.64990234375,4274.7998046875,8937.150390625,10892.25,2325.25,2834.5
2014-12-01,8555.900390625,18525.0859375,11981.0,20216.599609375,8556.099609375,11253.5498046875,2771.25,217.39999389648438,9202.7998046875,3201.14990234375,4254.89990234375,9035.9501953125,10872.4501953125,2311.14990234375,2785.14990234375
2014-12-02,8524.7001953125,18555.634765625,11812.75,20301.0,8481.650390625,11325.5,2805.14990234375,217.5500030517578,9152.25,3226.89990234375,4276.75,9042.150390625,10826.900390625,2339.199951171875,2789.199951171875
2014-12-03,8537.650390625,18645.6328125,11807.900390625,20305.900390625,8594.900390625,11324.349609375,2808.199951171875,220.14999389648438,9244.849609375,3238.14990234375,4278.35009765625,9195.5,10834.0498046875,2360.199951171875,2801.60009765625
2014-12-04,8564.400390625,18782.630859375,11748.75,20987.150390625,8587.7001953125,11309.349609375,2811.050048828125,220.5,9191.599609375,3203.25,4309.2998046875,9354.5498046875,10840.4501953125,2360.949951171875,2796.25
2014-12-05,8538.2998046875,18756.53125,11536.25,21223.80078125,8585.9501953125,11146.2001953125,2808.449951171875,223.3000030517578,9142.9501953125,3189.60009765625,4305.10009765625,9346.75,10766.0,2360.75,2790.85009765625
2014-12-08,8438.25,18509.8359375,11176.4501953125,21375.099609375,8450.349609375,11112.5498046875,2765.75,218.60000610351562,9071.4501953125,3141.050048828125,4245.25,9231.0,10581.25,2387.35009765625,2762.14990234375
2014-12-09,8340.7001953125,18290.4375,11138.900390625,21181.150390625,8351.849609375,11084.400390625,2688.25,215.60000610351562,8913.9501953125,3053.699951171875,4136.4501953125,9071.75,10466.7001953125,2332.050048828125,2699.75
2014-12-10,8355.650390625,18462.734375,11111.7001953125,21136.55078125,8389.5498046875,11114.5498046875,2685.60009765625,216.25,8933.75,3051.39990234375,4263.64990234375,9024.4501953125,10512.599609375,2366.050048828125,2710.300048828125
2014-12-11,8292.900390625,18404.78515625,10986.25,21088.80078125,8318.75,11130.650390625,2668.949951171875,211.75,8721.849609375,3023.199951171875,4242.64990234375,8983.0,10429.5,2367.75,2672.64990234375
2014-12-12,8224.099609375,18299.537109375,10929.900390625,21063.80078125,8284.349609375,11155.9501953125,2626.25,206.14999389648438,8521.0,2985.800048828125,4192.0,8966.5498046875,10344.7001953125,2297.800048828125,2634.449951171875
2014-12-15,8219.599609375,18372.4375,10727.75,20865.30078125,8260.75,11097.5498046875,2617.199951171875,202.25,8498.4501953125,2974.050048828125,4181.7001953125,8885.849609375,10369.0,2318.89990234375,2627.449951171875
2014-12-16,8067.60009765625,17830.34375,10891.599609375,20225.349609375,8109.5,10784.75,2506.14990234375,194.0500030517578,8338.349609375,2923.949951171875,4001.75,8618.150390625,10208.7001953125,2292.85009765625,2557.75
2014-12-17,8029.7998046875,17865.54296875,10860.099609375,19953.5,7977.5498046875,10573.400390625,2529.89990234375,191.35000610351562,8366.0498046875,2892.550048828125,4067.64990234375,8596.099609375,10198.25,2276.699951171875,2561.550048828125
2014-12-18,8159.2998046875,18326.38671875,10987.4501953125,20184.400390625,8156.10009765625,10701.7001953125,2582.550048828125,196.0,8505.5,2974.75,4181.60009765625,8751.0,10405.75,2328.199951171875,2610.25
2014-12-19,8225.2001953125,18478.685546875,11176.2001953125,19958.19921875,8168.39990234375,10731.599609375,2629.10009765625,195.0,8660.2998046875,3005.0,4138.89990234375,8733.4501953125,10519.0,2333.35009765625,2647.64990234375
2014-12-22,8324.0,18747.130859375,11202.099609375,20262.150390625,8286.7001953125,10826.150390625,2664.550048828125,197.4499969482422,8769.0,3025.800048828125,4188.75,8817.7998046875,10648.7998046875,2337.60009765625,2685.0
2014-12-23,8267.0,18603.533203125,11094.599609375,20303.849609375,8259.5,10839.0498046875,2614.14990234375,195.9499969482422,8709.849609375,3006.35009765625,4174.2001953125,8779.900390625,10561.599609375,2344.199951171875,2663.60009765625
2014-12-24,8174.10009765625,18535.134765625,10928.0,20090.69921875,8184.35009765625,10705.7998046875,2600.60009765625,197.85000610351562,8566.5,2975.0,4172.0,8743.0498046875,10451.5,2364.199951171875,2644.699951171875
2014-12-26,8200.7001953125,18556.984375,11036.7001953125,19953.44921875,8203.25,10738.0498046875,2615.89990234375,200.0500030517578,8601.099609375,2989.5,4227.14990234375,8720.2001953125,10514.0498046875,2354.199951171875,2650.89990234375
2014-12-29,8246.2998046875,18528.134765625,11104.7001953125,20087.0,8323.099609375,10826.650390625,2673.550048828125,200.6999969482422,8656.2001953125,2996.300048828125,4212.7998046875,8853.7001953125,10537.2001953125,2367.949951171875,2684.39990234375
2014-12-30,8248.25,18647.333984375,11149.7001953125,20053.55078125,8302.349609375,10865.349609375,2645.050048828125,201.4499969482422,8573.849609375,3019.050048828125,4252.39990234375,8875.7001953125,10595.900390625,2372.35009765625,2669.050048828125
2014-12-31,8282.7001953125,18736.431640625,11216.2998046875,20126.19921875,8281.2001953125,10949.7998046875,2661.050048828125,203.10000610351562,8640.900390625,3039.85009765625,4269.2998046875,8895.4501953125,10651.900390625,2387.10009765625,2688.64990234375
2015-01-01,,,,20057.599609375,8318.7998046875,10923.25,2693.25,203.0500030517578,8630.9501953125,3064.699951171875,4294.64990234375,8913.849609375,10652.25,2378.300048828125,2697.14990234375
2015-01-02,8395.4501953125,19057.580078125,11372.099609375,20142.650390625,8365.400390625,10955.599609375,2715.449951171875,205.10000610351562,8668.650390625,3107.10009765625,4311.64990234375,8989.849609375,10835.0,2382.10009765625,2725.5
2015-01-05,8378.400390625,19017.1796875,11248.5498046875,20184.849609375,8467.9501953125,10920.599609375,2704.5,205.25,8651.5,3102.300048828125,4281.14990234375,9050.5,10761.0498046875,2376.300048828125,2721.10009765625
2015-01-06,8127.35009765625,18430.53515625,10959.900390625,19863.349609375,8248.2001953125,10637.7998046875,2610.449951171875,198.0500030517578,8304.0,3013.25,4104.60009765625,8946.900390625,10434.5,2294.699951171875,2623.10009765625
2015-01-07,8102.10009765625,18304.037109375,10916.0,19841.099609375,8254.7001953125,10604.9501953125,2568.64990234375,197.39999389648438,8404.900390625,3006.35009765625,4091.60009765625,9063.5,10381.9501953125,2275.699951171875,2616.800048828125
2015-01-08,8234.599609375,18701.18359375,11018.150390625,20244.150390625,8397.2998046875,10737.599609375,2609.25,203.5,8450.5,3052.60009765625,4164.75,9180.650390625,10562.5,2285.699951171875,2663.14990234375
2015-01-09,8284.5,18637.033203125,,20286.650390625,8397.0,10934.5498046875,2599.10009765625,199.9499969482422,8548.400390625,3022.949951171875,4138.7001953125,9245.4501953125,10620.400390625,2276.64990234375,2662.800048828125
2015-01-12,8323.0,18795.630859375,11543.650390625,20517.80078125,8409.5498046875,10976.2001953125,2555.199951171875,200.1999969482422,8463.7001953125,3038.85009765625,4201.14990234375,9356.5498046875,10703.9501953125,2297.550048828125,2641.449951171875
2015-01-13,8299.400390625,18706.982421875,11502.7998046875,20603.0,8398.7998046875,10984.2998046875,2546.75,196.75,8374.7998046875,3010.449951171875,4170.4501953125,9341.75,10648.9501953125,2293.89990234375,2646.050048828125
2015-01-14,8277.5498046875,18603.583984375,11614.2998046875,20455.80078125,8427.7001953125,10881.5498046875,2457.89990234375,195.1999969482422,8335.0,3019.449951171875,4141.35009765625,9433.5498046875,10649.7001953125,2275.89990234375,2625.199951171875
2015-01-15,8494.150390625,19235.427734375,11669.849609375,20770.0,8614.7001953125,10936.2998046875,2483.14990234375,211.4499969482422,8542.25,3097.14990234375,4327.0,9523.849609375,10965.400390625,2310.64990234375,2682.699951171875
2015-01-16,8513.7998046875,19222.927734375,11659.599609375,20969.599609375,8623.599609375,11101.150390625,2496.199951171875,212.35000610351562,8589.400390625,3122.10009765625,4261.0,9606.150390625,10965.099609375,2403.75,2685.449951171875
2015-01-19,8550.7001953125,19405.826171875,11642.75,20728.400390625,8694.900390625,11249.2998046875,2504.800048828125,212.75,8655.650390625,3160.39990234375,4254.10009765625,9496.900390625,11011.349609375,2397.85009765625,2699.050048828125
2015-01-20,8695.599609375,19766.8203125,11695.0,21091.150390625,8760.900390625,11290.650390625,2581.550048828125,215.6999969482422,8763.349609375,3179.050048828125,4302.4501953125,9527.0498046875,11201.5,2425.300048828125,2740.5
2015-01-21,8729.5,19843.01953125,11813.7001953125,20673.900390625,8779.9501953125,11320.849609375,2564.60009765625,215.0500030517578,8766.4501953125,3219.0,4407.7998046875,9652.400390625,11305.400390625,2394.050048828125,2734.199951171875
2015-01-22,8761.400390625,19917.41796875,11850.849609375,20670.80078125,8842.0,11509.5,2580.75,216.35000610351562,8693.0,3227.550048828125,4373.5498046875,9659.0,11335.75,2410.699951171875,2742.449951171875
2015-01-23,8835.599609375,20072.466796875,,20744.19921875,8983.099609375,11581.099609375,2602.85009765625,219.60000610351562,8748.4501953125,3303.14990234375,4382.39990234375,9774.150390625,11427.150390625,2408.949951171875,2766.949951171875
2015-01-27,8910.5,20555.01171875,11693.4501953125,20985.599609375,9099.599609375,11583.25,2583.75,222.25,8765.5498046875,3343.25,4385.35009765625,9821.4501953125,11537.0498046875,2408.800048828125,2759.14990234375
2015-01-28,8914.2998046875,20491.51171875,11809.5498046875,21027.849609375,9043.150390625,11577.75,2546.10009765625,225.1999969482422,8852.5,3280.10009765625,4419.25,9788.9501953125,11564.599609375,2395.300048828125,2764.39990234375
2015-01-29,8952.349609375,20528.361328125,11824.150390625,21293.099609375,9049.7001953125,11752.0498046875,2540.5,231.4499969482422,8956.5498046875,3301.199951171875,4299.14990234375,9804.25,11541.599609375,2391.949951171875,2786.449951171875
2015-01-30,8808.900390625,19843.51953125,,21165.75,8930.849609375,11693.5498046875,2513.300048828125,236.8000030517578,8920.650390625,3294.39990234375,4046.449951171875,9734.650390625,11307.349609375,2357.35009765625,2776.949951171875
2015-02-02,8797.400390625,19865.669921875,11943.9501953125,20840.19921875,8976.099609375,11627.650390625,2501.949951171875,238.10000610351562,8887.400390625,3304.64990234375,4039.60009765625,9699.2001953125,11346.849609375,2345.449951171875,2762.050048828125
2015-02-03,8756.5498046875,19382.724609375,11963.900390625,21052.80078125,8919.7001953125,11520.0,2521.800048828125,234.85000610351562,9037.150390625,3292.949951171875,3924.60009765625,9723.2001953125,11189.7001953125,2347.199951171875,2777.39990234375
2015-02-04,8723.7001953125,19173.77734375,11938.900390625,20991.44921875,8812.5,11625.7001953125,2574.449951171875,237.5500030517578,9050.2001953125,3251.14990234375,3864.449951171875,9662.5,11113.75,2316.5,2805.60009765625
2015-02-05,8711.7001953125,19051.6796875,12165.150390625,21093.94921875,8749.650390625,11522.099609375,2525.10009765625,231.1999969482422,8910.849609375,3190.550048828125,3784.64990234375,9608.150390625,11130.7001953125,2295.0,2763.10009765625
2015-02-06,8661.0498046875,,12267.9501953125,21286.19921875,8496.2998046875,11322.9501953125,2507.050048828125,229.8000030517578,8808.7001953125,3174.10009765625,3766.699951171875,9611.4501953125,11119.5,2275.89990234375,2738.85009765625
2015-02-09,8526.349609375,18403.634765625,12249.2998046875,20995.099609375,8294.4501953125,11289.400390625,2440.64990234375,223.9499969482422,8708.2001953125,3057.0,3635.550048828125,9455.900390625,10967.0,2270.14990234375,2694.050048828125
2015-02-10,8565.5498046875,18752.28125,12162.849609375,21069.5,8436.0498046875,11283.5,2477.85009765625,223.8000030517578,8652.5498046875,3073.14990234375,3704.85009765625,9520.650390625,11024.9501953125,2264.699951171875,2709.60009765625
2015-02-11,8627.400390625,18940.580078125,12243.400390625,21252.150390625,8514.150390625,11391.7001953125,2520.10009765625,225.25,8721.650390625,3122.449951171875,3726.75,9639.5,11106.150390625,2255.5,2739.949951171875
2015-02-12,8711.5498046875,19128.376953125,12372.0,21224.19921875,8654.2998046875,11598.25,2530.050048828125,228.64999389648438,8821.400390625,3178.14990234375,3693.800048828125,9777.349609375,11230.25,2316.14990234375,2762.64990234375
2015-02-13,8805.5,19369.474609375,12464.9501953125,21616.44921875,8759.0,11789.900390625,2555.35009765625,226.4499969482422,8832.099609375,3192.550048828125,3901.550048828125,9873.849609375,11339.2998046875,2338.89990234375,2783.75
2015-02-16,8809.349609375,19189.7265625,,22009.0,8792.5498046875,11680.25,2555.199951171875,229.1999969482422,8790.0,3192.800048828125,3892.550048828125,9920.2998046875,11325.900390625,2322.050048828125,2775.10009765625
2015-02-18,8869.099609375,19296.275390625,12632.75,22195.75,8884.849609375,11741.25,2537.5,228.10000610351562,8806.5,3210.85009765625,3887.0,9992.0,11438.150390625,2322.949951171875,2776.449951171875
2015-02-19,8895.2998046875,19188.078125,12723.7998046875,21989.349609375,8871.650390625,11734.5,2631.0,229.64999389648438,8831.5,3245.39990234375,3839.949951171875,10001.9501953125,11458.7998046875,2305.14990234375,2809.550048828125
2015-02-20,8833.599609375,19073.328125,12571.9501953125,22149.94921875,8874.650390625,11746.5,2622.050048828125,231.9499969482422,8669.7998046875,3220.449951171875,3875.050048828125,9946.349609375,11347.5498046875,2316.85009765625,2786.64990234375
2015-02-23,8754.9501953125,18913.1796875,12531.2998046875,21902.94921875,8804.150390625,11640.7998046875,2601.199951171875,228.10000610351562,8551.4501953125,3218.85009765625,3806.14990234375,9902.5498046875,11256.4501953125,2266.89990234375,2760.300048828125
2015-02-24,8762.099609375,18883.58203125,12566.2001953125,22231.849609375,8777.7001953125,11663.849609375,2568.800048828125,229.10000610351562,8470.0,3239.14990234375,3784.050048828125,9955.650390625,11256.0,2295.60009765625,2734.25
2015-02-25,8767.25,18732.833984375,12633.349609375,22295.150390625,8781.2998046875,11533.5,2556.800048828125,229.89999389648438,8467.0,3227.25,3770.89990234375,9938.099609375,11273.099609375,2270.800048828125,2734.5
2015-02-26,8683.849609375,18537.884765625,12458.5,22070.900390625,8640.7001953125,11412.2998046875,2529.64990234375,230.8000030517578,8506.599609375,3211.199951171875,3685.89990234375,9786.349609375,11182.599609375,2239.300048828125,2721.25
2015-02-27,8844.599609375,19074.328125,12554.9501953125,22063.94921875,8841.7998046875,11554.7998046875,2606.35009765625,241.10000610351562,8661.0498046875,3326.64990234375,3836.550048828125,9956.0498046875,11386.75,2246.64990234375,2798.949951171875
2015-03-02,8956.75,20007.8671875,12663.7001953125,20648.650390625,8919.5498046875,12024.0498046875,2599.800048828125,238.60000610351562,8711.7001953125,3371.550048828125,3856.39990234375,10234.400390625,11647.7001953125,2229.699951171875,2853.25
2015-03-03,8996.25,19960.966796875,12855.900390625,20661.400390625,8838.7998046875,12166.2001953125,2586.25,234.89999389648438,8861.849609375,3384.85009765625,3902.60009765625,10269.4501953125,11721.2998046875,2259.5,2859.800048828125
2015-03-04,8922.650390625,19643.671875,12730.599609375,20743.400390625,8777.849609375,12326.7998046875,2519.89990234375,234.25,8746.0498046875,3359.800048828125,3783.85009765625,10153.25,11588.599609375,2226.75,2800.949951171875
2015-03-05,8937.75,19747.76953125,12665.5,21005.849609375,8825.650390625,12632.5,2474.800048828125,234.14999389648438,8743.25,3347.75,3791.10009765625,10248.0,11611.400390625,2240.0,2777.800048828125
2015-03-09,8756.75,19145.328125,12422.25,20878.05078125,8727.0498046875,12676.900390625,2414.300048828125,227.60000610351562,8551.5,3245.5,3732.10009765625,10246.150390625,11319.5,2207.050048828125,2715.14990234375
2015-03-10,8712.0498046875,19054.1796875,12405.0498046875,20773.25,8756.400390625,12631.9501953125,2427.75,223.0,8465.9501953125,3259.89990234375,3707.550048828125,10157.0498046875,11258.25,2218.89990234375,2699.35009765625
2015-03-11,8699.9501953125,19043.779296875,12352.349609375,20778.5,8761.5,12515.75,2386.75,224.3000030517578,8430.900390625,3289.35009765625,3682.10009765625,10170.5,11283.599609375,2215.800048828125,2672.85009765625
2015-03-12,8776.0,19141.626953125,12423.650390625,21107.849609375,8851.650390625,12663.7001953125,2423.0,227.75,8543.0498046875,3355.300048828125,3714.800048828125,10280.5,11380.599609375,2251.550048828125,2711.60009765625
2015-03-13,8647.75,18779.58203125,12312.150390625,20676.69921875,8721.75,12487.0498046875,2391.14990234375,225.9499969482422,8430.599609375,3297.800048828125,3648.25,10099.75,11237.349609375,2207.800048828125,2672.39990234375
2015-03-16,8633.150390625,18837.130859375,12419.0498046875,20436.80078125,8697.849609375,12480.7001953125,2353.14990234375,228.85000610351562,8364.0498046875,3260.800048828125,3667.0,9982.25,11242.099609375,2232.14990234375,2647.050048828125
2015-03-17,8723.2998046875,19058.029296875,12383.150390625,20718.599609375,8807.400390625,12716.7998046875,2380.699951171875,230.25,8468.9501953125,3301.25,3681.39990234375,10064.2001953125,11334.2001953125,2258.75,2677.39990234375
2015-03-18,8685.900390625,19147.02734375,12276.099609375,20572.05078125,8748.75,12732.400390625,2387.75,230.5,8476.75,3264.449951171875,3722.300048828125,10040.349609375,11299.349609375,2292.0,2674.449951171875
2015-03-19,8634.650390625,18810.931640625,12275.2001953125,20430.650390625,8719.5498046875,12799.7998046875,2388.35009765625,226.85000610351562,8436.7998046875,3241.85009765625,3632.699951171875,10035.5498046875,11214.2001953125,2261.699951171875,2667.25
2015-03-20,8570.900390625,18606.1328125,12363.5,19999.80078125,8585.9501953125,12622.25,2366.0,218.0500030517578,8355.25,3203.699951171875,3589.60009765625,9906.849609375,11177.7998046875,2215.300048828125,2635.0
2015-03-23,8550.900390625,18448.78515625,12244.4501953125,19999.19921875,8597.7998046875,12622.9501953125,2373.5,217.5500030517578,8335.2001953125,3203.449951171875,3547.300048828125,9876.650390625,11122.2001953125,2197.449951171875,2634.949951171875
2015-03-24,8542.9501953125,18331.236328125,12180.0,19945.0,8480.7998046875,12853.4501953125,2366.25,216.89999389648438,8387.0498046875,3218.949951171875,3499.35009765625,9824.9501953125,11099.599609375,2205.39990234375,2631.050048828125
2015-03-25,8530.7998046875,18309.88671875,12225.599609375,19957.5,8515.650390625,12919.4501953125,2343.35009765625,217.0,8319.099609375,3184.449951171875,3438.64990234375,9826.4501953125,11084.650390625,2181.699951171875,2615.699951171875
2015-03-26,8342.150390625,17831.443359375,11902.099609375,19691.150390625,8385.349609375,12676.849609375,2288.0,213.1999969482422,8196.099609375,3176.64990234375,3331.35009765625,9683.5498046875,10785.75,2154.10009765625,2584.800048828125
2015-03-27,8341.400390625,18044.591796875,,19511.0,8435.0,12588.5498046875,2292.85009765625,211.64999389648438,8116.5,3171.14990234375,3381.75,9680.2998046875,10810.7998046875,2138.25,2580.10009765625
2015-03-30,8492.2998046875,18361.587890625,12100.849609375,19880.94921875,8574.4501953125,12703.7998046875,2328.300048828125,216.0500030517578,8183.7001953125,3250.89990234375,3436.300048828125,9799.5,11007.5498046875,2178.60009765625,2623.25
2015-03-31,8491.0,18206.439453125,12083.0,19879.599609375,8621.75,12844.7998046875,2324.449951171875,216.14999389648438,8264.25,3249.64990234375,3410.39990234375,9866.4501953125,10978.400390625,2188.89990234375,2626.85009765625
2015-04-01,8586.25,,,20145.099609375,8710.75,13136.2001953125,2347.64990234375,219.39999389648438,8313.150390625,3283.39990234375,3507.800048828125,9885.0498046875,11089.5498046875,2204.0,2645.800048828125
2015-04-06,8659.900390625,18605.232421875,11969.25,20607.900390625,8792.0,13807.099609375,2339.949951171875,234.14999389648438,8372.349609375,3319.60009765625,3506.35009765625,9986.2998046875,11097.75,2174.949951171875,2659.25
2015-04-07,8660.2998046875,18469.0859375,11989.349609375,20747.94921875,8794.5,13778.25,2392.0,230.25,8436.599609375,3350.300048828125,3493.699951171875,10049.0,11074.4501953125,2168.75,2695.550048828125
2015-04-08,8714.400390625,18416.384765625,12214.2998046875,21074.099609375,8838.75,13831.150390625,2431.25,232.85000610351562,8568.9501953125,3373.199951171875,3506.5,10104.5498046875,11103.5498046875,2176.35009765625,2719.0
2015-04-09,8778.2998046875,18875.630859375,12279.400390625,21118.94921875,8848.150390625,13545.900390625,2468.14990234375,230.9499969482422,8688.25,3358.449951171875,3604.699951171875,10146.150390625,11243.0498046875,2251.699951171875,2737.39990234375
2015-04-10,8780.349609375,,,21214.75,8879.0,13505.900390625,2483.0,232.39999389648438,8740.099609375,3386.699951171875,3662.300048828125,10211.4501953125,11235.7001953125,2242.39990234375,2750.60009765625
2015-04-13,8834.0,,,21456.400390625,8817.849609375,13722.849609375,2485.0,232.6999969482422,8849.900390625,3452.89990234375,3681.85009765625,10269.2001953125,11286.400390625,2244.199951171875,2763.449951171875
2015-04-15,,18716.083984375,12154.5498046875,21463.05078125,8682.0,13480.9501953125,2467.0,229.9499969482422,8838.0498046875,3404.0,3733.949951171875,10267.5498046875,11170.7998046875,2238.35009765625,2756.0
2015-04-16,8706.7001953125,18636.833984375,12059.0,21287.80078125,8666.400390625,13248.650390625,2464.39990234375,224.3000030517578,8910.650390625,3377.5,3731.699951171875,10202.4501953125,11135.0498046875,2212.300048828125,2751.550048828125
2015-04-17,8606.0,,,21277.849609375,8558.2001953125,12809.150390625,2488.550048828125,222.14999389648438,8900.2998046875,3342.199951171875,3737.199951171875,10133.7001953125,10972.650390625,2192.0,2741.949951171875
2015-04-20,8448.099609375,18112.5390625,11562.2001953125,20666.349609375,8398.599609375,12753.849609375,2442.199951171875,216.0500030517578,8657.099609375,3271.800048828125,3681.199951171875,9911.150390625,10783.650390625,2138.050048828125,2688.60009765625
2015-04-21,8377.75,18105.5390625,11558.400390625,20429.30078125,8284.900390625,12284.0,2446.25,215.3000030517578,8563.650390625,3240.800048828125,3699.300048828125,9696.0,10751.099609375,2123.800048828125,2672.60009765625
2015-04-22,8429.7001953125,18243.486328125,11492.0,20538.599609375,8280.2998046875,12431.349609375,2459.199951171875,215.35000610351562,8548.2001953125,3285.449951171875,3653.25,9737.5,10790.849609375,2128.14990234375,2684.800048828125
2015-04-23,8398.2998046875,18245.38671875,11451.5498046875,20525.69921875,8228.7998046875,12293.0498046875,2495.14990234375,213.5500030517578,8495.849609375,3266.25,3591.35009765625,9771.2998046875,10777.7998046875,2138.449951171875,2680.300048828125
2015-04-24,8305.25,,,20606.05078125,8164.4501953125,12210.0,2454.89990234375,205.0,8509.7998046875,3216.89990234375,3536.300048828125,9592.25,10585.900390625,2094.10009765625,2664.199951171875
2015-04-27,8213.7998046875,17767.392578125,11097.900390625,20242.55078125,8118.64990234375,11908.2001953125,2454.050048828125,196.5500030517578,8386.150390625,3176.550048828125,3457.75,9520.2998046875,10459.0,2090.800048828125,2630.300048828125
2015-04-28,8285.599609375,18246.037109375,11052.9501953125,20053.30078125,8315.400390625,11984.599609375,2453.199951171875,200.0,8380.849609375,3211.199951171875,3517.35009765625,9678.349609375,10607.7001953125,2087.550048828125,2652.35009765625
2015-04-29,8239.75,18302.4375,11094.400390625,19729.94921875,8278.5,12042.900390625,2443.25,201.60000610351562,8302.2998046875,3177.800048828125,3505.64990234375,9646.4501953125,10584.099609375,2086.35009765625,2637.949951171875
2015-04-30,8181.5,,,19510.69921875,8188.2001953125,12057.7998046875,2402.39990234375,204.8000030517578,8331.75,3154.64990234375,3484.60009765625,9651.4501953125,10521.0498046875,2053.10009765625,2624.449951171875
2015-05-04,8331.9501953125,18501.0859375,11191.4501953125,19911.30078125,8330.2001953125,12333.599609375,2441.75,210.1999969482422,8620.650390625,3211.199951171875,3579.0,9824.7998046875,10670.75,2109.10009765625,2694.699951171875
2015-05-05,8324.7998046875,18471.234375,11170.25,19963.80078125,8327.2001953125,12391.7001953125,2508.14990234375,212.85000610351562,8663.2998046875,3205.14990234375,3530.39990234375,9975.2001953125,10625.25,2078.0,2720.25
2015-05-06,8097.0,17799.34375,10938.849609375,19490.849609375,8089.85009765625,12037.650390625,2430.35009765625,203.9499969482422,8437.150390625,3089.550048828125,3413.550048828125,9665.900390625,10334.25,2034.0,2628.300048828125
2015-05-07,8057.2998046875,17376.69921875,11127.75,19541.94921875,7986.25,11873.5498046875,2417.800048828125,199.10000610351562,8318.4501953125,3070.85009765625,3328.85009765625,9579.5,10249.25,2029.0999755859375,2604.550048828125
2015-05-08,8191.5,,,19857.19921875,8199.25,12104.7001953125,2435.60009765625,207.35000610351562,8397.099609375,3117.800048828125,3295.14990234375,9729.7998046875,10417.7001953125,2054.14990234375,2632.10009765625
2015-05-11,8325.25,18199.5390625,11324.5498046875,19795.94921875,8427.5498046875,12317.5,2502.300048828125,209.25,8489.849609375,3153.89990234375,3498.10009765625,9790.599609375,10628.75,2088.199951171875,2684.89990234375
2015-05-12,8126.9501953125,17628.4453125,11118.4501953125,19598.75,8277.5,12250.7001953125,2426.0,201.89999389648438,8239.2001953125,3059.89990234375,3369.14990234375,9573.4501953125,10343.75,2029.0999755859375,2606.800048828125
2015-05-13,8235.4501953125,18097.23828125,11170.5,19818.900390625,8413.400390625,12261.400390625,2428.85009765625,200.35000610351562,8342.25,3090.550048828125,3459.199951171875,9702.2998046875,10516.099609375,2010.300048828125,2632.39990234375
2015-05-14,8224.2001953125,18115.98828125,11093.599609375,19846.05078125,8485.5,12238.7998046875,2448.699951171875,202.5500030517578,8352.0498046875,3097.300048828125,3557.64990234375,9769.25,10490.5498046875,2012.8499755859375,2652.25
2015-05-15,8262.349609375,,,19997.599609375,8539.5498046875,12294.650390625,2422.85009765625,200.14999389648438,8333.25,3110.449951171875,3586.5,9762.650390625,10552.650390625,2008.6500244140625,2648.10009765625
2015-05-18,8373.650390625,18422.734375,11279.4501953125,20292.099609375,8600.0498046875,12486.0,2436.5,200.25,8472.099609375,3153.25,3600.10009765625,9857.25,10701.400390625,2068.85009765625,2682.800048828125
2015-05-19,8365.650390625,18380.1875,11372.2001953125,20231.099609375,8531.2998046875,12502.349609375,2445.550048828125,200.9499969482422,8454.849609375,3160.050048828125,3588.89990234375,9855.099609375,10693.0498046875,2081.5,2686.050048828125
2015-05-20,8423.25,18554.935546875,11571.7001953125,20232.5,8484.7998046875,12537.0498046875,2431.39990234375,200.5500030517578,8510.150390625,3158.64990234375,3621.75,9877.25,10826.2001953125,2098.25,2682.800048828125
2015-05-21,8421.0,18512.935546875,11618.599609375,20070.94921875,8549.599609375,12554.75,2419.60009765625,202.6999969482422,8454.400390625,3161.10009765625,3591.300048828125,9857.7001953125,10797.900390625,2092.199951171875,2682.35009765625
2015-05-22,8458.9501953125,,,20167.75,8581.650390625,12690.099609375,2409.85009765625,202.25,8520.650390625,3169.89990234375,3524.14990234375,9872.349609375,10838.0498046875,2089.10009765625,2677.64990234375
2015-05-25,8370.25,18324.63671875,11623.349609375,19766.94921875,8565.099609375,12617.5498046875,2368.699951171875,201.0500030517578,8504.650390625,3157.199951171875,3489.75,9794.849609375,10746.349609375,2090.60009765625,2657.64990234375
2015-05-26,8339.349609375,18329.087890625,11581.900390625,19682.19921875,8548.150390625,12559.0498046875,2372.25,199.75,8415.349609375,3155.39990234375,3482.949951171875,9757.849609375,10723.2001953125,2096.800048828125,2644.050048828125
2015-05-27,8334.599609375,18538.634765625,11367.5,19794.75,8369.900390625,12506.0498046875,2377.800048828125,200.8000030517578,8481.099609375,3182.800048828125,3538.5,9740.5,10722.849609375,2103.449951171875,2651.800048828125
2015-05-28,8319.0,18448.984375,11450.849609375,19856.5,8379.2998046875,12311.900390625,2370.14990234375,200.5500030517578,8429.400390625,3169.75,3516.949951171875,9757.099609375,10702.4501953125,2098.39990234375,2641.25
2015-05-29,8433.650390625,18721.1328125,11575.0498046875,20107.30078125,8536.75,12511.75,2382.60009765625,199.5,8488.099609375,3220.85009765625,3531.10009765625,9905.7001953125,10832.849609375,2108.199951171875,2677.89990234375
2015-06-01,8433.400390625,18616.783203125,11525.650390625,20387.400390625,8509.349609375,12079.7998046875,2382.800048828125,203.5500030517578,8591.9501953125,3244.949951171875,3537.64990234375,9993.599609375,10811.25,2092.949951171875,2690.0
2015-06-02,8236.4501953125,17977.091796875,11347.900390625,19709.150390625,8325.0498046875,11902.849609375,2330.14990234375,195.4499969482422,8530.599609375,3203.39990234375,3391.39990234375,9792.25,10542.2001953125,2100.10009765625,2642.35009765625
2015-06-03,8135.10009765625,17721.1953125,11361.099609375,19132.0,8191.60009765625,11746.599609375,2303.64990234375,183.75,8404.0498046875,3158.949951171875,3311.25,9580.650390625,10471.25,2071.60009765625,2596.550048828125
2015-06-04,8130.64990234375,17718.994140625,11379.2001953125,19069.150390625,8130.4501953125,11633.150390625,2274.199951171875,185.39999389648438,8460.0,3166.300048828125,3290.10009765625,9604.599609375,10488.0,2095.050048828125,2599.550048828125
2015-06-05,8114.7001953125,17549.046875,11291.5498046875,19259.599609375,8092.2998046875,11715.849609375,2315.5,182.25,8502.349609375,3189.949951171875,3280.14990234375,9608.2998046875,10422.7998046875,2137.14990234375,2611.14990234375
2015-06-08,8044.14990234375,17432.396484375,11238.599609375,19084.0,8006.14990234375,11585.099609375,2279.699951171875,180.8000030517578,8386.75,3166.64990234375,3214.5,9457.2998046875,10342.5498046875,2076.050048828125,2578.0
2015-06-09,8022.39990234375,17489.697265625,11142.9501953125,18978.900390625,7953.64990234375,11379.900390625,2295.75,177.8000030517578,8367.9501953125,3162.35009765625,3226.85009765625,9478.349609375,10350.349609375,2064.699951171875,2582.25
2015-06-10,8124.4501953125,17707.044921875,11401.7001953125,19014.099609375,8104.0498046875,11477.400390625,2311.5,179.25,8503.650390625,3214.25,3255.699951171875,9540.75,10487.599609375,2085.550048828125,2603.949951171875
2015-06-11,7965.35009765625,17304.19921875,11227.150390625,18828.44921875,7909.0,11308.150390625,2281.800048828125,174.85000610351562,8311.0,3142.949951171875,3168.199951171875,9454.400390625,10273.900390625,2068.60009765625,2552.64990234375
2015-06-12,7982.89990234375,17523.34765625,11049.349609375,18846.44921875,7905.25,11328.4501953125,2247.199951171875,174.5500030517578,8374.099609375,3147.85009765625,3166.85009765625,9456.9501953125,10324.5498046875,2072.949951171875,2551.60009765625
2015-06-15,8013.89990234375,17458.49609375,11093.849609375,18935.75,7996.2001953125,11451.099609375,2233.949951171875,174.6999969482422,8418.25,3153.300048828125,3120.550048828125,9486.349609375,10339.25,2114.10009765625,2546.449951171875
2015-06-16,8047.2998046875,17602.244140625,11119.2001953125,18954.849609375,8090.85009765625,11473.7001953125,2238.800048828125,174.89999389648438,8452.2001953125,3165.10009765625,3168.10009765625,9517.9501953125,10381.599609375,2138.699951171875,2554.14990234375
2015-06-17,8091.5498046875,17583.845703125,11143.5,19249.099609375,8160.9501953125,11678.9501953125,2256.699951171875,175.75,8537.150390625,3190.10009765625,3168.64990234375,9661.7001953125,10385.0498046875,2178.25,2573.0
2015-06-18,8174.60009765625,17733.34375,11215.349609375,19248.05078125,8258.650390625,11836.150390625,2252.89990234375,175.35000610351562,8792.400390625,3211.75,3181.35009765625,9696.5498046875,10466.599609375,2170.75,2602.35009765625
2015-06-19,8224.9501953125,17880.642578125,11243.650390625,19345.349609375,8305.349609375,11810.0,2261.050048828125,173.8000030517578,8879.849609375,3213.10009765625,3214.199951171875,9724.150390625,10535.5498046875,2158.25,2623.25
2015-06-22,8353.099609375,18334.287109375,11429.7998046875,19653.650390625,8400.7001953125,11879.349609375,2288.800048828125,183.25,8896.5498046875,3238.550048828125,3296.449951171875,9840.2001953125,10758.5,2183.699951171875,2644.39990234375
2015-06-23,8381.5498046875,18391.13671875,11341.150390625,19737.099609375,8405.7998046875,11910.25,2325.5,183.64999389648438,8934.9501953125,3271.39990234375,3338.800048828125,9863.5,10757.2001953125,2184.050048828125,2675.699951171875
2015-06-24,8360.849609375,18365.337890625,11353.75,19843.05078125,8326.9501953125,11997.5498046875,2292.25,181.25,8881.75,3244.550048828125,3259.75,9889.0498046875,10735.150390625,2192.85009765625,2643.199951171875
2015-06-25,8398.0,18492.685546875,11210.400390625,19759.599609375,8395.9501953125,12007.25,2299.800048828125,182.39999389648438,8953.0498046875,3295.25,3276.699951171875,9882.75,10774.099609375,2204.75,2653.949951171875
2015-06-26,8381.099609375,18371.287109375,11362.5498046875,19695.650390625,8447.2001953125,12066.849609375,2281.449951171875,183.85000610351562,8910.900390625,3260.25,3262.89990234375,9898.599609375,10752.25,2217.199951171875,2651.64990234375
2015-06-29,8318.400390625,18241.037109375,11133.650390625,19755.55078125,8325.0498046875,11926.400390625,2245.800048828125,180.14999389648438,8854.849609375,3245.64990234375,3205.25,9852.9501953125,10656.0,2180.75,2626.5
2015-06-30,8368.5,18295.88671875,11037.400390625,20155.75,8383.25,12202.5498046875,2287.300048828125,180.9499969482422,8892.9501953125,3254.39990234375,3228.199951171875,9983.9501953125,10665.25,2237.85009765625,2657.39990234375
2015-07-01,8453.0498046875,18581.3828125,11213.599609375,20093.900390625,8482.4501953125,12257.099609375,2314.75,182.60000610351562,8970.650390625,3305.39990234375,3307.300048828125,10048.849609375,10798.9501953125,2229.10009765625,2693.300048828125
2015-07-02,8444.900390625,18585.333984375,11187.25,20143.150390625,8528.599609375,12193.7998046875,2299.949951171875,182.39999389648438,8986.150390625,3313.85009765625,3303.39990234375,10081.2001953125,10793.650390625,2261.89990234375,2691.60009765625
2015-07-03,8484.900390625,,,20245.099609375,8493.5,12264.849609375,2268.25,181.3000030517578,8969.400390625,3321.0,3328.75,10110.2001953125,10872.7998046875,2261.60009765625,2680.10009765625
2015-07-06,8522.150390625,18824.931640625,11209.599609375,20376.69921875,8517.9501953125,12463.900390625,2254.800048828125,182.9499969482422,9012.2001953125,3329.14990234375,3360.449951171875,10128.4501953125,10896.2001953125,2293.25,2694.25
2015-07-07,8510.7998046875,18798.28125,11143.849609375,20384.400390625,8488.900390625,12490.5,2257.89990234375,185.35000610351562,8913.849609375,3325.10009765625,3380.39990234375,10132.900390625,10891.150390625,2271.14990234375,2693.300048828125
2015-07-08,8363.0498046875,18462.935546875,11021.7998046875,20168.55078125,8287.2998046875,12390.5,2166.800048828125,181.64999389648438,8820.4501953125,3301.89990234375,3310.800048828125,10040.0,10696.900390625,2202.699951171875,2635.699951171875
2015-07-09,8328.5498046875,18508.484375,10828.7001953125,20031.75,8248.5498046875,12399.349609375,2159.75,181.25,8701.099609375,3336.5,3334.0,9995.4501953125,10644.0,2182.89990234375,2609.800048828125
2015-07-10,8360.5498046875,18719.583984375,10798.25,19887.94921875,8234.099609375,12537.25,2179.89990234375,179.60000610351562,8743.849609375,3335.449951171875,3373.39990234375,9958.2998046875,10670.400390625,2213.35009765625,2620.550048828125
2015-07-13,8459.650390625,18893.33203125,10998.849609375,20133.400390625,8370.75,12697.7998046875,2189.300048828125,181.14999389648438,8820.5498046875,3348.14990234375,3404.60009765625,10102.7998046875,10826.400390625,2282.35009765625,2644.64990234375
2015-07-14,8454.099609375,18779.98046875,11043.849609375,20184.44921875,8305.7001953125,12786.599609375,2205.10009765625,180.0500030517578,8797.75,3351.050048828125,3358.10009765625,10156.0,10810.5,2299.75,2653.300048828125
2015-07-15,8523.7998046875,18816.03125,11150.25,20251.44921875,8403.2001953125,12912.349609375,2209.10009765625,181.0,8850.9501953125,3365.60009765625,3349.0,10235.5498046875,10880.099609375,2309.550048828125,2668.39990234375
2015-07-16,8608.0498046875,19167.828125,11191.599609375,20445.80078125,8434.5498046875,13060.349609375,2217.199951171875,180.9499969482422,8938.5,3384.199951171875,3387.89990234375,10291.9501953125,11020.900390625,2332.39990234375,2690.550048828125
2015-07-17,8609.849609375,19094.4765625,11269.2001953125,20575.849609375,8473.900390625,13139.0,2207.64990234375,180.10000610351562,8950.900390625,3407.550048828125,3380.949951171875,10287.349609375,11002.5,2336.949951171875,2692.949951171875
2015-07-20,8603.4501953125,19032.478515625,11266.9501953125,20511.400390625,8476.349609375,13175.650390625,2194.550048828125,176.4499969482422,8960.75,3403.10009765625,3320.39990234375,10260.7001953125,10977.0498046875,2366.5,2704.39990234375
2015-07-21,8529.4501953125,18723.18359375,11655.4501953125,20143.05078125,8440.4501953125,12255.2998046875,2169.89990234375,172.35000610351562,8803.5498046875,3382.75,3271.35009765625,10098.099609375,11046.5,2379.050048828125,2652.64990234375
2015-07-22,8633.5,18996.779296875,11643.75,20310.19921875,8538.7998046875,12377.7001953125,2189.85009765625,174.0500030517578,9055.400390625,3398.550048828125,3320.14990234375,10239.2001953125,11154.75,2428.949951171875,2692.25
2015-07-23,8589.7998046875,18864.78125,11558.7001953125,20272.80078125,8581.349609375,12275.400390625,2180.10009765625,174.1999969482422,9045.0,3374.449951171875,3332.75,10205.25,11090.349609375,2386.25,2685.85009765625
2015-07-24,8521.5498046875,18635.6328125,11464.150390625,20303.75,8472.0498046875,12226.0498046875,2151.64990234375,171.5500030517578,8936.75,3341.14990234375,3274.25,10194.650390625,11010.0,2362.550048828125,2662.10009765625
2015-07-27,8361.0,18212.83984375,11362.4501953125,20151.30078125,8305.650390625,12056.900390625,2103.85009765625,167.0500030517578,8747.0,3241.35009765625,3199.0,10064.599609375,10798.4501953125,2385.39990234375,2608.64990234375
2015-07-28,8337.0,18282.587890625,11306.25,20153.5,8259.5,11917.150390625,2093.14990234375,162.4499969482422,8757.900390625,3246.75,3211.550048828125,10080.7001953125,10772.0498046875,2364.699951171875,2599.39990234375
2015-07-29,8375.0498046875,18323.1875,11470.7001953125,19975.94921875,8368.900390625,11978.400390625,2097.949951171875,164.5500030517578,8669.099609375,3274.449951171875,3150.35009765625,10217.2998046875,10837.400390625,2428.550048828125,2598.89990234375
2015-07-30,8421.7998046875,18440.185546875,11394.5498046875,20544.05078125,8387.5,12073.099609375,2095.699951171875,171.3000030517578,8716.0498046875,3284.25,3258.85009765625,10290.5498046875,10876.7998046875,2428.0,2606.60009765625
2015-07-31,8532.849609375,18729.6328125,11594.150390625,20920.44921875,8544.849609375,12353.25,2128.64990234375,176.5500030517578,8711.849609375,3297.60009765625,3411.800048828125,10352.349609375,11006.5498046875,2452.14990234375,2616.25
2015-08-03,8543.0498046875,18914.478515625,11466.400390625,20991.5,8609.650390625,12379.5,2109.35009765625,176.8000030517578,8698.400390625,3298.64990234375,3543.39990234375,10366.150390625,11021.7998046875,2474.64990234375,2608.85009765625
2015-08-04,8516.900390625,18972.37890625,11415.5498046875,20922.0,8703.599609375,12361.9501953125,2167.699951171875,176.1999969482422,8609.2001953125,3286.199951171875,3650.699951171875,10403.2998046875,10979.400390625,2472.75,2626.699951171875
2015-08-05,8567.9501953125,18928.330078125,11618.0,21117.80078125,8795.4501953125,12572.5498046875,2166.5,181.60000610351562,8629.7001953125,3307.0,3617.60009765625,10473.0498046875,11039.4501953125,2521.25,2638.550048828125
2015-08-06,8588.650390625,19029.12890625,11616.5,20941.19921875,8796.9501953125,12697.5,2154.39990234375,182.9499969482422,8593.5,3344.800048828125,3666.25,10526.599609375,11073.099609375,2515.949951171875,2631.449951171875
2015-08-07,8564.599609375,18893.33203125,11597.0498046875,20900.94921875,8803.0,12641.0498046875,2131.949951171875,182.75,8662.7001953125,3317.64990234375,3579.35009765625,10535.2001953125,11015.900390625,2491.550048828125,2638.800048828125
2015-08-10,8525.599609375,18874.78125,11573.900390625,20789.55078125,8745.599609375,12638.599609375,2109.800048828125,183.64999389648438,8537.25,3294.10009765625,3576.300048828125,10555.599609375,10995.349609375,2492.949951171875,2612.35009765625
2015-08-11,8462.349609375,18616.68359375,11711.150390625,20663.099609375,8619.25,12636.900390625,2035.4000244140625,181.5500030517578,8475.099609375,3255.35009765625,3442.949951171875,10479.2001953125,10944.5,2499.25,2568.199951171875
2015-08-12,8349.4501953125,18059.541015625,12006.7998046875,20329.80078125,8407.150390625,12771.75,1947.550048828125,171.39999389648438,8275.5498046875,3184.949951171875,3310.35009765625,10256.75,10821.7001953125,2432.10009765625,2491.75
2015-08-13,8355.849609375,18175.189453125,11956.099609375,20271.25,8441.5498046875,12913.7001953125,1893.5999755859375,169.0500030517578,8254.650390625,3165.5,3331.14990234375,10228.7001953125,10832.75,2420.10009765625,2472.050048828125
2015-08-14,8518.5498046875,18723.3828125,12048.4501953125,20345.30078125,8642.099609375,13137.25,1920.5999755859375,183.3000030517578,8409.650390625,3246.199951171875,3483.699951171875,10345.7998046875,11086.5,2500.550048828125,2502.60009765625
2015-08-17,8477.2998046875,18821.83203125,12001.75,20321.19921875,8615.4501953125,13089.5498046875,1942.949951171875,180.39999389648438,8299.2001953125,3222.89990234375,3699.199951171875,10306.650390625,11058.7001953125,2474.85009765625,2492.35009765625
2015-08-18,8466.5498046875,18780.630859375,12159.400390625,20283.75,8662.5498046875,12980.099609375,1909.0999755859375,179.6999969482422,8253.0,3222.39990234375,3728.5,10357.5,11071.2001953125,2469.5,2488.60009765625
2015-08-19,8495.150390625,18703.033203125,12249.099609375,20325.75,8703.2998046875,13335.849609375,1882.0,178.14999389648438,8275.349609375,3229.39990234375,3645.800048828125,10396.25,11057.5,2475.699951171875,2487.0
2015-08-20,8372.75,18282.88671875,11985.25,20640.25,8553.5498046875,13463.75,1838.4000244140625,170.9499969482422,8077.64990234375,3182.10009765625,3522.300048828125,10244.900390625,10842.5498046875,2406.39990234375,2435.949951171875
2015-08-21,8299.9501953125,18056.990234375,12032.2998046875,20704.55078125,8381.7001953125,13470.0,1822.3499755859375,166.5,7998.60009765625,3123.35009765625,3493.39990234375,10198.0498046875,10749.0,2352.14990234375,2415.949951171875
2015-08-24,7809.0,16811.60546875,11455.150390625,19742.150390625,7773.4501953125,12653.2998046875,1693.949951171875,148.0500030517578,7333.85009765625,2902.35009765625,3166.699951171875,9527.2998046875,10105.5498046875,2162.800048828125,2234.14990234375
2015-08-25,7880.7001953125,17192.55078125,11376.75,19869.05078125,7920.35009765625,12772.400390625,1754.949951171875,158.1999969482422,7463.89990234375,2915.050048828125,3233.5,9632.75,10182.099609375,2206.800048828125,2282.39990234375
2015-08-26,7791.85009765625,16917.453125,11284.099609375,19688.0,7882.10009765625,12623.0498046875,1760.949951171875,157.89999389648438,7476.60009765625,2911.050048828125,3146.39990234375,9510.0498046875,10040.2998046875,2231.39990234375,2274.89990234375
2015-08-27,7948.9501953125,17214.201171875,11396.900390625,20097.650390625,7952.35009765625,12995.75,1809.699951171875,164.4499969482422,7634.60009765625,2961.449951171875,3230.25,9630.4501953125,10269.849609375,2279.64990234375,2330.699951171875
2015-08-28,8001.9501953125,17211.75,11588.25,20173.900390625,8023.2998046875,12940.75,1820.1500244140625,163.64999389648438,7727.85009765625,2991.949951171875,3203.39990234375,9704.099609375,10360.650390625,2331.949951171875,2349.89990234375
2015-08-31,7971.2998046875,17146.3515625,11605.7001953125,20111.5,7948.5498046875,13213.2001953125,1833.1500244140625,161.35000610351562,7645.5,2952.60009765625,3200.300048828125,9676.349609375,10299.75,2328.35009765625,2339.5
2015-09-01,7785.85009765625,16530.109375,11476.4501953125,19762.099609375,7745.39990234375,13007.0498046875,1770.800048828125,156.0,7511.64990234375,2870.89990234375,3058.5,9535.7998046875,10044.900390625,2261.699951171875,2298.0
2015-09-02,7717.0,16252.51171875,11604.7001953125,19855.75,7638.7001953125,12840.349609375,1745.5,157.10000610351562,7441.5,2821.5,2961.75,9438.2998046875,9955.75,2244.39990234375,2276.050048828125
2015-09-03,7823.0,16555.20703125,11672.849609375,19906.400390625,7738.60009765625,12817.400390625,1787.9000244140625,164.5,7510.60009765625,2869.5,3001.800048828125,9534.0,10118.4501953125,2277.449951171875,2318.10009765625
2015-09-04,7655.0498046875,16128.912109375,11413.599609375,19671.849609375,7559.4501953125,12521.5498046875,1748.5,158.5500030517578,7360.89990234375,2815.449951171875,2923.35009765625,9391.7001953125,9881.099609375,2242.699951171875,2269.0
2015-09-07,7558.7998046875,15789.916015625,11318.2998046875,19356.19921875,7464.2998046875,12240.0,1704.300048828125,155.35000610351562,7299.14990234375,2764.64990234375,2866.60009765625,9245.75,9750.650390625,2226.89990234375,2237.300048828125
2015-09-08,7688.25,16350.759765625,11390.099609375,19174.30078125,7589.0,12329.5,1745.6500244140625,160.10000610351562,7428.64990234375,2831.14990234375,2966.050048828125,9233.849609375,9946.7998046875,2267.199951171875,2263.0
2015-09-09,7818.60009765625,16631.306640625,11504.900390625,19306.30078125,7814.85009765625,12360.0498046875,1809.1500244140625,164.4499969482422,7586.2001953125,2891.75,3016.550048828125,9438.0,10114.75,2330.75,2321.25
2015-09-10,7788.10009765625,16597.45703125,11396.9501953125,19306.75,7875.85009765625,12315.0,1794.550048828125,163.4499969482422,7536.85009765625,2904.949951171875,2965.10009765625,9431.0498046875,10058.4501953125,2333.699951171875,2309.949951171875
2015-09-11,7789.2998046875,16612.40625,11432.25,19412.05078125,7857.4501953125,12341.849609375,1767.3499755859375,165.10000610351562,7511.39990234375,2888.550048828125,2994.550048828125,9459.849609375,10086.2001953125,2341.14990234375,2298.5
2015-09-14,7872.25,16911.603515625,11520.2998046875,19496.80078125,7890.75,12495.2001953125,1814.800048828125,168.39999389648438,7615.39990234375,2932.199951171875,3068.550048828125,9547.0,10223.7001953125,2355.699951171875,2335.85009765625
2015-09-15,7829.10009765625,16739.35546875,11536.349609375,19681.94921875,7766.2001953125,12478.7998046875,1772.0999755859375,167.60000610351562,7633.60009765625,2894.39990234375,3038.35009765625,9526.2998046875,10171.099609375,2348.699951171875,2314.39990234375
2015-09-16,7899.14990234375,,,19727.099609375,7799.10009765625,12623.7998046875,1779.300048828125,167.14999389648438,7667.10009765625,2906.60009765625,3068.550048828125,9538.75,10280.099609375,2350.85009765625,2315.14990234375
2015-09-18,7981.89990234375,17408.947265625,11726.7001953125,19497.5,7842.5498046875,12751.2001953125,1789.300048828125,171.10000610351562,7805.0,2913.39990234375,3147.449951171875,9544.25,10438.650390625,2372.300048828125,2336.949951171875
2015-09-21,7977.10009765625,17542.697265625,11724.0498046875,19353.849609375,7848.75,12706.2998046875,1787.3499755859375,171.85000610351562,7756.10009765625,2923.85009765625,3201.14990234375,9559.2001953125,10476.7001953125,2392.5,2328.25
2015-09-22,7812.0,17030.953125,11705.5498046875,19180.099609375,7709.85009765625,12662.7998046875,1711.699951171875,167.64999389648438,7543.7998046875,2822.64990234375,3099.10009765625,9442.25,10248.0,2345.550048828125,2268.949951171875
2015-09-23,7845.9501953125,17255.099609375,11694.0,19259.599609375,7705.5498046875,12731.5498046875,1713.1500244140625,169.0500030517578,7571.4501953125,2813.39990234375,3135.35009765625,9416.900390625,10291.7001953125,2349.60009765625,2277.449951171875
2015-09-24,7868.5,,,19485.0,7721.25,12826.4501953125,1684.800048828125,169.8000030517578,7491.10009765625,2776.300048828125,3123.10009765625,9470.599609375,10349.75,2392.25,2258.300048828125
2015-09-28,7795.7001953125,17100.1015625,11841.0498046875,19421.94921875,7584.25,12844.2001953125,1642.5999755859375,171.85000610351562,7473.64990234375,2752.60009765625,3123.800048828125,9414.7001953125,10267.099609375,2335.75,2232.550048828125
2015-09-29,7843.2998046875,17280.998046875,11863.9501953125,19474.0,7648.2001953125,12700.099609375,1605.449951171875,175.25,7481.0498046875,2756.5,3158.449951171875,9441.150390625,10385.150390625,2356.89990234375,2219.25
2015-09-30,7948.89990234375,17216.1015625,12032.099609375,19956.650390625,7759.60009765625,12918.75,1657.800048828125,179.14999389648438,7640.89990234375,2825.199951171875,3098.75,9580.150390625,10478.5498046875,2382.800048828125,2262.949951171875
2015-10-01,7950.89990234375,,,19998.349609375,7731.5498046875,13140.849609375,1650.800048828125,176.14999389648438,7648.5498046875,2840.85009765625,3074.449951171875,9552.5,10441.650390625,2412.60009765625,2278.0
2015-10-05,8119.2998046875,17673.845703125,12002.099609375,20144.650390625,7890.4501953125,13149.0,1702.8499755859375,177.89999389648438,7823.9501953125,2928.14990234375,3151.300048828125,9558.0,10713.400390625,2428.25,2325.199951171875
2015-10-06,8152.89990234375,17605.14453125,11889.900390625,20663.849609375,7947.64990234375,13275.75,1730.699951171875,179.39999389648438,7923.60009765625,2937.14990234375,3156.800048828125,9611.5498046875,10660.599609375,2409.550048828125,2351.949951171875
2015-10-07,8177.39990234375,17616.595703125,11683.4501953125,20733.44921875,8064.0498046875,13332.400390625,1787.0,183.75,8040.5,2939.050048828125,3197.199951171875,9642.75,10619.349609375,2407.14990234375,2381.64990234375
2015-10-08,8129.35009765625,17474.09765625,11669.7001953125,20452.80078125,8021.75,13212.849609375,1796.5999755859375,182.10000610351562,7926.14990234375,2927.25,3194.300048828125,9616.349609375,10564.5,2401.050048828125,2378.449951171875
2015-10-09,8189.7001953125,17590.044921875,11807.5498046875,20521.05078125,8051.2001953125,13277.7001953125,1834.949951171875,182.1999969482422,7936.2998046875,2939.85009765625,3182.10009765625,9575.599609375,10664.2998046875,2411.35009765625,2385.89990234375
2015-10-12,8143.60009765625,17582.9453125,11630.650390625,20349.5,8062.60009765625,13111.650390625,1870.75,181.3000030517578,7968.0,2959.0,3174.449951171875,9538.2998046875,10581.5,2412.75,2398.699951171875
2015-10-13,8131.7001953125,17554.646484375,11522.599609375,20376.400390625,8078.2001953125,13115.400390625,1860.199951171875,183.25,7941.2998046875,2953.39990234375,3163.0,9513.25,10539.4501953125,2416.300048828125,2398.64990234375
2015-10-14,8107.89990234375,17543.046875,11362.900390625,20344.25,8010.5498046875,13160.650390625,1863.3499755859375,183.39999389648438,7961.75,2943.300048828125,3153.199951171875,9484.2998046875,10500.650390625,2354.949951171875,2393.10009765625
2015-10-15,8179.5,17685.89453125,11338.349609375,20468.150390625,8193.400390625,13168.599609375,1886.300048828125,185.25,8035.7001953125,2978.449951171875,3217.10009765625,9537.599609375,10556.400390625,2477.449951171875,2416.85009765625
2015-10-16,8238.150390625,17912.640625,11337.7998046875,20434.900390625,8266.650390625,13203.5498046875,1879.5,182.64999389648438,8112.5,3009.550048828125,3260.10009765625,9580.7998046875,10625.150390625,2496.800048828125,2431.699951171875
2015-10-19,8275.0498046875,17854.84375,11432.150390625,20623.849609375,8245.5498046875,13413.650390625,1864.300048828125,187.60000610351562,8289.150390625,3008.199951171875,3250.39990234375,9644.849609375,10658.400390625,2531.60009765625,2436.800048828125
2015-10-20,8261.650390625,17830.04296875,11529.599609375,20545.900390625,8265.400390625,13340.9501953125,1824.199951171875,186.5500030517578,8250.0498046875,3003.300048828125,3260.5,9646.5,10679.75,2551.10009765625,2421.75
2015-10-21,8251.7001953125,17710.345703125,11549.0498046875,20533.69921875,8285.150390625,13189.7998046875,1847.5,183.5500030517578,8225.650390625,3000.14990234375,3200.85009765625,9665.25,10677.849609375,2550.550048828125,2422.89990234375
2015-10-23,8295.4501953125,17933.841796875,11552.0,20828.150390625,8228.2998046875,13258.5,1846.699951171875,183.0,8278.650390625,2953.75,3226.35009765625,9635.9501953125,10749.400390625,2518.800048828125,2432.300048828125
2015-10-26,8260.5498046875,17814.84375,11576.349609375,20818.19921875,8232.25,13234.650390625,1842.5,181.64999389648438,8207.150390625,2951.10009765625,3195.39990234375,9645.25,10694.599609375,2477.550048828125,2414.949951171875
2015-10-27,8232.900390625,17806.09375,11583.5498046875,20846.25,8272.349609375,13223.0,1831.25,181.85000610351562,8152.9501953125,2934.10009765625,3173.25,9701.650390625,10643.4501953125,2482.75,2408.10009765625
2015-10-28,8171.2001953125,17372.94921875,11643.2998046875,20867.80078125,8206.150390625,13149.150390625,1834.1500244140625,179.25,8109.7998046875,2913.449951171875,3094.0,9720.5498046875,10521.900390625,2467.300048828125,2404.449951171875
2015-10-29,8111.75,17212.0,11548.150390625,20642.30078125,8195.900390625,13052.0,1826.800048828125,178.5,8064.5,2881.14990234375,3045.300048828125,9648.0,10437.0498046875,2438.14990234375,2391.75
2015-10-30,8065.7998046875,17354.298828125,11486.900390625,20118.30078125,8091.9501953125,13170.150390625,1806.050048828125,176.0500030517578,8099.35009765625,2833.699951171875,3029.699951171875,9591.9501953125,10440.349609375,2405.25,2387.550048828125
2015-11-02,8050.7998046875,17340.3984375,11546.25,20214.5,8097.10009765625,13029.7001953125,1768.0999755859375,177.5500030517578,8153.64990234375,2821.39990234375,3039.14990234375,9618.900390625,10417.7001953125,2414.14990234375,2388.35009765625
2015-11-03,8060.7001953125,17325.3984375,11618.400390625,20218.5,8102.89990234375,13054.5498046875,1767.5999755859375,177.39999389648438,8231.25,2817.60009765625,3030.449951171875,9673.599609375,10448.25,2419.25,2402.10009765625
2015-11-04,8040.2001953125,17220.8515625,11551.599609375,20273.80078125,8235.75,12923.900390625,1768.6500244140625,177.10000610351562,8178.0498046875,2809.050048828125,3060.699951171875,9666.400390625,10398.7001953125,2425.199951171875,2401.39990234375
2015-11-05,7955.4501953125,16994.90234375,11414.4501953125,20221.69921875,8194.150390625,12632.5,1735.3499755859375,172.25,8107.2001953125,2777.800048828125,3002.64990234375,9591.099609375,10258.599609375,2382.949951171875,2379.5
2015-11-06,7954.2998046875,,,20251.0,8144.4501953125,12226.650390625,1720.25,172.5,8168.4501953125,2775.85009765625,3103.800048828125,9539.349609375,10304.4501953125,2336.89990234375,2379.39990234375
2015-11-09,7915.2001953125,,,20496.150390625,8246.2001953125,11989.0498046875,1723.6500244140625,168.8000030517578,8175.25,2740.60009765625,3147.699951171875,9613.75,10222.7998046875,2315.300048828125,2374.14990234375
2015-11-10,7783.35009765625,,,20215.80078125,8257.7001953125,11618.2998046875,1681.449951171875,164.35000610351562,7885.60009765625,2689.949951171875,3107.10009765625,9546.75,10072.0498046875,2295.85009765625,2303.800048828125
2015-11-13,7762.25,,,19896.19921875,8178.2998046875,11640.5498046875,1704.050048828125,166.5500030517578,7932.60009765625,2687.35009765625,3107.14990234375,9435.0,10067.400390625,2274.0,2310.35009765625
2015-11-16,7806.60009765625,,,19986.55078125,8190.35009765625,11711.0,1720.5999755859375,166.5500030517578,7943.60009765625,2714.949951171875,3194.35009765625,9394.75,10097.7001953125,2284.64990234375,2316.5
2015-11-17,7837.5498046875,,,20469.099609375,8252.099609375,11801.2001953125,1739.6500244140625,166.60000610351562,7940.4501953125,2712.699951171875,3178.449951171875,9465.400390625,10103.5498046875,2290.89990234375,2321.75
2015-11-18,7731.7998046875,,,20411.80078125,8181.0,11717.7998046875,1702.050048828125,164.0500030517578,7880.0498046875,2701.64990234375,3087.699951171875,9369.0,9915.75,2275.800048828125,2307.050048828125
2015-11-19,7842.75,,,20642.599609375,8295.0498046875,11674.9501953125,1722.8499755859375,164.1999969482422,8030.35009765625,2730.85009765625,3119.5,9489.400390625,10093.4501953125,2338.550048828125,2334.050048828125
2015-11-20,7856.5498046875,,,20449.80078125,8339.400390625,11685.349609375,1726.0999755859375,163.85000610351562,8126.35009765625,2744.35009765625,3122.199951171875,9568.2001953125,10123.5,2355.199951171875,2349.85009765625
2015-11-23,7849.25,,,20166.5,8395.349609375,11717.150390625,1698.300048828125,165.3000030517578,8149.75,2749.10009765625,3111.300048828125,9504.0498046875,10123.849609375,2398.89990234375,2337.64990234375
2015-11-24,7831.60009765625,,,20184.0,8332.900390625,11637.849609375,1697.25,167.0500030517578,8206.7001953125,2729.39990234375,3090.75,9463.5,10113.2998046875,2376.0,2343.14990234375
2015-11-26,7883.7998046875,,,20380.44921875,8444.599609375,11553.2998046875,1715.1500244140625,170.5500030517578,8324.75,2748.39990234375,3107.64990234375,9416.4501953125,10149.25,2408.25,2363.050048828125
2015-11-27,7942.7001953125,,,20436.099609375,8443.650390625,11567.5498046875,1736.3499755859375,171.1999969482422,8285.4501953125,2767.949951171875,3217.050048828125,9444.9501953125,10273.2998046875,2426.5,2364.64990234375
2015-11-30,7935.25,,,20278.55078125,8481.849609375,11492.900390625,1735.800048828125,173.3000030517578,8242.75,2771.39990234375,3235.35009765625,9401.2998046875,10291.0498046875,2432.699951171875,2355.050048828125
2015-12-01,7954.89990234375,,,20560.44921875,8419.0,11608.7001953125,1790.9000244140625,173.89999389648438,8288.349609375,2754.14990234375,3227.25,9506.7998046875,10292.099609375,2461.10009765625,2394.699951171875
2015-12-02,7931.35009765625,,,20665.599609375,8416.400390625,11723.349609375,1806.1500244140625,174.14999389648438,8331.9501953125,2744.75,3156.10009765625,9505.099609375,10200.900390625,2461.5,2400.64990234375
2015-12-03,7864.14990234375,,,20346.599609375,8334.650390625,11587.2998046875,1779.550048828125,174.6999969482422,8278.25,2729.25,3110.64990234375,9425.099609375,10138.5,2457.949951171875,2380.699951171875
2015-12-04,7781.89990234375,,,20087.849609375,8240.7001953125,11645.0498046875,1776.949951171875,172.14999389648438,8171.7001953125,2697.39990234375,3085.14990234375,9383.75,10002.7001953125,2394.89990234375,2362.449951171875
2015-12-07,7765.39990234375,,,19534.19921875,8221.5,11762.599609375,1770.050048828125,173.1999969482422,8114.35009765625,2699.64990234375,3060.199951171875,9439.5,10030.0,2402.64990234375,2353.89990234375
2015-12-08,7701.7001953125,,,19518.599609375,8210.349609375,11610.349609375,1713.300048828125,166.10000610351562,7990.7998046875,2659.800048828125,3011.449951171875,9366.5,9957.0,2395.85009765625,2309.449951171875
2015-12-09,7612.5,,,19448.44921875,8067.89990234375,11372.0498046875,1658.800048828125,164.0500030517578,7849.4501953125,2621.050048828125,2982.10009765625,9205.5,9863.0498046875,2360.75,2259.199951171875
2015-12-10,7683.2998046875,,,19624.30078125,8085.0,11368.150390625,1690.0,166.85000610351562,8046.10009765625,2645.5,2953.35009765625,9269.0498046875,9953.900390625,2396.14990234375,2295.10009765625
2015-12-11,7610.4501953125,,,19624.150390625,7943.25,11383.5,1699.800048828125,162.10000610351562,8002.7998046875,2602.5,2885.64990234375,9235.150390625,9833.75,2379.449951171875,2280.199951171875
2015-12-14,7650.0498046875,,,19698.69921875,7964.0498046875,11488.0,1740.1500244140625,161.8000030517578,7997.0498046875,2610.64990234375,2882.699951171875,9377.7001953125,9887.7998046875,2415.35009765625,2300.14990234375
2015-12-15,7700.89990234375,16398.458984375,,19941.650390625,8082.35009765625,11554.7998046875,1735.8499755859375,163.1999969482422,8102.2998046875,2617.5,2881.89990234375,9500.5,9916.5498046875,2436.5,2312.85009765625
2015-12-16,7750.89990234375,,,19790.69921875,8035.60009765625,11637.650390625,1737.9000244140625,165.0500030517578,8213.849609375,2649.39990234375,2893.14990234375,9473.400390625,10037.150390625,2440.35009765625,2337.89990234375
2015-12-17,7844.35009765625,,,19940.599609375,8149.0,11771.7998046875,1795.550048828125,167.3000030517578,8356.650390625,2680.64990234375,2936.199951171875,9559.7998046875,10153.599609375,2496.5,2370.949951171875
2015-12-18,7761.9501953125,,,19813.44921875,8079.2001953125,11663.7998046875,1772.699951171875,167.75,8277.7998046875,2677.050048828125,2903.699951171875,9498.150390625,10053.650390625,2491.64990234375,2351.800048828125
2015-12-21,7834.4501953125,,,20134.849609375,8154.89990234375,11556.9501953125,1800.4000244140625,169.75,8343.75,2698.5,2941.550048828125,9539.349609375,10174.7998046875,2522.300048828125,2372.64990234375
2015-12-22,7786.10009765625,,,19904.150390625,8099.64990234375,11595.900390625,1781.5999755859375,169.5,8325.5,2691.85009765625,2907.39990234375,9496.849609375,10110.849609375,2516.0,2366.39990234375
2015-12-23,7865.9501953125,,,19983.25,8111.0,11805.849609375,1820.75,171.5500030517578,8458.4501953125,2724.550048828125,2926.89990234375,9562.0,10211.900390625,2534.89990234375,2396.699951171875
2015-12-24,7861.0498046875,,,20057.80078125,8136.60009765625,11795.75,1835.8499755859375,170.89999389648438,8454.900390625,2745.89990234375,2909.449951171875,9557.5498046875,10186.4501953125,2522.14990234375,2405.64990234375
2015-12-28,7925.14990234375,,,20152.75,8228.400390625,12009.0,1815.949951171875,171.8000030517578,8552.7001953125,2752.64990234375,2921.5,9579.25,10259.75,2535.60009765625,2415.699951171875
2015-12-29,7928.9501953125,,,20053.80078125,8268.7998046875,12022.349609375,1811.949951171875,169.60000610351562,8568.400390625,2754.25,2908.949951171875,9558.0498046875,10277.5498046875,2547.89990234375,2419.64990234375
2015-12-30,7896.25,,,20068.55078125,8240.2001953125,11987.25,1817.75,169.5500030517578,8517.25,2753.14990234375,2878.449951171875,9515.349609375,10220.7001953125,2595.800048828125,2414.39990234375
2015-12-31,7946.35009765625,,,20192.650390625,8254.75,11963.5,1826.8499755859375,172.60000610351562,8584.099609375,2769.050048828125,2864.300048828125,9558.25,10307.349609375,2633.0,2432.14990234375
2016-01-01,,,,20184.94921875,8328.2998046875,11979.849609375,1830.300048828125,175.85000610351562,8594.7001953125,2792.949951171875,2908.449951171875,9600.75,10324.25,2627.449951171875,2448.699951171875
2016-01-04,7791.2998046875,,,20087.80078125,8142.85009765625,11733.7001953125,1804.9000244140625,172.39999389648438,8468.599609375,2725.85009765625,2806.64990234375,9520.7998046875,10072.75,2572.300048828125,2415.449951171875
2016-01-05,7784.64990234375,,,20047.44921875,8124.35009765625,11741.5,1862.699951171875,175.5500030517578,8555.0,2723.550048828125,2767.64990234375,9492.900390625,10043.0498046875,2593.75,2443.85009765625
2016-01-06,7741.0,,,19689.44921875,8025.39990234375,11673.7998046875,1829.050048828125,173.5500030517578,8662.4501953125,2699.199951171875,2757.949951171875,9412.150390625,10012.900390625,2583.300048828125,2442.300048828125
2016-01-07,7568.2998046875,,,19261.55078125,7725.14990234375,11451.650390625,1742.550048828125,164.9499969482422,8454.4501953125,2625.25,2645.550048828125,9102.900390625,9816.25,2519.35009765625,2362.550048828125
2016-01-08,7601.35009765625,,,19359.25,7744.25,11486.599609375,1750.800048828125,169.35000610351562,8586.2001953125,2631.85009765625,2645.800048828125,9060.7001953125,9880.2998046875,2527.550048828125,2388.64990234375
2016-01-11,7563.85009765625,,,19329.650390625,7751.64990234375,11301.0,1746.1500244140625,169.75,8656.599609375,2616.75,2591.35009765625,9048.4501953125,9786.0,2512.35009765625,2383.050048828125
2016-01-12,7510.2998046875,,,19340.55078125,7721.0498046875,11341.599609375,1725.1500244140625,166.75,8616.400390625,2608.699951171875,2520.64990234375,9084.7998046875,9673.5498046875,2496.0,2362.75
2016-01-13,7562.39990234375,,,19414.69921875,7795.5,11321.400390625,1712.699951171875,165.10000610351562,8734.650390625,2563.25,2512.64990234375,9101.900390625,9740.599609375,2503.550048828125,2362.64990234375
2016-01-14,7536.7998046875,15609.6181640625,,19438.150390625,7684.64990234375,11369.400390625,1684.1500244140625,162.4499969482422,8671.7001953125,2530.25,2455.800048828125,9045.2998046875,9717.400390625,2495.050048828125,2341.699951171875
2016-01-15,7437.7998046875,,,19095.44921875,7544.2001953125,11259.75,1624.5999755859375,155.10000610351562,8607.5498046875,2444.199951171875,2312.89990234375,8891.900390625,9553.7998046875,2403.60009765625,2301.699951171875
2016-01-18,7351.0,,,19006.80078125,7431.4501953125,11095.9501953125,1607.0,149.39999389648438,8289.150390625,2402.64990234375,2274.449951171875,8789.150390625,9464.9501953125,2338.050048828125,2249.85009765625
2016-01-19,7435.10009765625,,,19041.19921875,7526.0,11225.2001953125,1616.699951171875,152.25,8416.7998046875,2468.89990234375,2298.949951171875,8805.4501953125,9589.7998046875,2347.300048828125,2269.39990234375
2016-01-20,7309.2998046875,,,18758.349609375,7401.5498046875,11133.650390625,1566.4000244140625,147.0500030517578,8179.10009765625,2426.25,2193.0,8610.0,9434.400390625,2276.800048828125,2211.35009765625
2016-01-21,7276.7998046875,,,18468.349609375,7259.4501953125,10876.599609375,1552.949951171875,147.64999389648438,8046.35009765625,2411.800048828125,2227.0,8418.099609375,9479.75,2293.35009765625,2194.550048828125
2016-01-22,7422.4501953125,,,18555.44921875,7544.0,11141.2998046875,1622.050048828125,150.3000030517578,8242.7998046875,2443.85009765625,2339.10009765625,8549.099609375,9638.5498046875,2347.449951171875,2252.050048828125
2016-01-25,7436.14990234375,15560.9697265625,,18567.94921875,7487.2998046875,11239.400390625,1648.0999755859375,151.14999389648438,8230.9501953125,2414.699951171875,2317.699951171875,8569.25,9666.5498046875,2342.10009765625,2264.050048828125
2016-01-27,7437.75,,,18584.80078125,7491.2998046875,11348.7998046875,1650.4000244140625,152.39999389648438,8264.2998046875,2427.10009765625,2347.35009765625,8517.9501953125,9671.900390625,2357.10009765625,2270.449951171875
2016-01-28,7424.64990234375,,,18899.5,7458.0,11440.7001953125,1640.6500244140625,151.1999969482422,8381.2998046875,2393.800048828125,2343.89990234375,8569.900390625,9597.900390625,2390.89990234375,2274.64990234375
2016-01-29,7563.5498046875,,,19132.650390625,7605.0498046875,11755.849609375,1658.449951171875,153.5500030517578,8516.849609375,2424.39990234375,2292.60009765625,8681.75,9765.599609375,2468.39990234375,2315.75
2016-02-01,7555.9501953125,,,19283.349609375,7569.89990234375,11742.75,1663.75,153.85000610351562,8470.75,2447.89990234375,2214.85009765625,8613.25,9735.2001953125,2458.39990234375,2319.550048828125
2016-02-02,7455.5498046875,,,19194.25,7470.39990234375,11425.75,1583.5999755859375,150.64999389648438,8234.7001953125,2421.60009765625,2182.449951171875,8517.150390625,9631.2998046875,2381.050048828125,2251.35009765625
2016-02-03,7361.7998046875,,,19204.69921875,7343.2998046875,11343.900390625,1541.75,146.14999389648438,8069.64990234375,2370.050048828125,2141.300048828125,8499.7998046875,9495.849609375,2366.10009765625,2208.0
2016-02-04,7404.0,,,19275.400390625,7377.5498046875,11215.5,1584.0999755859375,145.60000610351562,8063.10009765625,2394.35009765625,2124.300048828125,8611.099609375,9550.2001953125,2337.699951171875,2226.25
2016-02-05,7489.10009765625,,,19465.400390625,7495.9501953125,11652.400390625,1643.25,147.35000610351562,8057.5,2408.949951171875,2201.39990234375,8654.900390625,9645.5498046875,2384.800048828125,2258.199951171875
2016-02-08,7387.25,15046.625,,19184.599609375,7423.2001953125,11498.7998046875,1629.5,147.64999389648438,7947.35009765625,2399.39990234375,2247.64990234375,8609.9501953125,9527.2998046875,2360.89990234375,2234.800048828125
2016-02-09,7298.2001953125,,,19007.25,7295.75,11557.0,1599.25,145.1999969482422,7961.10009765625,2387.64990234375,2165.35009765625,8498.25,9355.7001953125,2315.300048828125,2216.35009765625
2016-02-10,7215.7001953125,,,18791.650390625,7202.5,11352.75,1589.5999755859375,139.9499969482422,7949.4501953125,2376.60009765625,2048.800048828125,8437.0,9220.5,2262.35009765625,2211.699951171875
2016-02-11,6976.35009765625,,,18227.25,6949.4501953125,11100.099609375,1519.8499755859375,131.5,7634.5,2287.199951171875,1983.9000244140625,8209.0,8900.849609375,2177.449951171875,2136.550048828125
2016-02-12,6980.9501953125,,,18328.349609375,7074.5,11081.0498046875,1495.5999755859375,129.1999969482422,7513.25,2275.550048828125,1968.0,8211.0498046875,8931.5,2177.25,2114.89990234375
2016-02-15,7162.9501953125,,,18510.0,7391.14990234375,11191.7001953125,1642.800048828125,137.85000610351562,7780.75,2366.300048828125,2156.35009765625,8419.7998046875,9119.7998046875,2256.449951171875,2211.0
2016-02-16,7048.25,,,18123.30078125,7248.7001953125,10936.349609375,1611.300048828125,133.25,7673.2001953125,2323.39990234375,2023.4000244140625,8305.849609375,9008.099609375,2167.25,2177.14990234375
2016-02-17,7108.4501953125,,,18300.5,7320.89990234375,11148.099609375,1627.550048828125,134.3000030517578,7796.10009765625,2361.39990234375,2064.800048828125,8373.0,9041.2001953125,2201.449951171875,2193.300048828125
2016-02-18,7191.75,,,18579.349609375,7373.39990234375,11371.349609375,1644.949951171875,134.75,7803.2001953125,2378.550048828125,2072.800048828125,8404.7998046875,9138.900390625,2241.14990234375,2218.39990234375
2016-02-19,7210.75,14344.033203125,,18574.150390625,7441.5,11341.650390625,1652.9000244140625,134.85000610351562,7798.75,2389.800048828125,2126.25,8379.9501953125,9167.400390625,2244.25,2214.800048828125
2016-02-22,7234.5498046875,,,18657.30078125,7464.7998046875,11487.7001953125,1663.6500244140625,135.14999389648438,7862.14990234375,2385.5,2124.35009765625,8501.400390625,9165.599609375,2278.25,2232.89990234375
2016-02-23,7109.5498046875,,,18329.599609375,7351.60009765625,11351.2998046875,1644.75,131.4499969482422,7726.10009765625,2343.14990234375,2045.550048828125,8397.7001953125,9002.400390625,2242.10009765625,2187.64990234375
2016-02-24,7018.7001953125,,,18099.25,7261.14990234375,11130.2001953125,1609.800048828125,131.0500030517578,7728.2001953125,2321.550048828125,2031.199951171875,8343.650390625,8879.7001953125,2236.0,2164.550048828125
2016-02-25,6970.60009765625,13555.54296875,,18094.75,7175.75,11177.099609375,1612.4000244140625,128.25,7652.10009765625,2282.85009765625,1983.800048828125,8266.25,8800.150390625,2186.949951171875,2158.60009765625
2016-02-26,7029.75,,,18306.599609375,7164.85009765625,11164.25,1629.550048828125,130.10000610351562,7713.10009765625,2305.550048828125,2020.6500244140625,8315.7998046875,8900.099609375,2197.35009765625,2173.0
2016-02-29,6987.0498046875,,,18331.599609375,7092.2998046875,11167.7001953125,1633.6500244140625,130.3000030517578,7664.85009765625,2261.25,2037.0999755859375,8154.85009765625,8865.5498046875,2165.949951171875,2155.64990234375
2016-03-01,7222.2998046875,,,19317.0,7396.0498046875,11294.400390625,1678.300048828125,136.64999389648438,7822.7998046875,2336.25,2090.5,8334.0498046875,9152.75,2267.0,2209.699951171875
2016-03-02,7368.85009765625,,,19260.400390625,7435.14990234375,11278.4501953125,1713.699951171875,144.39999389648438,7955.35009765625,2383.449951171875,2297.5,8489.099609375,9464.150390625,2310.550048828125,2245.550048828125
2016-03-03,7475.60009765625,,,19208.69921875,7580.2998046875,11502.2998046875,1796.199951171875,146.14999389648438,8040.2998046875,2454.60009765625,2312.89990234375,8547.849609375,9566.0498046875,2309.25,2284.89990234375
2016-03-04,7485.35009765625,,830.0,19144.94921875,7591.75,11537.650390625,1828.0,147.64999389648438,8057.75,2447.75,2388.75,8565.400390625,9601.900390625,2317.5,2303.14990234375
2016-03-08,7485.2998046875,,,19214.0,7596.64990234375,11570.349609375,1871.300048828125,149.0500030517578,8177.60009765625,2448.39990234375,2327.39990234375,8464.150390625,9556.2998046875,2298.25,2329.199951171875
2016-03-09,7531.7998046875,,,19248.55078125,7689.7998046875,11601.0,1854.75,151.39999389648438,8225.349609375,2476.64990234375,2334.699951171875,8564.099609375,9603.5,2319.60009765625,2334.0
2016-03-10,7486.14990234375,,,19066.05078125,7688.2998046875,11623.0,1868.9000244140625,150.0,8096.85009765625,2454.10009765625,2295.89990234375,8542.349609375,9548.0498046875,2308.60009765625,2327.39990234375
2016-03-11,7510.2001953125,,,19354.400390625,7723.5498046875,11695.599609375,1856.5999755859375,149.25,8110.14990234375,2451.050048828125,2294.39990234375,8582.7998046875,9557.150390625,2323.5,2324.199951171875
2016-03-14,7538.75,,,19535.150390625,7777.14990234375,11719.2001953125,1843.8499755859375,148.89999389648438,8159.5498046875,2457.199951171875,2311.39990234375,8627.599609375,9593.2998046875,2343.0,2322.89990234375
2016-03-15,7460.60009765625,,,19136.44921875,7711.10009765625,11325.599609375,1849.75,148.89999389648438,8171.2001953125,2451.85009765625,2349.300048828125,8588.2001953125,9518.099609375,2281.39990234375,2323.35009765625
2016-03-16,7498.75,,,19336.80078125,7671.7001953125,11381.75,1832.300048828125,148.0,8168.14990234375,2446.050048828125,2348.949951171875,8602.400390625,9583.0,2283.25,2317.699951171875
2016-03-17,7512.5498046875,,,19445.19921875,7662.60009765625,11227.400390625,1831.550048828125,146.60000610351562,8229.099609375,2465.050048828125,2356.5,8656.2998046875,9601.849609375,2293.800048828125,2348.5
2016-03-18,7604.35009765625,,,19555.30078125,7767.10009765625,11092.25,1877.9000244140625,149.35000610351562,8276.75,2488.60009765625,2408.800048828125,8729.5498046875,9760.7998046875,2310.14990234375,2378.89990234375
2016-03-21,7704.25,,,19928.44921875,7867.60009765625,11235.7001953125,1885.050048828125,152.3000030517578,8349.9501953125,2524.949951171875,2473.550048828125,8923.349609375,9884.7998046875,2319.25,2409.25
2016-03-22,7714.89990234375,,,19609.0,7947.14990234375,11217.5,1908.9000244140625,156.64999389648438,8406.25,2538.199951171875,2472.60009765625,8974.5498046875,9906.2998046875,2321.0,2419.699951171875
2016-03-23,7716.5,,,19629.650390625,7990.75,11198.2998046875,1948.5999755859375,156.4499969482422,8309.2998046875,2549.5,2454.64990234375,9008.849609375,9908.849609375,2321.300048828125,2425.199951171875
2016-03-28,7615.10009765625,,,19462.80078125,7876.7001953125,10960.0498046875,1853.199951171875,149.25,8286.0,2505.14990234375,2359.699951171875,8871.4501953125,9799.349609375,2296.0,2391.39990234375
2016-03-29,7597.0,,,19375.44921875,7955.0,10665.25,1860.4000244140625,149.85000610351562,8323.0498046875,2497.75,2371.949951171875,8888.75,9776.2001953125,2281.39990234375,2393.550048828125
2016-03-30,7735.2001953125,,,19690.94921875,8084.0,10910.2001953125,1927.0,155.6999969482422,8459.900390625,2551.449951171875,2470.5,8942.349609375,9941.75,2279.449951171875,2444.85009765625
2016-03-31,7738.39990234375,,,19764.150390625,8087.60009765625,10989.150390625,1912.6500244140625,156.5500030517578,8424.599609375,2548.14990234375,2448.949951171875,8965.7998046875,9963.400390625,2320.949951171875,2438.699951171875
2016-04-01,7713.0498046875,,,19992.099609375,8030.0498046875,10928.2998046875,1901.0,161.35000610351562,8347.75,2551.949951171875,2500.5,8970.0498046875,9913.7001953125,2324.550048828125,2426.64990234375
2016-04-04,7758.7998046875,16190.4111328125,,19890.599609375,8124.5498046875,10978.0,1912.300048828125,160.1999969482422,8371.75,2574.89990234375,2483.300048828125,8964.849609375,9996.0,2355.85009765625,2431.64990234375
2016-04-05,7603.2001953125,,,19635.400390625,7883.10009765625,10876.900390625,1861.6500244140625,155.5,8294.849609375,2492.10009765625,2355.800048828125,8804.0498046875,9781.150390625,2288.64990234375,2388.75
2016-04-06,7614.35009765625,,,19657.55078125,7919.9501953125,10905.5498046875,1912.5,157.5500030517578,8340.2001953125,2511.050048828125,2342.199951171875,8834.400390625,9749.9501953125,2309.64990234375,2422.550048828125
2016-04-07,7546.4501953125,,,19384.05078125,7834.60009765625,10984.349609375,1899.25,157.0500030517578,8350.9501953125,2480.89990234375,2320.800048828125,8709.900390625,9642.9501953125,2281.64990234375,2415.550048828125
2016-04-08,7555.2001953125,,,19451.69921875,7821.2998046875,11012.5,1905.75,159.10000610351562,8400.4501953125,2506.449951171875,2331.85009765625,8684.25,9652.9501953125,2290.64990234375,2432.800048828125
2016-04-11,7671.39990234375,,,19651.25,7992.5498046875,11024.75,1944.0999755859375,161.64999389648438,8484.099609375,2569.89990234375,2400.75,8778.2998046875,9816.75,2315.449951171875,2466.10009765625
2016-04-12,7708.9501953125,,,19606.599609375,8116.5,11132.650390625,1922.5999755859375,161.89999389648438,8554.0498046875,2586.699951171875,2398.75,8884.9501953125,9858.5,2362.10009765625,2470.699951171875
2016-04-13,7850.4501953125,,,20045.19921875,8399.349609375,11225.75,1967.5,164.5500030517578,8678.0498046875,2615.199951171875,2447.550048828125,9085.349609375,9998.0498046875,2359.39990234375,2514.699951171875
2016-04-18,7914.7001953125,,,20253.94921875,8386.150390625,11317.900390625,1986.75,172.39999389648438,8694.900390625,2651.550048828125,2388.85009765625,9109.7001953125,10113.2001953125,2388.10009765625,2533.449951171875
2016-04-20,7914.75,,,20246.599609375,8341.400390625,11267.5,2068.10009765625,171.8000030517578,8610.349609375,2666.0,2414.39990234375,9127.5498046875,10142.7998046875,2375.449951171875,2549.64990234375
2016-04-21,7912.0498046875,,,20071.099609375,8320.2998046875,11320.650390625,2069.89990234375,168.8000030517578,8641.900390625,2638.14990234375,2500.89990234375,9085.2998046875,10171.7998046875,2371.5,2543.85009765625
2016-04-22,7899.2998046875,,,19876.5,8401.400390625,11286.75,2061.949951171875,168.39999389648438,8659.0,2649.14990234375,2563.39990234375,9091.599609375,10153.400390625,2378.10009765625,2548.60009765625
2016-04-25,7855.0498046875,,,19715.650390625,8322.400390625,11185.25,2035.8499755859375,167.4499969482422,8523.4501953125,2637.75,2519.550048828125,9035.400390625,10133.7001953125,2379.5,2532.0
2016-04-26,7962.64990234375,,,19890.55078125,8457.0498046875,11295.599609375,2082.39990234375,170.3000030517578,8554.650390625,2663.800048828125,2566.449951171875,9159.5498046875,10291.0,2418.85009765625,2550.25
2016-04-27,7979.89990234375,,,20141.55078125,8479.650390625,11270.5498046875,2080.300048828125,169.9499969482422,8609.349609375,2685.5,2525.39990234375,9176.900390625,10292.2001953125,2402.14990234375,2557.949951171875
2016-04-28,7847.25,,,19667.599609375,8317.650390625,11179.400390625,2031.8499755859375,172.8000030517578,8410.7998046875,2644.5,2482.699951171875,8999.25,10142.4501953125,2385.0,2510.449951171875
2016-04-29,7849.7998046875,,,19737.69921875,8288.9501953125,11293.25,2045.800048828125,174.8000030517578,8404.650390625,2638.35009765625,2444.050048828125,9030.7001953125,10149.150390625,2423.35009765625,2523.89990234375
2016-05-02,7805.89990234375,,,19728.400390625,8299.0498046875,11271.900390625,2065.35009765625,173.8000030517578,8419.099609375,2629.75,2403.39990234375,9061.7001953125,10073.2998046875,2429.64990234375,2538.949951171875
2016-05-03,7747.0,,,19478.349609375,8263.0498046875,11148.150390625,2041.9000244140625,173.85000610351562,8341.900390625,2645.449951171875,2371.89990234375,9011.599609375,9992.5498046875,2440.800048828125,2516.75
2016-05-04,7706.5498046875,,,19295.849609375,8087.2998046875,11182.0,1964.0,169.60000610351562,8306.7001953125,2600.5,2312.14990234375,8935.0498046875,9977.0,2378.14990234375,2481.199951171875
2016-05-05,7735.5,,,19466.30078125,8133.89990234375,11233.400390625,1967.449951171875,171.0,8289.0498046875,2599.699951171875,2314.10009765625,8975.599609375,9997.0498046875,2368.60009765625,2477.449951171875
2016-05-06,7733.4501953125,,,19521.94921875,8196.7998046875,11121.400390625,1966.300048828125,171.5500030517578,8299.9501953125,2603.39990234375,2352.5,8995.75,9995.599609375,2370.550048828125,2484.25
2016-05-09,7866.0498046875,,,19752.650390625,8315.9501953125,11183.25,1974.800048828125,174.85000610351562,8395.75,2650.449951171875,2412.5,9022.75,10198.599609375,2439.64990234375,2509.800048828125
2016-05-10,7887.7998046875,,,19836.69921875,8234.349609375,11266.849609375,1950.050048828125,175.64999389648438,8340.2001953125,2657.5,2422.85009765625,9056.4501953125,10251.2998046875,2426.75,2495.050048828125
2016-05-11,7848.85009765625,,,19726.900390625,8192.25,11186.400390625,1948.3499755859375,173.75,8288.349609375,2642.300048828125,2370.39990234375,9087.4501953125,10202.400390625,2535.14990234375,2494.14990234375
2016-05-12,7900.39990234375,,,19748.69921875,8234.25,11264.599609375,1963.8499755859375,176.3000030517578,8380.0498046875,2649.85009765625,2399.550048828125,9105.900390625,10293.7001953125,2547.85009765625,2507.449951171875
2016-05-13,7814.89990234375,,,19667.69921875,8160.39990234375,11157.650390625,1920.25,171.9499969482422,8303.7001953125,2612.85009765625,2353.64990234375,8991.900390625,10176.349609375,2560.75,2479.0
2016-05-16,7860.75,,1050.0,19977.099609375,8200.2001953125,11205.400390625,1935.550048828125,174.4499969482422,8276.75,2608.60009765625,2241.199951171875,9049.849609375,10220.0,2561.35009765625,2480.199951171875
2016-05-17,7890.75,,,19960.900390625,8245.0498046875,11251.650390625,1934.9000244140625,175.75,8290.9501953125,2606.699951171875,2243.5,9063.900390625,10260.0,2577.60009765625,2487.300048828125
2016-05-18,7870.14990234375,,1088.0,19963.900390625,8145.35009765625,11271.2998046875,1948.3499755859375,179.8000030517578,8287.0,2611.949951171875,2281.35009765625,8969.2998046875,10229.599609375,2534.14990234375,2490.25
2016-05-19,7783.39990234375,,,19612.849609375,8104.75,11246.0,1917.25,178.25,8186.35009765625,2563.10009765625,2195.64990234375,8895.25,10119.349609375,2488.85009765625,2465.0
2016-05-20,7749.7001953125,,,19705.0,8080.75,11070.650390625,1909.300048828125,175.85000610351562,8131.75,2559.75,2174.949951171875,8860.599609375,10083.2998046875,2490.800048828125,2457.800048828125
2016-05-23,7731.0498046875,,,20179.05078125,8026.60009765625,10958.5,1899.1500244140625,174.14999389648438,8105.5498046875,2564.75,2138.89990234375,8830.150390625,10027.7998046875,2472.5,2449.800048828125
2016-05-24,7748.85009765625,,,20225.400390625,8051.75,10851.150390625,1899.4000244140625,173.8000030517578,8118.0,2562.25,2140.39990234375,8857.5,10050.2001953125,2467.75,2455.14990234375
2016-05-25,7934.89990234375,16997.251953125,,20639.80078125,8211.9501953125,10908.5498046875,1923.050048828125,176.75,8260.150390625,2628.10009765625,2208.449951171875,9021.2001953125,10321.0,2499.0,2500.14990234375
2016-05-26,8069.64990234375,,,20920.650390625,8312.650390625,10882.2001953125,1941.9000244140625,180.60000610351562,8280.849609375,2748.10009765625,2289.35009765625,9125.9501953125,10492.5498046875,2513.14990234375,2515.800048828125
2016-05-27,8156.64990234375,,,20907.55078125,8393.9501953125,11206.7998046875,1968.800048828125,183.35000610351562,8454.0,2755.64990234375,2399.85009765625,9194.400390625,10597.349609375,2546.0,2557.64990234375
2016-05-30,8178.5,,,20807.05078125,8497.0,11175.0,2008.050048828125,181.64999389648438,8450.9501953125,2778.35009765625,2424.35009765625,9186.849609375,10640.75,2533.199951171875,2570.39990234375
2016-05-31,8160.10009765625,,,20521.650390625,8720.400390625,10995.4501953125,2031.8499755859375,183.14999389648438,8373.2001953125,2753.550048828125,2494.75,9215.2001953125,10601.7001953125,2533.800048828125,2570.449951171875
2016-06-01,8179.9501953125,,,20886.599609375,8670.7998046875,10957.2001953125,2014.5999755859375,184.10000610351562,8363.9501953125,2769.14990234375,2415.5,9201.0498046875,10612.2001953125,2549.550048828125,2572.199951171875
2016-06-02,8218.9501953125,,,20919.44921875,8713.7001953125,10902.099609375,2052.0,184.35000610351562,8401.650390625,2787.14990234375,2446.050048828125,9261.5498046875,10679.400390625,2568.39990234375,2594.550048828125
2016-06-03,8220.7998046875,,,20912.5,8749.25,10808.2001953125,2047.6500244140625,182.0500030517578,8447.0,2759.5,2398.10009765625,9323.0498046875,10696.849609375,2555.89990234375,2598.14990234375
2016-06-06,8201.0498046875,17671.1953125,,20888.0,8763.5498046875,10678.849609375,2049.800048828125,183.8000030517578,8397.150390625,2747.60009765625,2430.449951171875,9262.349609375,10662.75,2552.550048828125,2593.64990234375
2016-06-07,8266.4501953125,,,21214.599609375,8799.0,10739.349609375,2078.25,187.25,8400.2001953125,2768.35009765625,2529.5,9346.400390625,10739.5498046875,2584.199951171875,2611.75
2016-06-08,8273.0498046875,,,21225.599609375,8841.849609375,10716.5498046875,2082.800048828125,187.60000610351562,8428.349609375,2801.699951171875,2553.300048828125,9380.5,10737.75,2586.10009765625,2621.699951171875
2016-06-09,8203.599609375,,,20833.69921875,8784.2001953125,10665.400390625,2112.14990234375,187.89999389648438,8546.25,2790.449951171875,2558.14990234375,9301.2001953125,10624.9501953125,2600.39990234375,2639.550048828125
2016-06-10,8170.0498046875,17828.392578125,,20704.5,8688.2998046875,10657.599609375,2113.75,186.25,8546.900390625,2792.14990234375,2519.35009765625,9266.5,10583.849609375,2590.85009765625,2635.39990234375
2016-06-13,8110.60009765625,,,20649.0,8599.099609375,10706.599609375,2087.14990234375,183.1999969482422,8527.900390625,2752.949951171875,2478.75,9259.5,10471.349609375,2600.800048828125,2624.0
2016-06-14,8108.85009765625,,,20717.94921875,8613.150390625,10781.400390625,2101.800048828125,185.5500030517578,8481.849609375,2756.39990234375,2557.050048828125,9221.7001953125,10469.849609375,2587.550048828125,2614.25
2016-06-15,8206.599609375,,,20956.099609375,8689.650390625,10790.2998046875,2118.35009765625,186.35000610351562,8609.0498046875,2812.64990234375,2633.5,9322.2001953125,10601.099609375,2603.89990234375,2646.14990234375
2016-06-16,8140.75,,,20868.099609375,8612.7998046875,10762.2001953125,2132.449951171875,185.0,8557.5,2783.699951171875,2648.10009765625,9258.7998046875,10512.5498046875,2579.949951171875,2632.050048828125
2016-06-17,8170.2001953125,,,21044.599609375,8675.2001953125,10653.4501953125,2131.25,191.9499969482422,8551.599609375,2784.800048828125,2633.699951171875,9273.900390625,10563.0498046875,2574.35009765625,2634.25
2016-06-20,8238.5,,,21010.55078125,8799.0498046875,10685.849609375,2165.89990234375,194.0,8633.2001953125,2817.60009765625,2665.89990234375,9326.0,10650.0498046875,2581.050048828125,2660.39990234375
2016-06-21,8219.900390625,,,20996.75,8858.4501953125,10627.349609375,2162.800048828125,194.8000030517578,8616.5498046875,2798.699951171875,2645.5,9312.099609375,10614.9501953125,2576.85009765625,2655.449951171875
2016-06-22,8203.7001953125,,,20877.599609375,8778.2001953125,10696.5,2160.64990234375,195.0500030517578,8592.099609375,2793.5,2632.449951171875,9289.2998046875,10614.349609375,2574.35009765625,2654.10009765625
2016-06-23,8270.4501953125,,,21065.44921875,8870.2001953125,10793.099609375,2168.14990234375,192.8000030517578,8602.5,2788.14990234375,2685.60009765625,9341.849609375,10695.0,2564.699951171875,2660.25
2016-06-24,8088.60009765625,,,20789.94921875,8631.650390625,10747.7998046875,2086.550048828125,184.9499969482422,8428.2998046875,2720.14990234375,2619.0,9178.25,10461.7001953125,2542.949951171875,2605.699951171875
2016-06-27,8094.7001953125,,,20999.25,8605.400390625,10964.0498046875,2096.25,187.8000030517578,8472.650390625,2740.550048828125,2693.10009765625,9204.650390625,10403.7001953125,2527.550048828125,2634.35009765625
2016-06-28,8127.85009765625,,,21433.5,8618.849609375,11035.349609375,2115.85009765625,189.75,8512.900390625,2766.64990234375,2693.199951171875,9361.7001953125,10409.7001953125,2524.0,2651.199951171875
2016-06-29,8204.0,,,21400.650390625,8744.7001953125,11084.7001953125,2142.199951171875,195.4499969482422,8626.0498046875,2798.699951171875,2705.050048828125,9467.5,10529.0,2574.699951171875,2676.449951171875
2016-06-30,8287.75,,,21608.44921875,8863.75,11142.0,2182.10009765625,200.25,8705.099609375,2845.699951171875,2725.0,9564.9501953125,10646.25,2633.89990234375,2709.60009765625
2016-07-01,8328.349609375,,,22025.400390625,8894.849609375,11250.900390625,2199.14990234375,201.39999389648438,8849.2998046875,2882.35009765625,2742.5,9596.5,10648.25,2631.550048828125,2744.75
2016-07-04,8370.7001953125,,,21699.349609375,8956.900390625,11319.849609375,2233.5,206.0500030517578,8954.849609375,2918.199951171875,2811.949951171875,9606.650390625,10728.400390625,2664.10009765625,2768.449951171875
2016-07-05,8335.9501953125,,,21697.650390625,8852.400390625,11361.599609375,2239.699951171875,205.10000610351562,8911.25,2909.5,2822.949951171875,9595.650390625,10669.599609375,2661.949951171875,2760.35009765625
2016-07-07,8337.900390625,,,21924.150390625,8801.4501953125,11527.0498046875,2232.0,204.0500030517578,8888.7001953125,2888.25,2796.050048828125,9676.25,10654.2998046875,2625.64990234375,2757.64990234375
2016-07-08,8323.2001953125,,,21856.599609375,8870.5,11569.7001953125,2223.949951171875,203.14999389648438,8825.5,2857.199951171875,2769.800048828125,9683.9501953125,10631.099609375,2643.550048828125,2747.25
2016-07-11,8467.900390625,,,22078.349609375,9058.7998046875,11745.7001953125,2275.60009765625,207.10000610351562,8963.4501953125,2904.89990234375,2876.5,9812.599609375,10827.0,2652.050048828125,2792.85009765625
2016-07-12,8521.0498046875,,,21996.849609375,9121.849609375,11680.650390625,2350.75,209.89999389648438,9025.150390625,2915.050048828125,2886.699951171875,9881.099609375,10931.0,2655.550048828125,2823.75
2016-07-13,8519.5,,,21932.80078125,9069.9501953125,11639.7998046875,2390.35009765625,206.4499969482422,9039.900390625,2897.25,2882.050048828125,9853.2001953125,10935.900390625,2625.199951171875,2833.449951171875
2016-07-14,8565.0,,,22020.849609375,9115.150390625,11590.650390625,2399.25,205.8000030517578,9063.400390625,2919.300048828125,2958.050048828125,9930.9501953125,11008.349609375,2666.300048828125,2850.10009765625
2016-07-15,8541.400390625,,,22031.349609375,9204.4501953125,11607.7001953125,2418.89990234375,204.6999969482422,9067.4501953125,2938.60009765625,2955.39990234375,9961.349609375,10904.5,2674.550048828125,2852.5
2016-07-18,8508.7001953125,,,21973.5,9226.0,11556.849609375,2388.60009765625,202.1999969482422,8965.2998046875,2897.800048828125,2900.25,9906.5498046875,10850.7001953125,2629.300048828125,2824.550048828125
2016-07-19,8528.5498046875,,,21838.44921875,9260.0498046875,11647.0,2399.85009765625,201.1999969482422,9104.0,2910.0,2907.800048828125,9880.2998046875,10864.599609375,2658.25,2849.25
2016-07-20,8565.849609375,,,21957.349609375,9279.7998046875,11925.349609375,2406.64990234375,206.60000610351562,9199.7001953125,2926.449951171875,2913.949951171875,9949.099609375,10885.5498046875,2654.10009765625,2878.300048828125
2016-07-21,8510.099609375,,,21999.30078125,9208.650390625,11820.650390625,2387.800048828125,204.35000610351562,9103.9501953125,2900.89990234375,2832.050048828125,9943.4501953125,10790.5498046875,2639.949951171875,2881.89990234375
2016-07-22,8541.2001953125,,,22000.44921875,9290.5,11815.75,2428.14990234375,205.89999389648438,9207.150390625,2933.800048828125,2797.25,9978.2998046875,10840.0498046875,2681.699951171875,2908.699951171875
2016-07-25,8635.650390625,,,22139.0,9378.7998046875,11869.599609375,2442.0,208.9499969482422,9326.2998046875,2962.699951171875,2897.949951171875,10091.25,10993.0498046875,2725.64990234375,2934.550048828125
2016-07-26,8590.650390625,,,22059.650390625,9255.400390625,11691.150390625,2439.449951171875,206.25,9310.400390625,2961.699951171875,2864.89990234375,9994.150390625,10954.0498046875,2717.39990234375,2921.60009765625
2016-07-27,8615.7998046875,,,21904.150390625,9330.75,11569.900390625,2462.050048828125,205.6999969482422,9286.5,2983.050048828125,2894.75,10030.400390625,11043.9501953125,2750.550048828125,2930.800048828125
2016-07-28,8666.2998046875,19076.328125,,22290.849609375,9404.349609375,11615.75,2440.449951171875,207.6999969482422,9328.0498046875,2979.5,2896.199951171875,10183.849609375,11065.349609375,2753.85009765625,2932.5
2016-07-29,8638.5,,,22228.849609375,9470.849609375,11697.25,2422.699951171875,207.39999389648438,9311.849609375,2966.5,2862.89990234375,10203.400390625,11006.9501953125,2815.199951171875,2937.699951171875
2016-08-01,8636.5498046875,,,22136.900390625,9530.0498046875,11685.400390625,2459.0,207.5,9296.2998046875,2929.39990234375,2824.60009765625,10205.849609375,11019.9501953125,2849.5,2948.0
2016-08-02,8622.900390625,,,22638.849609375,9469.599609375,11567.7998046875,2411.300048828125,205.0,9298.349609375,2915.85009765625,2844.85009765625,10163.7998046875,10972.849609375,2826.0,2921.300048828125
2016-08-03,8544.849609375,,,22084.55078125,9301.75,11553.2001953125,2411.14990234375,202.0500030517578,9167.150390625,2877.75,2824.300048828125,10011.2001953125,10904.0,2793.85009765625,2898.60009765625
2016-08-04,8551.099609375,,,22072.349609375,9439.75,11591.0,2451.89990234375,206.85000610351562,9179.0,2888.699951171875,2843.949951171875,10061.349609375,10890.4501953125,2778.800048828125,2913.25
2016-08-05,8683.150390625,,,22151.900390625,9738.650390625,11678.900390625,2517.550048828125,211.8000030517578,9392.7998046875,2928.800048828125,2914.89990234375,10213.4501953125,11010.400390625,2826.14990234375,3000.449951171875
2016-08-08,8711.349609375,,,22200.400390625,9797.5498046875,11692.650390625,2531.75,213.60000610351562,9503.0498046875,2922.949951171875,2905.35009765625,10376.150390625,11054.400390625,2838.050048828125,3021.050048828125
2016-08-09,8678.25,,,22014.400390625,9747.599609375,11595.150390625,2510.0,214.39999389648438,9464.5498046875,2912.449951171875,2926.39990234375,10306.0498046875,11031.2001953125,2860.699951171875,3003.449951171875
2016-08-10,8575.2998046875,,,21829.80078125,9559.349609375,11361.900390625,2494.25,211.25,9265.25,2888.39990234375,2878.199951171875,10155.349609375,10944.4501953125,2844.199951171875,2948.35009765625
2016-08-11,8592.150390625,,,22235.150390625,9513.25,11376.900390625,2474.300048828125,210.10000610351562,9336.849609375,2882.800048828125,2796.949951171875,10219.7001953125,10958.7998046875,2803.60009765625,2945.25
2016-08-12,,,,22397.400390625,9618.5,11362.400390625,2510.14990234375,209.0500030517578,9434.5,2904.35009765625,2960.699951171875,10265.349609375,11081.75,2816.85009765625,2965.5
2016-08-16,8642.5498046875,,,22396.0,9558.599609375,11420.0,2550.10009765625,207.64999389648438,9445.400390625,2918.5,2984.39990234375,10217.75,11030.099609375,2814.0,2991.14990234375
2016-08-17,8624.0498046875,,,22342.849609375,9647.0,11496.7998046875,2599.800048828125,208.6999969482422,9388.0,2914.5,2995.5,10224.099609375,10987.900390625,2811.300048828125,3008.64990234375
2016-08-18,8673.25,,,22262.099609375,9678.599609375,11565.2998046875,2595.050048828125,211.35000610351562,9508.349609375,2938.25,3028.60009765625,10237.2001953125,11095.2998046875,2840.75,3038.5
2016-08-19,8666.900390625,,,22234.75,9638.5498046875,11587.400390625,2629.800048828125,210.14999389648438,9522.900390625,2946.60009765625,3135.64990234375,10271.150390625,11083.0,2843.199951171875,3059.64990234375
2016-08-22,8629.150390625,,,22388.19921875,9539.0,11473.7998046875,2608.699951171875,210.25,9466.849609375,2935.64990234375,3100.39990234375,10241.2001953125,11029.2998046875,2839.35009765625,3030.14990234375
2016-08-23,8632.599609375,,,22176.099609375,9526.2998046875,11409.0498046875,2597.35009765625,209.5500030517578,9355.150390625,2924.449951171875,3112.699951171875,10214.5498046875,11088.5,2861.14990234375,3000.800048828125
2016-08-24,8650.2998046875,,,22193.849609375,9529.0,11536.5498046875,2595.550048828125,210.10000610351562,9462.2998046875,2930.949951171875,3109.0,10294.349609375,11117.900390625,2890.550048828125,3019.199951171875
2016-08-25,8592.2001953125,,,22283.19921875,9470.849609375,11490.849609375,2553.85009765625,208.60000610351562,9429.2001953125,2897.39990234375,3069.75,10222.900390625,11022.400390625,2858.5,2995.449951171875
2016-08-26,8572.5498046875,,,22252.650390625,9538.400390625,11395.4501953125,2551.949951171875,206.14999389648438,9488.349609375,2877.0,3018.89990234375,10210.0498046875,10959.5,2844.5,3002.14990234375
2016-08-29,8607.4501953125,,,22192.80078125,9697.0,11382.349609375,2579.85009765625,206.25,9608.2998046875,2899.449951171875,3045.449951171875,10207.400390625,10964.150390625,2918.0,3019.75
2016-08-30,8744.349609375,,,22546.94921875,9866.0498046875,11552.75,2606.89990234375,208.0,9720.4501953125,2912.449951171875,3109.300048828125,10404.25,11116.7001953125,2930.64990234375,3062.89990234375
2016-08-31,8786.2001953125,,,22609.30078125,9897.2998046875,11489.150390625,2566.75,205.5500030517578,9663.650390625,2934.89990234375,3110.39990234375,10359.5498046875,11184.2001953125,2965.949951171875,3053.449951171875
2016-09-01,8774.650390625,,,22715.55078125,9939.9501953125,11463.349609375,2574.550048828125,201.25,9535.2998046875,2885.64990234375,3086.800048828125,10358.5,11174.099609375,2932.699951171875,3035.64990234375
2016-09-02,8809.650390625,,,22789.30078125,10052.9501953125,11555.150390625,2570.949951171875,202.8000030517578,9503.400390625,2907.89990234375,3129.050048828125,10383.2998046875,11223.900390625,2942.0,3039.10009765625
2016-09-06,8943.0,,,22972.80078125,10348.5498046875,11612.7001953125,2607.050048828125,206.0500030517578,9591.5,2934.14990234375,3202.0,10583.2998046875,11416.099609375,2961.39990234375,3071.35009765625
2016-09-07,8917.9501953125,,,23008.19921875,10359.849609375,11633.0498046875,2632.949951171875,207.39999389648438,9550.2998046875,2940.5,3298.550048828125,10589.150390625,11353.2001953125,2951.800048828125,3073.0
2016-09-08,8952.5,,,23186.150390625,10458.650390625,11936.650390625,2660.25,213.35000610351562,9601.400390625,2967.64990234375,3323.35009765625,10715.650390625,11300.0,2972.35009765625,3091.10009765625
2016-09-09,8866.7001953125,,,22703.69921875,10299.2001953125,11818.7998046875,2607.199951171875,214.64999389648438,9668.2001953125,2935.300048828125,3287.949951171875,10565.349609375,11225.900390625,2932.85009765625,3070.0
2016-09-12,8715.599609375,,,22291.25,10013.5,11622.599609375,2485.699951171875,204.0,9514.5498046875,2842.050048828125,3132.0,10360.7998046875,11068.900390625,2834.550048828125,2979.5
2016-09-14,8726.599609375,,,22326.69921875,10086.25,11640.599609375,2496.550048828125,204.0500030517578,9540.7001953125,2867.60009765625,3213.39990234375,10377.099609375,11084.0,2866.10009765625,3013.14990234375
2016-09-15,8742.5498046875,,,22526.599609375,10064.0498046875,11715.650390625,2489.800048828125,203.60000610351562,9561.400390625,2857.14990234375,3182.89990234375,10397.099609375,11071.9501953125,2946.199951171875,3002.949951171875
2016-09-16,8779.849609375,,,22762.5,10117.9501953125,11725.5,2450.89990234375,205.5500030517578,9644.849609375,2864.64990234375,3154.449951171875,10445.099609375,11109.599609375,2902.5,3013.550048828125
2016-09-19,8808.400390625,,,22668.349609375,10146.349609375,11766.650390625,2485.550048828125,208.60000610351562,9727.150390625,2885.10009765625,3173.550048828125,10419.400390625,11149.2998046875,2925.449951171875,3040.800048828125
2016-09-20,8775.900390625,,,22487.19921875,10075.0,11746.400390625,2495.10009765625,205.5,9694.349609375,2867.39990234375,3161.300048828125,10411.5,11108.9501953125,2920.199951171875,3038.949951171875
2016-09-21,8777.150390625,,,22343.05078125,10095.9501953125,11730.9501953125,2511.85009765625,206.10000610351562,9676.849609375,2870.300048828125,3123.25,10415.9501953125,11113.4501953125,2922.449951171875,3039.699951171875
2016-09-22,8867.4501953125,,,22401.75,10250.349609375,11844.4501953125,2540.550048828125,208.89999389648438,9828.0,2912.75,3212.10009765625,10493.5498046875,11219.650390625,2941.64990234375,3079.5
2016-09-23,8831.5498046875,,,22315.75,10224.9501953125,11798.650390625,2542.0,210.5500030517578,9886.0498046875,2902.64990234375,3176.0,10478.2998046875,11160.599609375,2931.25,3081.449951171875
2016-09-26,8723.0498046875,,,21977.099609375,10048.650390625,11708.7001953125,2539.449951171875,205.5500030517578,9860.650390625,2854.0,3143.199951171875,10363.4501953125,11032.849609375,2935.300048828125,3063.64990234375
2016-09-27,8706.400390625,,,21913.150390625,9992.5,11782.599609375,2523.60009765625,206.10000610351562,9831.849609375,2823.949951171875,3111.60009765625,10361.7001953125,11030.9501953125,2937.89990234375,3050.25
2016-09-28,8745.150390625,,,21917.099609375,10115.9501953125,11777.75,2579.050048828125,209.8000030517578,9822.75,2861.449951171875,3187.85009765625,10397.0498046875,11091.0,3004.10009765625,3076.300048828125
2016-09-29,8591.25,,,21661.19921875,9893.849609375,11432.2001953125,2488.60009765625,195.14999389648438,9631.099609375,2780.5,3067.0,10179.150390625,10876.650390625,2943.449951171875,2994.949951171875
2016-09-30,8611.150390625,,,21542.05078125,10029.2998046875,11461.0,2522.050048828125,202.6999969482422,9756.2001953125,2793.39990234375,3129.64990234375,10271.25,10926.150390625,2969.800048828125,3029.75
2016-10-03,8738.099609375,,,21729.44921875,10275.5,11638.25,2586.050048828125,209.0,9915.5,2855.35009765625,3187.699951171875,10485.599609375,11087.7001953125,3127.800048828125,3096.89990234375
2016-10-04,8769.150390625,,,21709.849609375,10289.7001953125,11681.400390625,2614.64990234375,209.8000030517578,10057.349609375,2858.10009765625,3245.5,10503.4501953125,11148.7998046875,3074.75,3130.35009765625
2016-10-05,8743.9501953125,,,21736.80078125,10344.0,11615.900390625,2635.25,213.64999389648438,10034.5,2861.800048828125,3251.5,10553.75,11084.5498046875,3097.60009765625,3139.60009765625
2016-10-06,8709.5498046875,,,21659.5,10269.849609375,11494.4501953125,2640.10009765625,210.4499969482422,10196.0,2848.5,3192.85009765625,10582.25,11011.5498046875,3050.050048828125,3159.39990234375
2016-10-07,8697.599609375,,,21638.650390625,10344.2998046875,11480.099609375,2666.550048828125,211.25,10145.5,2846.39990234375,3211.199951171875,10515.099609375,10974.400390625,3121.949951171875,3157.89990234375
2016-10-10,8708.7998046875,,,21672.55078125,10335.7998046875,11547.2998046875,2710.39990234375,208.5,10082.75,2837.199951171875,3185.449951171875,10539.5498046875,10973.900390625,3125.949951171875,3165.050048828125
2016-10-13,8573.349609375,,,21454.900390625,10203.0,11338.849609375,2656.25,203.6999969482422,9889.7001953125,2782.85009765625,3081.0,10418.150390625,10773.900390625,3022.0,3123.25
2016-10-14,8583.400390625,,,21423.0,10223.4501953125,11380.099609375,2643.5,205.39999389648438,10061.75,2811.25,3103.050048828125,10348.099609375,10756.7001953125,2965.0,3146.5
2016-10-17,8520.400390625,,,21415.5,10008.400390625,11279.400390625,2611.10009765625,203.3000030517578,9987.25,2776.25,3090.300048828125,10250.5498046875,10725.599609375,2872.75,3121.14990234375
2016-10-18,8677.900390625,,,21749.099609375,10150.0498046875,11469.4501953125,2663.10009765625,205.75,10071.9501953125,2830.25,3152.5,10347.0,10980.650390625,2922.949951171875,3149.5
2016-10-19,8659.099609375,,,21449.650390625,10092.5498046875,11527.75,2669.64990234375,204.60000610351562,10164.7001953125,2853.050048828125,3142.14990234375,10330.150390625,10968.0,2911.199951171875,3169.5
2016-10-20,8699.400390625,,,21424.55078125,10088.7001953125,11483.349609375,2708.5,207.9499969482422,10183.150390625,2879.64990234375,3208.89990234375,10377.7998046875,11052.400390625,2956.449951171875,3183.89990234375
2016-10-21,8693.0498046875,,,21546.80078125,10101.599609375,11494.5498046875,2688.050048828125,209.64999389648438,10106.4501953125,2889.550048828125,3195.550048828125,10383.2001953125,11071.349609375,2959.550048828125,3168.449951171875
2016-10-24,8708.9501953125,,,21569.94921875,10188.2001953125,11487.599609375,2690.800048828125,210.8000030517578,10201.650390625,2876.75,3242.300048828125,10404.900390625,11066.0,2932.39990234375,3192.199951171875
2016-10-25,8691.2998046875,,,21387.55078125,10143.7001953125,11585.9501953125,2679.5,209.5,10181.4501953125,2895.800048828125,3219.64990234375,10384.25,11065.2998046875,2938.0,3184.949951171875
2016-10-26,8615.25,,,21338.400390625,10056.5498046875,11454.900390625,2641.14990234375,208.9499969482422,10104.0,2879.25,3180.449951171875,10401.5498046875,10942.650390625,2935.550048828125,3150.699951171875
2016-10-27,8615.25,,,21450.0,9912.849609375,11534.5498046875,2619.60009765625,207.60000610351562,10053.2001953125,2864.64990234375,3143.699951171875,10312.650390625,10962.75,2888.35009765625,3129.199951171875
2016-10-28,8638.0,,,21547.94921875,10056.7001953125,11571.849609375,2678.35009765625,210.4499969482422,10092.25,2869.75,3177.300048828125,10374.099609375,10974.2998046875,2942.699951171875,3155.14990234375
2016-11-01,8626.25,,,21370.400390625,10105.5498046875,11530.150390625,2781.0,209.0500030517578,10137.5,2867.300048828125,3177.550048828125,10449.2001953125,10947.9501953125,2912.050048828125,3194.300048828125
2016-11-02,8514.0,,,21195.900390625,9973.7998046875,11268.900390625,2756.75,203.39999389648438,9919.4501953125,2834.75,3067.449951171875,10343.5,10816.5,2864.5,3133.800048828125
2016-11-03,8484.9501953125,,,21261.75,9948.25,11124.2998046875,2737.949951171875,201.0500030517578,9805.5498046875,2814.0,3005.85009765625,10327.9501953125,10759.400390625,2846.0,3093.85009765625
2016-11-04,8433.75,,,21658.94921875,9870.75,10606.0,2674.75,195.39999389648438,9711.150390625,2774.39990234375,2961.199951171875,10262.7001953125,10717.5,2840.39990234375,3062.800048828125
2016-11-07,8497.0498046875,,,21916.5,9892.599609375,10818.75,2728.300048828125,198.60000610351562,9762.0498046875,2774.39990234375,3075.64990234375,10240.5,10802.9501953125,2859.449951171875,3095.85009765625
2016-11-08,8543.5498046875,,,21902.849609375,10079.7001953125,10665.7998046875,2739.199951171875,198.1999969482422,9821.7001953125,2779.300048828125,3073.300048828125,10271.650390625,10862.75,2860.35009765625,3112.949951171875
2016-11-09,8432.0,,,21414.349609375,9819.7998046875,10871.099609375,2700.550048828125,175.1999969482422,9825.4501953125,2745.60009765625,3137.89990234375,9990.5498046875,10708.5,2829.25,3064.300048828125
2016-11-10,8525.75,20200.015625,,21561.099609375,9758.150390625,10990.5498046875,2870.050048828125,177.35000610351562,9975.5,2816.85009765625,3411.64990234375,9972.7001953125,10863.5498046875,2860.550048828125,3149.60009765625
2016-11-11,8296.2998046875,,,20825.900390625,9308.2998046875,10901.25,2810.64990234375,168.35000610351562,9807.4501953125,2741.75,3320.25,9722.349609375,10566.900390625,2737.550048828125,3069.699951171875
2016-11-15,8108.4501953125,,,20307.94921875,8828.599609375,10747.900390625,2668.10009765625,159.6999969482422,9658.2998046875,2700.449951171875,3395.35009765625,9358.2001953125,10378.099609375,2628.60009765625,2945.75
2016-11-16,8111.60009765625,,,20126.099609375,8918.650390625,10559.25,2645.64990234375,158.10000610351562,9657.7998046875,2711.25,3372.800048828125,9387.4501953125,10441.2998046875,2702.050048828125,2936.75
2016-11-17,8079.9501953125,,,20154.0,8915.599609375,10595.650390625,2662.949951171875,160.10000610351562,9678.400390625,2702.75,3377.10009765625,9345.900390625,10379.25,2641.89990234375,2933.449951171875
2016-11-18,8074.10009765625,,,19959.900390625,8983.849609375,10751.4501953125,2626.0,162.3000030517578,9797.25,2718.199951171875,3382.60009765625,9305.9501953125,10340.7001953125,2585.14990234375,2956.0
2016-11-21,7929.10009765625,,,19701.25,8681.599609375,10642.099609375,2536.199951171875,153.85000610351562,9689.599609375,2661.300048828125,3149.5,9078.099609375,10127.349609375,2512.449951171875,2894.85009765625
2016-11-22,8002.2998046875,,,19934.30078125,8852.900390625,10693.849609375,2610.699951171875,158.4499969482422,9749.2998046875,2653.300048828125,3154.35009765625,9270.900390625,10211.7001953125,2563.0,2942.64990234375
2016-11-23,8033.2998046875,,,19976.099609375,8891.150390625,10934.2001953125,2677.5,163.10000610351562,9817.0,2680.300048828125,3162.85009765625,9363.099609375,10213.099609375,2596.89990234375,2982.050048828125
2016-11-24,7965.5,,,19851.69921875,8754.5,10762.4501953125,2711.300048828125,160.9499969482422,9696.2998046875,2671.300048828125,3201.64990234375,9330.5498046875,10145.900390625,2531.0,2977.60009765625
2016-11-25,8114.2998046875,,,20157.150390625,8780.400390625,11085.0,2757.449951171875,163.4499969482422,9806.4501953125,2707.050048828125,3208.64990234375,9408.2001953125,10400.5,2562.35009765625,3016.25
2016-11-28,8126.89990234375,,,20426.05078125,8826.650390625,11110.25,2784.60009765625,166.39999389648438,9890.099609375,2748.0,3126.949951171875,9486.150390625,10386.7001953125,2621.050048828125,3050.5
2016-11-29,8142.14990234375,,,20306.599609375,9017.9501953125,11061.2998046875,2777.0,167.1999969482422,9915.0498046875,2759.25,3114.050048828125,9615.25,10373.7001953125,2624.14990234375,3049.14990234375
2016-11-30,8224.5,,,20487.900390625,9113.7998046875,11080.0498046875,2798.89990234375,167.85000610351562,9938.9501953125,2791.949951171875,3179.5,9766.0498046875,10508.9501953125,2632.64990234375,3079.14990234375
2016-12-01,8192.900390625,,,20554.69921875,9041.0,11132.0498046875,2748.800048828125,165.75,9876.349609375,2767.39990234375,3140.89990234375,9720.5498046875,10436.25,2633.60009765625,3047.449951171875
2016-12-02,8086.7998046875,,,20179.849609375,8888.7001953125,11038.0498046875,2717.60009765625,162.6999969482422,9804.5,2737.800048828125,3114.0,9534.2001953125,10299.099609375,2554.199951171875,3024.800048828125
2016-12-05,8128.75,,,20478.80078125,9046.25,11073.5,2758.64990234375,163.85000610351562,9808.0,2748.449951171875,3147.39990234375,9711.650390625,10311.7998046875,2576.949951171875,3042.60009765625
2016-12-06,8143.14990234375,,,20293.19921875,9014.0,11069.849609375,2781.449951171875,166.1999969482422,9901.7001953125,2759.25,3161.300048828125,9661.400390625,10349.599609375,2576.10009765625,3071.800048828125
2016-12-07,8102.0498046875,,,20137.349609375,9053.25,10832.650390625,2786.64990234375,164.1999969482422,9912.9501953125,2752.39990234375,3110.35009765625,9629.2998046875,10300.400390625,2553.550048828125,3074.35009765625
2016-12-08,8246.849609375,,,20510.25,9299.0498046875,10972.650390625,2868.800048828125,166.64999389648438,10066.900390625,2782.89990234375,3153.35009765625,9830.150390625,10469.400390625,2604.0,3132.64990234375
2016-12-09,8261.75,,,20622.400390625,9252.2998046875,10929.4501953125,2865.25,169.64999389648438,10111.9501953125,2780.0,3230.550048828125,9842.75,10502.900390625,2653.199951171875,3135.449951171875
2016-12-12,8170.7998046875,18392.736328125,9953.900390625,20319.69921875,9092.0,10895.900390625,2857.85009765625,168.75,10060.5,2770.949951171875,3180.949951171875,9725.0498046875,10389.5498046875,2615.75,3101.75
2016-12-13,8221.7998046875,18465.8359375,10058.650390625,20491.650390625,9196.0,10947.900390625,2827.5,166.75,10149.9501953125,2783.25,3200.39990234375,9697.7001953125,10436.0,2585.64990234375,3093.949951171875
2016-12-14,8182.4501953125,18341.287109375,10128.9501953125,20313.55078125,9146.0498046875,10859.25,2784.75,167.4499969482422,10154.150390625,2757.449951171875,3158.800048828125,9612.7001953125,10392.7998046875,2580.0,3062.39990234375
2016-12-15,8153.60009765625,18400.935546875,10195.75,20136.05078125,9118.25,10655.5,2786.10009765625,167.85000610351562,10114.900390625,2748.949951171875,3182.60009765625,9592.7001953125,10406.9501953125,2563.699951171875,3049.300048828125
2016-12-16,8139.4501953125,18312.587890625,10222.9501953125,19982.599609375,9153.5,10646.5,2742.800048828125,167.6999969482422,10080.650390625,2736.050048828125,3169.050048828125,9599.5498046875,10397.25,2570.10009765625,3018.949951171875
2016-12-19,8104.35009765625,18256.837890625,10223.650390625,19957.19921875,9098.0498046875,10555.7001953125,2716.10009765625,165.9499969482422,10140.2001953125,2717.75,3134.699951171875,9518.75,10357.650390625,2555.550048828125,3011.75
2016-12-20,8082.39990234375,18069.189453125,10322.849609375,20039.05078125,9023.0498046875,10436.75,2693.5,165.89999389648438,10103.9501953125,2706.35009765625,3055.300048828125,9450.349609375,10317.349609375,2577.39990234375,3003.85009765625
2016-12-21,8061.2998046875,18084.2890625,10228.25,19809.69921875,9013.0,10361.599609375,2707.800048828125,167.64999389648438,10168.0,2704.75,3060.449951171875,9449.599609375,10294.900390625,2551.85009765625,3020.14990234375
2016-12-22,7979.10009765625,17891.2421875,10163.0,19750.25,8961.2998046875,10226.150390625,2630.5,166.8000030517578,10032.349609375,2654.0,3002.39990234375,9331.150390625,10172.9501953125,2544.699951171875,2962.64990234375
2016-12-23,7985.75,17883.79296875,10071.0498046875,19592.849609375,8987.25,10156.650390625,2623.10009765625,164.64999389648438,10062.099609375,2669.5,2991.300048828125,9397.349609375,10174.900390625,2545.89990234375,2964.800048828125
2016-12-26,7908.25,,,19624.44921875,8854.75,9889.2998046875,2543.949951171875,158.64999389648438,9928.2998046875,2637.550048828125,2910.64990234375,9330.849609375,10082.7998046875,2493.800048828125,2909.85009765625
2016-12-27,8032.85009765625,17879.34375,10170.7001953125,20150.25,8991.7998046875,10083.0,2609.300048828125,159.6999969482422,10067.0498046875,2673.449951171875,2961.199951171875,9450.5,10208.7001953125,2522.699951171875,2962.39990234375
2016-12-28,8034.85009765625,17876.4921875,10198.599609375,20279.0,8981.150390625,10149.349609375,2605.64990234375,161.4499969482422,9994.7998046875,2675.75,2947.5,9473.400390625,10224.150390625,2555.300048828125,2956.10009765625
2016-12-29,8103.60009765625,18032.94140625,10291.849609375,20400.75,9109.0498046875,10132.349609375,2645.050048828125,163.14999389648438,10148.900390625,2688.5,2948.39990234375,9595.849609375,10313.150390625,2581.89990234375,3006.64990234375
2016-12-30,8185.7998046875,18176.98828125,10399.25,20754.099609375,9141.75,10267.0,2652.5,165.35000610351562,10271.5498046875,2712.25,2982.0,9667.849609375,10412.900390625,2610.75,3033.800048828125
2017-01-02,8179.5,,,20710.349609375,9326.900390625,10310.2001953125,2705.25,172.60000610351562,10307.650390625,2736.800048828125,2922.25,9788.0,10313.900390625,2618.39990234375,3073.14990234375
2017-01-03,8192.25,18035.390625,10362.25,20864.150390625,9300.2998046875,10317.4501953125,2714.949951171875,173.39999389648438,10431.0498046875,2745.699951171875,2940.39990234375,9803.0498046875,10330.099609375,2665.10009765625,3091.5
2017-01-04,8190.5,17890.79296875,10496.900390625,20935.25,9330.900390625,10303.7998046875,2711.5,177.25,10346.849609375,2766.949951171875,2916.14990234375,9754.9501953125,10311.5,2669.550048828125,3085.0
2017-01-05,8273.7998046875,18115.73828125,10400.0498046875,21070.5,9522.2998046875,10457.75,2798.25,179.25,10505.4501953125,2807.10009765625,2953.949951171875,9921.7998046875,10384.349609375,2714.14990234375,3143.699951171875
2017-01-06,8243.7998046875,18263.787109375,10110.4501953125,20867.099609375,9506.650390625,10472.7001953125,2797.85009765625,177.75,10468.5498046875,2796.39990234375,2969.85009765625,9935.0498046875,10348.650390625,2683.60009765625,3131.39990234375
2017-01-09,8236.0498046875,18286.4375,10198.4501953125,20987.25,9495.9501953125,10323.4501953125,2793.800048828125,179.25,10396.150390625,2781.5,2982.10009765625,9928.099609375,10367.75,2697.85009765625,3116.699951171875
2017-01-10,8288.599609375,18409.384765625,10221.5,21157.75,9616.599609375,10366.7001953125,2833.89990234375,178.75,10489.5498046875,2801.0,2993.35009765625,9976.5,10414.0498046875,2707.300048828125,3139.449951171875
2017-01-11,8380.650390625,18829.78125,10220.5498046875,21194.55078125,9703.650390625,10464.650390625,2954.800048828125,179.5,10523.75,2830.5,3062.10009765625,10107.2001953125,10560.4501953125,2747.300048828125,3197.0
2017-01-12,8407.2001953125,18873.73046875,10398.7998046875,20988.05078125,9676.9501953125,10401.75,2958.550048828125,179.0,10644.2998046875,2890.0,3054.0,10087.400390625,10641.849609375,2745.75,3220.0
2017-01-13,8400.349609375,18911.87890625,10263.5498046875,21232.94921875,9600.7001953125,10445.099609375,2952.300048828125,178.8000030517578,10656.599609375,2869.949951171875,3048.300048828125,10045.900390625,10623.650390625,2748.199951171875,3211.10009765625
2017-01-16,8412.7998046875,19096.2265625,10173.099609375,21197.69921875,9650.7001953125,10418.2001953125,2980.949951171875,181.1999969482422,10599.849609375,2880.35009765625,3099.89990234375,10079.650390625,10664.2001953125,2754.800048828125,3219.300048828125
2017-01-17,8398.0,19066.830078125,10206.7998046875,21442.94921875,9641.849609375,10426.650390625,2937.10009765625,181.89999389648438,10445.650390625,2882.5,3105.949951171875,10105.7001953125,10653.650390625,2747.550048828125,3201.14990234375
2017-01-18,8417.0,19164.27734375,10231.599609375,21529.55078125,9644.7998046875,10452.4501953125,3006.550048828125,182.0,10403.900390625,2878.75,3126.35009765625,10235.599609375,10667.2998046875,2761.699951171875,3233.39990234375
2017-01-19,8435.099609375,19124.02734375,10222.150390625,21634.150390625,9709.0,10389.75,3005.800048828125,181.39999389648438,10538.650390625,2892.699951171875,3136.75,10253.150390625,10670.2001953125,2755.25,3252.050048828125
2017-01-20,8349.349609375,18820.58203125,10132.650390625,21641.05078125,9601.0,10307.849609375,2933.10009765625,177.35000610351562,10407.099609375,2841.10009765625,3040.10009765625,10163.9501953125,10543.2001953125,2705.050048828125,3201.550048828125
2017-01-23,8391.5,18842.48046875,10219.400390625,21873.80078125,9665.0,10214.150390625,3013.5,178.60000610351562,10449.349609375,2828.800048828125,3073.300048828125,10250.5498046875,10607.7001953125,2760.10009765625,3242.699951171875
2017-01-24,8475.7998046875,19023.279296875,10201.599609375,21908.400390625,9828.2001953125,10339.4501953125,3062.300048828125,179.1999969482422,10584.9501953125,2870.050048828125,3090.800048828125,10345.349609375,10684.150390625,2755.300048828125,3300.14990234375
2017-01-25,8602.75,19472.97265625,10164.4501953125,22206.25,9967.7001953125,10332.599609375,3109.050048828125,182.5,10661.900390625,2892.60009765625,3153.25,10451.75,10872.2001953125,2820.39990234375,3353.60009765625
2017-01-27,8641.25,19708.072265625,10181.849609375,21798.19921875,10014.849609375,10367.2001953125,3109.64990234375,181.39999389648438,10735.4501953125,2930.199951171875,3234.14990234375,10501.75,11003.650390625,2812.199951171875,3366.35009765625
2017-01-30,8632.75,19585.021484375,10170.650390625,21786.30078125,9928.650390625,10412.150390625,3104.60009765625,180.6999969482422,10765.2998046875,2957.699951171875,3223.10009765625,10498.400390625,11011.900390625,2809.300048828125,3364.89990234375
2017-01-31,8561.2998046875,19514.923828125,9848.5,21832.650390625,9837.75,10236.349609375,3072.10009765625,179.5500030517578,10674.150390625,2939.60009765625,3174.35009765625,10424.7998046875,10893.150390625,2771.39990234375,3323.35009765625
2017-02-01,8716.400390625,20020.3671875,9750.0,22496.69921875,10191.9501953125,10189.5,3146.800048828125,188.4499969482422,10742.400390625,2975.60009765625,3300.199951171875,10691.5498046875,11055.349609375,2834.35009765625,3379.550048828125
2017-02-02,8734.25,20070.068359375,9926.0,22696.19921875,10058.7998046875,10402.0,3147.449951171875,188.75,10756.4501953125,2978.550048828125,3347.75,10692.599609375,11107.099609375,2843.199951171875,3388.89990234375
2017-02-03,8740.9501953125,20196.56640625,10025.7998046875,22645.150390625,9975.099609375,10555.0,3128.699951171875,190.39999389648438,10708.099609375,2989.25,3445.10009765625,10637.7998046875,11146.599609375,2907.85009765625,3381.35009765625
2017-02-06,8801.0498046875,20371.36328125,10029.0498046875,22904.400390625,10031.099609375,10710.7998046875,3119.800048828125,194.10000610351562,10783.0498046875,3012.25,3432.300048828125,10752.849609375,11211.25,2934.199951171875,3397.949951171875
2017-02-07,8768.2998046875,20327.013671875,9997.9501953125,22877.75,9931.7001953125,10604.0,3079.550048828125,193.0500030517578,10692.099609375,3011.64990234375,3450.449951171875,10729.150390625,11196.900390625,2933.050048828125,3365.10009765625
2017-02-08,8769.0498046875,20245.166015625,10007.0498046875,22766.25,9994.25,10583.400390625,3106.60009765625,194.5,10722.599609375,3028.949951171875,3439.60009765625,10756.4501953125,11182.4501953125,2968.35009765625,3390.14990234375
2017-02-09,8778.400390625,20150.916015625,10167.900390625,22874.94921875,10028.0498046875,10542.599609375,3084.64990234375,196.35000610351562,10726.0498046875,3029.050048828125,3404.39990234375,10732.75,11193.0,3022.89990234375,3382.550048828125
2017-02-10,8793.5498046875,20213.666015625,10387.849609375,22709.30078125,9987.2998046875,10438.099609375,3075.449951171875,196.0500030517578,10676.75,3038.85009765625,3414.14990234375,10704.9501953125,11268.2001953125,3010.89990234375,3380.85009765625
2017-02-13,8805.0498046875,20251.564453125,10452.900390625,22649.0,9973.2998046875,10403.599609375,3083.050048828125,194.0,10704.7001953125,3036.10009765625,3312.449951171875,10691.2998046875,11320.849609375,3021.60009765625,3384.199951171875
2017-02-14,8792.2998046875,20257.86328125,10474.099609375,22596.05078125,9820.599609375,10322.25,3055.449951171875,192.60000610351562,10728.849609375,3039.64990234375,3308.0,10605.400390625,11332.349609375,2993.550048828125,3358.800048828125
2017-02-15,8724.7001953125,20163.46484375,10427.650390625,22674.400390625,9523.349609375,10137.650390625,3011.25,185.0500030517578,10648.75,3002.0,3259.800048828125,10513.5498046875,11281.099609375,2993.39990234375,3319.75
2017-02-16,8778.0,20243.46484375,10628.0498046875,22379.69921875,9686.349609375,10407.75,3075.75,188.5,10746.099609375,3006.199951171875,3283.949951171875,10669.25,11372.650390625,2992.0,3357.0
2017-02-17,8821.7001953125,20551.111328125,10527.2001953125,22445.80078125,9683.599609375,10624.400390625,3053.60009765625,189.25,10846.2001953125,3011.0,3275.449951171875,10679.0,11439.150390625,2991.35009765625,3369.949951171875
2017-02-20,8879.2001953125,20676.859375,10671.25,22439.650390625,9743.9501953125,10641.599609375,3116.75,191.9499969482422,10947.150390625,3042.199951171875,3292.949951171875,10789.25,11534.5498046875,3019.949951171875,3412.199951171875
2017-02-21,8907.849609375,20860.70703125,10680.75,22450.55078125,9758.900390625,10644.599609375,3127.0,192.8000030517578,11024.4501953125,3031.64990234375,3310.800048828125,10808.900390625,11593.849609375,3019.699951171875,3429.949951171875
2017-02-22,8926.900390625,20868.20703125,10514.7998046875,22426.400390625,9768.4501953125,10582.2998046875,3107.14990234375,193.0,11418.5498046875,3010.14990234375,3313.85009765625,10748.150390625,11505.2001953125,2991.699951171875,3445.449951171875
2017-02-23,8939.5,20876.408203125,10689.650390625,22434.75,9761.75,10561.599609375,3120.25,194.5,11311.150390625,3013.35009765625,3297.550048828125,10672.150390625,11550.0,2995.050048828125,3438.0
2017-02-27,8896.7001953125,20612.810546875,10706.7001953125,22419.599609375,9666.849609375,10571.7001953125,3110.89990234375,194.85000610351562,11458.7998046875,2975.5,3262.449951171875,10608.650390625,11452.349609375,2969.199951171875,3437.050048828125
2017-02-28,8879.599609375,20607.009765625,10680.9501953125,22338.19921875,9654.650390625,10585.150390625,3127.300048828125,197.1999969482422,11360.2001953125,2997.85009765625,3286.35009765625,10611.0,11446.7001953125,2996.35009765625,3417.5
2017-03-01,8945.7998046875,20783.5078125,10748.0498046875,22650.849609375,9670.599609375,10700.7998046875,3184.60009765625,204.85000610351562,11277.349609375,2994.75,3310.699951171875,10640.0498046875,11529.2998046875,2995.10009765625,3420.60009765625
2017-03-02,8899.75,20559.8125,10741.599609375,22417.30078125,9705.5,10541.099609375,3166.300048828125,196.1999969482422,11172.2998046875,2953.0,3247.0,10616.5,11437.650390625,2958.550048828125,3389.300048828125
2017-03-03,8897.5498046875,20495.361328125,10806.25,22280.69921875,9680.5,10614.0498046875,3187.10009765625,198.1999969482422,11305.0498046875,2965.550048828125,3223.949951171875,10583.4501953125,11418.4501953125,2980.64990234375,3407.0
2017-03-06,8963.4501953125,20663.41015625,10779.0498046875,22392.30078125,9800.0,10612.849609375,3189.39990234375,199.9499969482422,11539.599609375,3003.14990234375,3272.949951171875,10607.599609375,11474.650390625,2999.64990234375,3429.75
2017-03-07,8946.900390625,20627.259765625,10799.099609375,22393.099609375,9753.5498046875,10560.900390625,3133.449951171875,201.60000610351562,11573.849609375,3006.199951171875,3253.39990234375,10563.5,11464.25,3018.300048828125,3420.10009765625
2017-03-08,8924.2998046875,20676.310546875,10739.4501953125,22365.19921875,9701.25,10584.349609375,3073.39990234375,198.8000030517578,11456.5,2986.949951171875,3261.35009765625,10542.2998046875,11462.75,3037.0,3384.0
2017-03-09,8927.0,20721.109375,10724.75,22392.0,9754.349609375,10499.0498046875,3052.699951171875,198.39999389648438,11397.5498046875,2980.0,3285.050048828125,10602.400390625,11470.849609375,3054.050048828125,3376.14990234375
2017-03-10,8934.5498046875,20727.310546875,10749.849609375,22341.75,9779.25,10468.349609375,3034.64990234375,198.25,11350.9501953125,2987.35009765625,3273.5,10623.650390625,11491.5498046875,3056.300048828125,3365.25
2017-03-14,9087.0,21102.453125,10879.25,22743.75,9910.400390625,10648.0498046875,3032.10009765625,203.39999389648438,11435.650390625,3049.64990234375,3308.10009765625,10860.2001953125,11705.400390625,3085.800048828125,3397.949951171875
2017-03-15,9084.7998046875,21157.654296875,10696.5498046875,22793.150390625,9987.650390625,10671.0498046875,3046.5,203.89999389648438,11469.5,3061.699951171875,3351.35009765625,10875.599609375,11683.7001953125,3102.550048828125,3405.75
2017-03-16,9153.7001953125,21249.654296875,10822.099609375,22905.44921875,10056.5,10731.2001953125,3135.550048828125,206.4499969482422,11524.7998046875,3103.89990234375,3388.199951171875,10968.9501953125,11790.7001953125,3113.800048828125,3451.199951171875
2017-03-17,9160.0498046875,21174.8046875,10900.75,23491.25,10009.400390625,10674.9501953125,3127.5,208.0,11487.150390625,3066.25,3327.0,10978.0498046875,11778.150390625,3082.449951171875,3437.60009765625
2017-03-20,9126.849609375,21110.00390625,10776.75,23500.25,10009.2998046875,10710.599609375,3126.60009765625,207.1999969482422,11411.9501953125,3055.199951171875,3336.64990234375,10924.2001953125,11725.150390625,3093.199951171875,3432.449951171875
2017-03-21,9121.5,21018.755859375,10787.2001953125,23796.650390625,9963.75,10493.75,3119.39990234375,210.5,11359.0498046875,3056.050048828125,3306.0,10898.7001953125,11705.4501953125,3100.39990234375,3440.199951171875
2017-03-22,9030.4501953125,20781.107421875,10783.2998046875,23390.75,9803.9501953125,10510.5498046875,3079.14990234375,211.8000030517578,11321.650390625,3014.050048828125,3241.0,10842.2001953125,11596.75,3076.800048828125,3413.14990234375
2017-03-23,9086.2998046875,20895.2578125,10850.7998046875,23335.30078125,9897.9501953125,10575.2001953125,3113.199951171875,212.25,11456.650390625,3039.10009765625,3252.10009765625,10875.75,11682.5,3099.64990234375,3447.5
2017-03-24,9108.0,21122.3046875,10768.9501953125,23455.099609375,9878.349609375,10556.349609375,3123.0,213.1999969482422,11485.400390625,3045.14990234375,3359.85009765625,10864.849609375,11728.9501953125,3089.300048828125,3439.300048828125
2017-03-27,9045.2001953125,21056.65625,10648.5,23444.05078125,9808.2001953125,10441.900390625,3040.199951171875,213.0500030517578,11307.900390625,3032.25,3404.050048828125,10801.75,11694.349609375,3094.199951171875,3395.050048828125
2017-03-28,9100.7998046875,21225.154296875,10681.0498046875,23467.69921875,9887.7998046875,10497.7001953125,3059.35009765625,212.14999389648438,11298.2001953125,3049.699951171875,3432.550048828125,10852.650390625,11800.5,3146.449951171875,3406.64990234375
2017-03-29,9143.7998046875,21390.90234375,10741.25,23672.5,9845.75,10419.5,3071.050048828125,211.39999389648438,11339.2001953125,3073.050048828125,3487.10009765625,10890.150390625,11874.9501953125,3146.449951171875,3414.60009765625
2017-03-30,9173.75,21620.447265625,10730.75,23671.0,9860.2998046875,10407.2998046875,3061.699951171875,215.3000030517578,11377.650390625,3082.60009765625,3514.35009765625,10943.7001953125,11945.349609375,3158.85009765625,3416.050048828125
2017-03-31,9173.75,21443.900390625,10703.25,23542.30078125,9880.2001953125,10411.150390625,3096.550048828125,214.9499969482422,11648.7001953125,3096.64990234375,3526.60009765625,10974.650390625,11881.25,3174.25,3459.14990234375
2017-04-03,9237.849609375,21547.5,10592.0,23639.599609375,9921.099609375,10503.650390625,3105.699951171875,219.10000610351562,11819.400390625,3147.5,3525.75,11022.5498046875,11900.099609375,3156.300048828125,3473.25
2017-04-05,9265.150390625,21652.447265625,10510.2998046875,23583.69921875,10033.5498046875,10541.150390625,3137.25,225.89999389648438,11979.2998046875,3195.5,3576.050048828125,11190.4501953125,11874.4501953125,3224.449951171875,3505.64990234375
2017-04-06,9261.9501953125,21622.697265625,10538.150390625,23349.0,10035.2998046875,10469.7001953125,3146.14990234375,227.9499969482422,12123.4501953125,3196.60009765625,3537.64990234375,11156.2998046875,11874.2998046875,3245.5,3526.050048828125
2017-04-07,9198.2998046875,21430.900390625,10485.75,23235.55078125,9993.75,10285.7998046875,3111.10009765625,224.60000610351562,12055.0498046875,3190.699951171875,3483.949951171875,11116.150390625,11804.7001953125,3204.89990234375,3516.10009765625
2017-04-10,9181.4501953125,21519.900390625,10338.150390625,23264.75,10030.5,10315.7998046875,3138.449951171875,223.35000610351562,12017.4501953125,3189.550048828125,3505.5,11136.9501953125,11769.349609375,3233.449951171875,3538.449951171875
2017-04-11,9237.0,21735.8984375,10398.849609375,23651.75,10040.0498046875,10355.5498046875,3092.050048828125,226.10000610351562,12012.25,3209.25,3578.25,11071.9501953125,11861.5498046875,3214.300048828125,3525.85009765625
2017-04-12,9203.4501953125,21666.548828125,10323.4501953125,23670.19921875,9987.150390625,10445.2001953125,3071.199951171875,226.39999389648438,11914.0,3190.85009765625,3531.39990234375,11080.2998046875,11806.099609375,3173.550048828125,3509.75
2017-04-13,9150.7998046875,21686.34765625,10064.2001953125,23507.900390625,9907.400390625,10531.9501953125,2985.550048828125,228.0,12018.400390625,3160.050048828125,3545.75,10969.400390625,11732.650390625,3157.89990234375,3491.300048828125
2017-04-17,9139.2998046875,21647.34765625,10000.900390625,23459.900390625,9889.4501953125,10448.5498046875,2953.35009765625,246.3000030517578,12107.849609375,3152.89990234375,3532.14990234375,10900.7998046875,11715.650390625,3158.050048828125,3482.300048828125
2017-04-18,9105.150390625,21671.59765625,9981.5498046875,23382.94921875,9813.7001953125,10355.7998046875,2901.25,237.9499969482422,12031.400390625,3142.35009765625,3531.64990234375,10832.650390625,11706.75,3142.550048828125,3461.25
2017-04-19,9103.5,21556.099609375,9944.7998046875,23387.150390625,9831.349609375,10321.0498046875,2915.800048828125,241.4499969482422,12100.7998046875,3183.25,3473.25,10861.650390625,11709.7998046875,3191.300048828125,3481.699951171875
2017-04-20,9136.400390625,21491.150390625,10039.0498046875,23495.150390625,9909.900390625,10303.9501953125,2919.64990234375,246.5500030517578,12068.5,3187.64990234375,3504.550048828125,10922.7001953125,11748.349609375,3256.199951171875,3493.050048828125
2017-04-21,9119.400390625,21551.19921875,10008.150390625,23229.80078125,9858.7998046875,10208.5,2905.25,252.5,12193.7998046875,3196.949951171875,3473.10009765625,10879.9501953125,11743.099609375,3266.39990234375,3495.75
2017-04-24,9217.9501953125,21857.146484375,10058.349609375,23344.650390625,9978.2001953125,10177.75,2925.699951171875,258.54998779296875,12273.150390625,3237.699951171875,3523.0,10990.099609375,11875.2001953125,3247.39990234375,3542.60009765625
2017-04-25,9306.599609375,22054.443359375,10091.25,23764.849609375,10090.349609375,10241.4501953125,2945.85009765625,262.45001220703125,12406.849609375,3267.449951171875,3548.25,11090.4501953125,11974.9501953125,3263.10009765625,3577.10009765625
2017-04-26,9351.849609375,22242.591796875,9966.75,24304.30078125,10189.7001953125,10197.2001953125,2957.89990234375,254.64999389648438,12278.650390625,3255.199951171875,3566.85009765625,11183.7998046875,12015.349609375,3246.949951171875,3567.550048828125
2017-04-27,9342.150390625,22326.041015625,10012.349609375,24067.0,10173.099609375,10100.0,2929.85009765625,255.64999389648438,12290.099609375,3265.050048828125,3537.699951171875,11165.4501953125,12026.0,3260.60009765625,3558.199951171875
2017-04-28,9304.0498046875,22357.990234375,9943.7001953125,23675.400390625,10255.150390625,10120.900390625,2974.39990234375,251.0500030517578,12263.5498046875,3255.199951171875,3659.300048828125,11239.2998046875,11985.7001953125,3252.199951171875,3570.14990234375
2017-05-02,9313.7998046875,22341.08984375,10006.349609375,23755.099609375,10294.75,10036.349609375,2957.35009765625,255.64999389648438,12242.849609375,3231.199951171875,3654.5,11297.900390625,12049.599609375,3271.89990234375,3570.199951171875
2017-05-03,9311.9501953125,22307.041015625,10131.0498046875,23683.80078125,10273.0,9981.7998046875,2950.85009765625,259.6000061035156,12212.849609375,3223.199951171875,3691.35009765625,11314.25,12062.25,3219.64990234375,3567.35009765625
2017-05-04,9359.900390625,22719.8359375,10106.5,23951.80078125,10211.7998046875,9979.0,2927.550048828125,257.3500061035156,12140.150390625,3241.550048828125,3817.5,11359.0,12168.2998046875,3193.0,3561.199951171875
2017-05-05,9285.2998046875,22604.685546875,10086.349609375,23630.44921875,10107.9501953125,9935.150390625,2856.699951171875,254.9499969482422,11925.400390625,3217.35009765625,3750.5,11288.9501953125,12100.0,3119.0,3510.25
2017-05-08,9314.0498046875,22767.0859375,10209.150390625,23442.19921875,10167.0498046875,10021.0498046875,2854.35009765625,265.6499938964844,11909.5498046875,3227.5,3790.60009765625,11316.900390625,12166.0498046875,3119.949951171875,3521.89990234375
2017-05-09,9316.849609375,22707.037109375,10279.599609375,23527.849609375,10157.7998046875,9997.7001953125,2876.449951171875,266.8500061035156,11980.7001953125,3257.89990234375,3741.89990234375,11385.099609375,12150.900390625,3100.300048828125,3538.199951171875
2017-05-10,9407.2998046875,22830.083984375,10219.5498046875,23954.349609375,10303.900390625,10106.2001953125,2899.10009765625,267.1499938964844,12118.4501953125,3296.39990234375,3711.64990234375,11629.75,12258.0,3170.14990234375,3559.10009765625
2017-05-11,9422.400390625,22818.18359375,10256.099609375,24025.849609375,10410.75,10178.849609375,2915.35009765625,267.8500061035156,12037.0,3282.800048828125,3749.85009765625,11626.349609375,12249.5,3279.10009765625,3555.0
2017-05-12,9400.900390625,22671.435546875,10367.2998046875,23966.94921875,10429.2001953125,10121.400390625,2912.050048828125,269.5,12017.650390625,3272.85009765625,3726.14990234375,11616.650390625,12212.7998046875,3210.10009765625,3549.949951171875
2017-05-15,9445.400390625,22821.234375,10339.75,24119.44921875,10481.2998046875,10252.849609375,2978.5,271.54998779296875,12036.5498046875,3277.35009765625,3751.85009765625,11727.099609375,12253.849609375,3233.0,3587.85009765625
2017-05-16,9512.25,22928.333984375,10461.2998046875,24370.55078125,10597.4501953125,10247.150390625,2964.10009765625,274.1000061035156,12099.5,3293.449951171875,3841.300048828125,11819.599609375,12328.849609375,3223.5,3594.35009765625
2017-05-17,9525.75,22935.68359375,10437.2998046875,24266.75,10669.7001953125,10222.599609375,3030.64990234375,273.6499938964844,12073.150390625,3304.199951171875,3817.85009765625,11801.599609375,12319.9501953125,3220.199951171875,3603.39990234375
2017-05-18,9429.4501953125,22698.3359375,10545.599609375,23864.0,10436.349609375,10160.2998046875,2947.050048828125,264.70001220703125,11884.400390625,3243.75,3737.800048828125,11567.400390625,12257.900390625,3166.60009765625,3524.10009765625
2017-05-19,9427.900390625,22769.53515625,10456.349609375,24352.900390625,10409.7998046875,10156.099609375,2943.199951171875,264.5,11794.7001953125,3248.199951171875,3769.10009765625,11532.9501953125,12236.2998046875,3136.5,3504.85009765625
2017-05-22,9438.25,22652.5859375,10504.849609375,25230.0,10339.9501953125,9959.2001953125,2926.300048828125,260.6000061035156,11700.5498046875,3253.199951171875,3611.85009765625,11485.349609375,12207.849609375,3135.39990234375,3463.25
2017-05-23,9386.150390625,22582.5390625,10510.2001953125,25002.349609375,10380.650390625,9648.2998046875,2913.89990234375,253.4499969482422,11559.25,3204.75,3548.050048828125,11525.0498046875,12150.5,3077.5,3436.35009765625
2017-05-24,9360.5498046875,22536.0390625,10509.2001953125,24986.5,10386.2998046875,9446.9501953125,2848.10009765625,249.4499969482422,11546.349609375,3141.949951171875,3467.449951171875,11477.0498046875,12147.2001953125,3022.60009765625,3401.449951171875
2017-05-25,9509.75,23190.53125,10738.349609375,25056.650390625,10588.099609375,9199.150390625,2899.800048828125,254.6999969482422,11627.5498046875,3207.050048828125,3558.550048828125,11624.599609375,12409.599609375,3034.949951171875,3442.64990234375
2017-05-26,9595.099609375,23361.927734375,10735.400390625,25507.55078125,10711.5498046875,9060.4501953125,2997.75,256.1499938964844,11858.349609375,3250.199951171875,3538.89990234375,11768.4501953125,12501.25,3088.75,3514.449951171875
2017-05-29,9604.900390625,23182.48046875,10568.349609375,25948.05078125,10753.5,8757.7998046875,2988.75,245.10000610351562,11919.900390625,3222.64990234375,3459.449951171875,11864.2001953125,12470.099609375,3066.39990234375,3497.449951171875
2017-05-30,9624.5498046875,23306.978515625,10609.0,25783.400390625,10802.0498046875,8990.2998046875,2998.75,247.60000610351562,11954.0,3211.25,3520.64990234375,11897.25,12511.150390625,3082.0,3520.699951171875
2017-05-31,9621.25,23424.529296875,10549.099609375,25841.80078125,10870.7998046875,9025.25,2952.949951171875,250.39999389648438,11925.650390625,3213.14990234375,3514.39990234375,11921.9501953125,12520.2998046875,3066.050048828125,3513.64990234375
2017-06-01,9616.099609375,23309.87890625,10574.7001953125,26165.75,10891.5498046875,9104.9501953125,2926.949951171875,250.6999969482422,11796.7001953125,3240.0,3518.75,11937.349609375,12501.5498046875,3085.85009765625,3484.89990234375
2017-06-02,9653.5,23375.62890625,10608.9501953125,26401.69921875,10942.2001953125,9254.7001953125,2923.35009765625,254.0,11757.5498046875,3253.949951171875,3527.300048828125,11906.650390625,12551.0498046875,3109.0,3484.5
2017-06-05,9675.099609375,23459.376953125,10660.099609375,26430.650390625,10967.9501953125,9229.75,2905.949951171875,255.9499969482422,11806.400390625,3271.64990234375,3530.85009765625,11971.5,12584.7998046875,3116.39990234375,3490.550048828125
2017-06-06,9637.150390625,23416.029296875,10907.25,26058.900390625,10849.2001953125,9174.599609375,2896.39990234375,252.4499969482422,11677.2001953125,3228.0,3505.199951171875,11892.75,12615.9501953125,3079.0,3454.699951171875
2017-06-07,9663.900390625,23567.376953125,10701.25,26230.19921875,10932.400390625,9300.5498046875,2924.85009765625,252.75,11788.900390625,3241.300048828125,3548.64990234375,12010.599609375,12595.25,3090.550048828125,3472.449951171875
2017-06-08,9647.25,23535.826171875,10550.0,26183.349609375,10939.650390625,9486.650390625,2950.699951171875,252.25,11701.150390625,3228.75,3518.14990234375,12031.75,12575.2998046875,3097.050048828125,3466.800048828125
2017-06-09,9668.25,23690.625,10442.650390625,25941.44921875,11047.4501953125,9507.349609375,2997.699951171875,259.6499938964844,11688.349609375,3236.5,3518.800048828125,12186.5,12607.7001953125,3095.550048828125,3482.60009765625
2017-06-12,9616.400390625,23470.17578125,10470.75,25864.849609375,10963.849609375,9583.849609375,2986.949951171875,259.04998779296875,11633.75,3205.85009765625,3449.949951171875,12121.599609375,12559.099609375,3079.199951171875,3468.10009765625
2017-06-13,9606.900390625,23477.576171875,10339.0,25942.25,10910.2001953125,9592.150390625,2963.85009765625,260.95001220703125,11629.4501953125,3218.35009765625,3446.39990234375,12093.75,12557.599609375,3077.64990234375,3458.75
2017-06-14,9618.150390625,23498.42578125,10366.099609375,25744.599609375,10905.25,9576.0,2943.699951171875,264.5,11797.349609375,3233.85009765625,3478.199951171875,12113.849609375,12549.650390625,3094.14990234375,3462.64990234375
2017-06-15,9578.0498046875,23391.478515625,10278.0498046875,25753.349609375,10839.400390625,9695.849609375,2932.449951171875,270.20001220703125,11779.0,3209.39990234375,3456.39990234375,12070.5,12480.2001953125,3081.64990234375,3441.550048828125
2017-06-16,9588.0498046875,23502.4765625,10189.5,25914.30078125,10869.2001953125,9525.5,2931.050048828125,270.95001220703125,11823.25,3208.050048828125,3463.39990234375,12045.75,12492.400390625,3094.949951171875,3455.199951171875
2017-06-19,9657.5498046875,23741.875,10197.900390625,26126.150390625,10893.2998046875,9489.2001953125,2982.39990234375,270.1000061035156,11913.2001953125,3239.64990234375,3486.75,12110.0498046875,12579.349609375,3111.89990234375,3480.64990234375
2017-06-20,9653.5,23697.673828125,10289.9501953125,26055.55078125,10900.7001953125,9481.900390625,2988.699951171875,270.6000061035156,11933.099609375,3240.35009765625,3484.25,12063.5498046875,12571.9501953125,3084.64990234375,3488.800048828125
2017-06-21,9633.599609375,23708.474609375,10223.400390625,26256.75,10835.5,9456.7998046875,2953.550048828125,272.1000061035156,11897.849609375,3237.5,3495.5,12161.349609375,12544.650390625,3086.449951171875,3465.64990234375
2017-06-22,9630.0,23735.82421875,10199.5498046875,26187.69921875,10820.75,9471.599609375,2912.64990234375,267.79998779296875,11811.4501953125,3219.699951171875,3514.5,12085.25,12555.7998046875,3082.85009765625,3431.5
2017-06-23,9574.9501953125,23542.4765625,10170.599609375,26163.849609375,10637.4501953125,9478.150390625,2892.39990234375,263.45001220703125,11768.75,3198.949951171875,3444.25,12023.4501953125,12480.9501953125,3038.39990234375,3397.25
2017-06-27,9511.400390625,23215.98046875,10068.849609375,26188.30078125,10576.2001953125,9467.900390625,2885.0,260.04998779296875,11778.2998046875,3184.35009765625,3328.0,11957.900390625,12354.0498046875,2956.550048828125,3378.050048828125
2017-06-28,9491.25,23235.580078125,10133.5498046875,25981.900390625,10582.650390625,9482.349609375,2931.75,262.1000061035156,11644.2001953125,3200.550048828125,3306.800048828125,12027.9501953125,12356.099609375,2933.949951171875,3390.75
2017-06-29,9504.099609375,23227.03125,10124.400390625,26143.650390625,10568.150390625,9428.2001953125,2991.199951171875,264.54998779296875,11630.7998046875,3208.699951171875,3279.89990234375,12073.650390625,12367.099609375,2959.449951171875,3409.949951171875
2017-06-30,9520.900390625,23210.9296875,10155.0498046875,26752.05078125,10540.25,9606.400390625,2991.35009765625,263.45001220703125,11600.400390625,3201.35009765625,3302.39990234375,12090.5498046875,12360.25,2982.050048828125,3413.949951171875
2017-07-03,9615.0,23272.53125,10189.849609375,27787.19921875,10680.9501953125,9616.2998046875,3046.300048828125,267.1000061035156,11643.0,3222.85009765625,3319.89990234375,12271.2001953125,12413.650390625,2997.550048828125,3452.35009765625
2017-07-04,9613.2998046875,23213.9296875,10213.400390625,27547.5,10629.5498046875,9517.9501953125,3050.14990234375,265.75,11798.599609375,3214.75,3288.449951171875,12282.75,12420.5,2989.75,3464.39990234375
2017-07-05,9637.599609375,23352.328125,10160.650390625,27349.400390625,10704.7998046875,9589.150390625,3082.85009765625,269.8500061035156,11920.5498046875,3226.39990234375,3313.39990234375,12378.400390625,12431.25,3024.25,3504.300048828125
2017-07-06,9674.5498046875,23466.376953125,10148.900390625,27581.69921875,10746.5498046875,9598.4501953125,3094.25,274.6000061035156,11884.75,3236.050048828125,3391.35009765625,12418.400390625,12480.650390625,3022.050048828125,3502.800048828125
2017-07-07,9665.7998046875,23448.876953125,10087.7998046875,27465.849609375,10729.0,9723.849609375,3087.75,279.45001220703125,12055.75,3240.550048828125,3380.699951171875,12372.150390625,12435.5,3037.60009765625,3508.199951171875
2017-07-10,9771.0498046875,23674.775390625,10360.099609375,27474.5,10795.2001953125,9884.4501953125,3129.89990234375,281.5,12130.7998046875,3297.949951171875,3474.89990234375,12421.900390625,12611.0498046875,3038.25,3541.050048828125
2017-07-11,9786.0498046875,23584.326171875,10430.0,27361.599609375,10876.150390625,9801.650390625,3114.85009765625,277.20001220703125,12159.650390625,3287.60009765625,3431.0,12422.150390625,12613.25,3025.300048828125,3540.800048828125
2017-07-12,9816.099609375,23695.173828125,10401.5,27425.849609375,10904.349609375,9817.7998046875,3126.550048828125,277.6499938964844,12318.0,3305.449951171875,3477.10009765625,12551.2998046875,12645.9501953125,3044.85009765625,3577.14990234375
2017-07-13,9891.7001953125,23888.373046875,10440.5498046875,27918.650390625,10936.650390625,9875.25,3153.25,278.29998779296875,12348.7001953125,3328.85009765625,3486.449951171875,12632.0498046875,12748.2998046875,3078.699951171875,3587.35009765625
2017-07-14,9886.349609375,23937.421875,10330.650390625,27864.44921875,10892.25,9958.25,3140.050048828125,276.29998779296875,12443.7998046875,3338.800048828125,3519.89990234375,12623.4501953125,12738.4501953125,3065.050048828125,3595.25
2017-07-17,9915.9501953125,24014.771484375,10445.849609375,27391.650390625,10936.4501953125,9994.75,3170.14990234375,280.3999938964844,12530.0,3348.89990234375,3530.949951171875,12727.900390625,12809.5498046875,3085.199951171875,3617.75
2017-07-18,9827.150390625,24021.771484375,10493.2001953125,25547.599609375,10954.400390625,10024.2998046875,3164.75,277.54998779296875,12373.2001953125,3346.85009765625,3519.25,12719.9501953125,12808.75,3086.25,3602.75
2017-07-19,9899.599609375,24152.369140625,10583.7998046875,25915.75,11012.150390625,10234.599609375,3226.199951171875,281.29998779296875,12488.9501953125,3379.699951171875,3549.39990234375,12785.2998046875,12892.5498046875,3143.5,3628.550048828125
2017-07-20,9873.2998046875,24213.068359375,10491.150390625,25762.94921875,10960.7001953125,10140.75,3196.39990234375,282.04998779296875,12445.7998046875,3374.64990234375,3508.35009765625,12698.2998046875,12888.2001953125,3125.199951171875,3599.800048828125
2017-07-21,9915.25,24256.76953125,10711.5498046875,25795.599609375,10955.400390625,10052.400390625,3203.14990234375,279.8999938964844,12641.400390625,3355.550048828125,3511.35009765625,12753.0498046875,12928.2001953125,3158.199951171875,3618.949951171875
2017-07-24,9966.400390625,24420.56640625,10823.5498046875,26033.44921875,10968.7998046875,9980.5,3187.5,280.0,12745.5498046875,3369.39990234375,3563.949951171875,12750.349609375,13004.2998046875,3145.25,3618.0
2017-07-25,9964.5498046875,24520.4140625,10810.349609375,25925.0,10932.5,9930.5498046875,3227.550048828125,281.04998779296875,12691.25,3380.60009765625,3590.0,12750.849609375,13055.25,3109.25,3626.75
2017-07-26,10020.650390625,24670.412109375,10782.9501953125,26099.5,11003.5498046875,10036.7998046875,3283.25,282.54998779296875,12792.0498046875,3391.199951171875,3573.0,12846.099609375,13093.9501953125,3089.35009765625,3647.85009765625
2017-07-27,10020.5498046875,24922.111328125,10612.2998046875,25970.44921875,10919.0,9880.25,3250.35009765625,281.8999938964844,12664.2998046875,3376.14990234375,3568.0,12843.0498046875,13178.9501953125,3099.699951171875,3620.10009765625
2017-07-28,10014.5,24811.01171875,10699.4501953125,26033.94921875,10934.849609375,9672.599609375,3207.14990234375,281.20001220703125,12671.349609375,3358.550048828125,3592.449951171875,12823.349609375,13235.75,3106.5,3609.800048828125
2017-07-31,10077.099609375,25103.359375,10755.75,25744.349609375,11002.650390625,9476.400390625,3259.949951171875,282.95001220703125,12829.150390625,3401.35009765625,3722.550048828125,12924.599609375,13349.150390625,3100.35009765625,3653.050048828125
2017-08-01,10114.650390625,25122.5078125,10801.849609375,25781.5,11170.900390625,9517.2998046875,3290.75,282.95001220703125,12819.9501953125,3407.85009765625,3672.35009765625,13026.9501953125,13370.7001953125,3112.300048828125,3670.949951171875
2017-08-02,10081.5,25054.908203125,10727.349609375,25531.099609375,11134.25,9453.9501953125,3284.10009765625,282.3500061035156,12922.650390625,3401.050048828125,3658.85009765625,12968.0,13312.849609375,3103.25,3683.39990234375
2017-08-03,10013.650390625,24674.763671875,10682.5,25483.55078125,11058.7998046875,9336.900390625,3221.5,279.95001220703125,13080.9501953125,3402.449951171875,3552.949951171875,12945.599609375,13180.7998046875,3088.800048828125,3685.75
2017-08-04,10066.400390625,24827.16015625,10757.9501953125,25551.099609375,11137.5498046875,9256.849609375,3302.0,280.6000061035156,13203.650390625,3408.35009765625,3601.949951171875,13068.349609375,13245.349609375,3091.60009765625,3761.10009765625
2017-08-07,10057.400390625,24906.060546875,10678.7998046875,25608.55078125,11158.849609375,9229.0498046875,3341.050048828125,284.95001220703125,13267.4501953125,3413.449951171875,3657.10009765625,13116.5498046875,13241.900390625,3076.449951171875,3790.89990234375
2017-08-08,9978.5498046875,24599.21484375,10623.7001953125,25306.05078125,11117.7998046875,9125.849609375,3390.199951171875,272.3999938964844,13042.4501953125,3372.550048828125,3569.60009765625,13110.900390625,13129.099609375,3047.5,3758.75
2017-08-09,9908.0498046875,24374.31640625,10613.5498046875,25102.80078125,10925.650390625,8766.25,3383.39990234375,271.04998779296875,13009.5498046875,3336.0,3555.64990234375,13016.0498046875,13054.400390625,3014.14990234375,3739.75
2017-08-10,9820.25,24217.068359375,10662.349609375,24969.25,10606.5,8513.2001953125,3328.64990234375,257.29998779296875,12804.9501953125,3290.14990234375,3461.35009765625,12847.4501953125,12965.849609375,2910.25,3678.550048828125
2017-08-11,9710.7998046875,23985.470703125,10647.0498046875,24762.55078125,10457.75,8521.349609375,3216.60009765625,254.89999389648438,12659.099609375,3257.199951171875,3293.35009765625,12571.5498046875,12888.900390625,2872.800048828125,3621.14990234375
2017-08-14,9794.150390625,24115.46875,10587.2998046875,24908.400390625,10600.150390625,8758.099609375,3326.60009765625,269.6499938964844,12859.5498046875,3308.35009765625,3286.449951171875,12737.0498046875,12949.75,2950.25,3702.550048828125
2017-08-16,9897.2998046875,24437.416015625,10659.7001953125,25534.80078125,10778.75,8859.400390625,3383.949951171875,271.95001220703125,12831.2001953125,3312.050048828125,3355.449951171875,12983.5,13078.349609375,2961.199951171875,3728.64990234375
2017-08-17,9904.150390625,24236.96875,10797.7998046875,25511.349609375,10694.650390625,8797.099609375,3409.14990234375,273.5,12892.400390625,3322.39990234375,3336.89990234375,12938.599609375,13117.650390625,2990.85009765625,3747.85009765625
2017-08-18,9837.400390625,24074.169921875,10570.0,25718.69921875,10676.349609375,8639.400390625,3384.64990234375,271.29998779296875,12959.650390625,3326.85009765625,3305.75,12969.400390625,12940.5,2948.449951171875,3748.300048828125
2017-08-21,9754.349609375,23936.22265625,10440.0498046875,25598.75,10572.75,8490.2001953125,3337.60009765625,268.54998779296875,12796.2998046875,3287.699951171875,3245.699951171875,12834.2001953125,12826.150390625,2917.60009765625,3693.14990234375
2017-08-22,9765.5498046875,23974.169921875,10446.25,25604.75,10482.900390625,8566.650390625,3340.199951171875,266.1499938964844,12843.4501953125,3270.60009765625,3232.550048828125,12825.5,12835.2001953125,2927.949951171875,3701.10009765625
2017-08-23,9852.5,24316.517578125,10478.25,25595.94921875,10552.7998046875,8615.849609375,3397.60009765625,275.29998779296875,12975.849609375,3297.949951171875,3300.25,12885.9501953125,13001.400390625,2938.0,3740.949951171875
2017-08-24,9857.0498046875,24273.91796875,10503.900390625,25555.0,10571.4501953125,8902.0498046875,3414.050048828125,273.6499938964844,12933.900390625,3306.25,3323.050048828125,12888.849609375,12996.150390625,2929.800048828125,3747.89990234375
2017-08-28,9912.7998046875,24376.81640625,10592.2998046875,25761.900390625,10592.349609375,8975.0498046875,3426.449951171875,274.5,12963.2998046875,3334.050048828125,3319.85009765625,12972.9501953125,13087.25,2955.10009765625,3779.0
2017-08-29,9796.0498046875,24128.66796875,10506.0,25529.5,10503.5,8865.0498046875,3388.550048828125,272.04998779296875,12749.0498046875,3288.35009765625,3279.949951171875,12884.900390625,12924.150390625,2942.300048828125,3734.199951171875
2017-08-30,9884.400390625,24308.416015625,10493.25,25757.849609375,10572.349609375,8908.0498046875,3478.199951171875,276.6499938964844,12993.2998046875,3315.699951171875,3281.64990234375,13048.7998046875,13016.7001953125,2965.39990234375,3810.75
2017-08-31,9917.900390625,24318.1171875,10558.25,25834.900390625,10612.5498046875,8859.650390625,3474.85009765625,280.3999938964844,13150.0498046875,3323.800048828125,3291.14990234375,13139.7001953125,13052.9501953125,2966.35009765625,3817.300048828125
2017-09-01,9974.400390625,24433.716796875,10514.400390625,25906.75,10823.599609375,9071.7001953125,3542.5,287.6499938964844,13218.75,3327.800048828125,3296.300048828125,13268.349609375,13059.349609375,3027.199951171875,3853.0
2017-09-04,9912.849609375,,,25761.400390625,10738.400390625,9070.349609375,3547.60009765625,282.8999938964844,13163.849609375,3295.199951171875,3282.699951171875,13226.75,12964.599609375,3045.39990234375,3833.0
2017-09-05,9952.2001953125,24328.017578125,10498.0,25818.900390625,10771.2001953125,9037.599609375,3578.14990234375,286.8999938964844,13275.099609375,3288.449951171875,3283.10009765625,13257.4501953125,13009.5498046875,3054.800048828125,3872.800048828125
2017-09-06,9916.2001953125,24278.869140625,10421.650390625,25473.099609375,10746.099609375,8897.2998046875,3604.89990234375,287.1000061035156,13292.2998046875,3272.0,3250.85009765625,13248.099609375,12987.2001953125,3059.85009765625,3882.949951171875
2017-09-07,9929.900390625,24304.6171875,10460.9501953125,25309.25,10837.7998046875,8948.7998046875,3646.39990234375,289.3999938964844,13239.849609375,3278.35009765625,3253.5,13364.7998046875,13029.25,3059.10009765625,3890.10009765625
2017-09-08,9934.7998046875,24370.517578125,10456.650390625,25408.849609375,10779.0,8840.2998046875,3652.949951171875,285.1499938964844,13152.7001953125,3307.199951171875,3220.10009765625,13428.0,13016.650390625,3039.75,3879.75
2017-09-11,10006.0498046875,24671.962890625,10459.5,25550.44921875,10839.75,8804.4501953125,3675.0,287.04998779296875,13238.9501953125,3367.85009765625,3218.89990234375,13556.9501953125,13111.849609375,3053.10009765625,3903.550048828125
2017-09-12,10093.0498046875,24784.412109375,10501.099609375,25913.19921875,10965.900390625,8996.099609375,3711.050048828125,292.8999938964844,13381.900390625,3394.39990234375,3260.85009765625,13677.400390625,13181.900390625,3088.449951171875,3948.35009765625
2017-09-13,10079.2998046875,24831.51171875,10505.2998046875,25632.349609375,10916.0,9140.599609375,3671.14990234375,289.20001220703125,13414.599609375,3382.5,3272.25,13635.7998046875,13171.7998046875,3083.050048828125,3905.449951171875
2017-09-14,10086.599609375,24911.9609375,10496.0498046875,25628.25,10949.0,9380.849609375,3650.39990234375,287.70001220703125,13364.599609375,3386.10009765625,3294.699951171875,13576.5498046875,13187.25,3089.699951171875,3897.75
2017-09-15,10085.400390625,24844.01171875,10599.75,25505.94921875,10971.4501953125,9338.0,3663.300048828125,286.75,13347.0,3368.89990234375,3278.25,13581.5498046875,13185.849609375,3099.550048828125,3902.60009765625
2017-09-18,10153.099609375,25046.609375,10649.5,25578.349609375,11104.849609375,9339.5498046875,3689.75,288.75,13377.2998046875,3411.85009765625,3270.85009765625,13748.9501953125,13268.099609375,3155.550048828125,3911.25
2017-09-19,10147.5498046875,25041.259765625,10654.849609375,25648.400390625,11170.75,9293.9501953125,3663.199951171875,291.29998779296875,13413.7001953125,3409.699951171875,3245.050048828125,13719.849609375,13263.5498046875,3162.35009765625,3914.199951171875
2017-09-20,10141.150390625,24964.759765625,10651.349609375,25698.55078125,11103.4501953125,9319.849609375,3660.550048828125,289.75,13410.2998046875,3409.800048828125,3277.449951171875,13655.7001953125,13250.75,3158.550048828125,3899.5
2017-09-21,10121.900390625,24798.9609375,10653.849609375,25489.69921875,11051.900390625,9629.75,3638.800048828125,285.3500061035156,13333.7998046875,3393.85009765625,3243.5,13588.099609375,13221.150390625,3100.64990234375,3877.14990234375
2017-09-22,9964.400390625,24368.56640625,10632.099609375,25220.349609375,10927.0498046875,9465.4501953125,3491.800048828125,272.95001220703125,13046.7001953125,3312.0,3152.800048828125,13329.099609375,13033.2001953125,3027.949951171875,3768.89990234375
2017-09-25,9872.599609375,24164.76953125,10569.150390625,24980.69921875,10808.4501953125,9297.0498046875,3450.10009765625,264.3999938964844,13035.0,3275.300048828125,3125.949951171875,13234.5498046875,12917.9501953125,3014.800048828125,3728.89990234375
2017-09-26,9871.5,24198.869140625,10548.5,24872.099609375,10816.0,9297.900390625,3533.050048828125,271.5,13023.900390625,3268.550048828125,3122.39990234375,13229.599609375,12921.900390625,3004.699951171875,3758.050048828125
2017-09-27,9735.75,23812.671875,10544.2001953125,24556.099609375,10646.0498046875,9036.4501953125,3477.199951171875,263.54998779296875,12809.0498046875,3207.25,3026.800048828125,13024.0,12768.0,2968.85009765625,3706.14990234375
2017-09-28,9768.9501953125,24007.87109375,10521.900390625,24724.650390625,10683.650390625,9111.5498046875,3501.550048828125,266.45001220703125,12721.9501953125,3210.800048828125,3042.199951171875,13091.4501953125,12838.099609375,2962.300048828125,3717.64990234375
2017-09-29,9788.599609375,24052.720703125,10475.349609375,24480.80078125,10811.25,9172.599609375,3550.300048828125,273.5,12772.650390625,3245.64990234375,3042.10009765625,13125.5498046875,12869.25,2983.60009765625,3751.199951171875
2017-10-03,9859.5,24103.12109375,10546.099609375,24747.55078125,10903.75,9214.9501953125,3593.60009765625,274.25,12945.25,3237.550048828125,3023.35009765625,13147.75,12932.2998046875,2989.14990234375,3790.75
2017-10-04,9914.900390625,24113.021484375,10539.849609375,25105.44921875,10942.7001953125,9372.2998046875,3588.10009765625,275.54998779296875,13160.849609375,3244.300048828125,3040.449951171875,13169.75,12937.849609375,2994.64990234375,3806.800048828125
2017-10-05,9888.7001953125,24057.771484375,10524.650390625,25010.400390625,10931.7001953125,9394.150390625,3598.39990234375,278.04998779296875,13164.7001953125,3234.699951171875,3039.10009765625,13153.5,12903.7998046875,3012.64990234375,3819.550048828125
2017-10-06,9979.7001953125,24189.71875,10655.349609375,25130.599609375,11007.0,9477.75,3711.5,278.45001220703125,13405.0498046875,3267.800048828125,3101.89990234375,13307.75,12997.0,3019.85009765625,3900.050048828125
2017-10-09,9988.75,24251.619140625,10680.2001953125,25286.349609375,11005.7998046875,9505.7001953125,3717.85009765625,284.95001220703125,13277.849609375,3255.949951171875,3100.699951171875,13309.0,13023.7001953125,3051.89990234375,3885.0
2017-10-10,10016.9501953125,24347.166015625,10726.2001953125,25204.849609375,11029.849609375,9530.2998046875,3721.550048828125,282.5,13380.2001953125,3278.35009765625,3104.199951171875,13279.099609375,13075.25,3063.25,3896.14990234375
2017-10-11,9984.7998046875,24107.169921875,10785.25,25187.5,10960.2998046875,9441.150390625,3668.449951171875,277.04998779296875,13389.9501953125,3277.550048828125,3029.64990234375,13204.150390625,13028.900390625,3004.550048828125,3878.949951171875
2017-10-12,10096.400390625,24360.966796875,10881.2998046875,25473.599609375,11072.25,9577.099609375,3741.449951171875,281.70001220703125,13653.25,3313.14990234375,3028.25,13401.349609375,13138.7998046875,3023.39990234375,3922.0
2017-10-13,10167.4501953125,24688.86328125,10924.2001953125,25434.849609375,11078.2998046875,9545.599609375,3784.550048828125,282.54998779296875,13678.2001953125,3352.5,3045.449951171875,13425.849609375,13272.75,3009.800048828125,3941.050048828125
2017-10-16,10230.849609375,24702.763671875,10961.599609375,25607.599609375,11216.849609375,9692.5498046875,3855.449951171875,285.70001220703125,13711.0,3388.89990234375,3039.10009765625,13576.0,13303.75,3023.14990234375,3980.25
2017-10-17,10234.4501953125,24645.3125,10942.7001953125,25620.94921875,11221.900390625,9740.5498046875,3868.14990234375,288.25,13728.0,3413.75,3037.800048828125,13589.5,13291.9501953125,2970.10009765625,3997.25
2017-10-18,10210.849609375,24313.466796875,10910.150390625,25684.05078125,11167.849609375,9622.599609375,3853.699951171875,287.95001220703125,14093.849609375,3412.5,2962.300048828125,13519.5,13203.5,2953.800048828125,4008.699951171875
2017-10-19,10146.5498046875,24009.470703125,10890.7998046875,25580.0,11107.7001953125,9593.5,3819.89990234375,287.25,13979.9501953125,3405.64990234375,2942.699951171875,13422.4501953125,13108.849609375,2943.39990234375,3972.050048828125
2017-10-23,10184.849609375,24088.62109375,10997.849609375,25419.19921875,11109.9501953125,9542.2001953125,3843.199951171875,289.95001220703125,14230.599609375,3444.39990234375,2980.35009765625,13461.400390625,13162.349609375,2950.0,4013.64990234375
2017-10-24,10207.7001953125,24221.869140625,10884.7998046875,25503.0,11080.0,9490.0,3858.300048828125,291.6000061035156,14290.7998046875,3475.199951171875,3093.35009765625,13563.0498046875,13188.900390625,3056.449951171875,4041.14990234375
2017-10-25,10295.349609375,25035.609375,10925.4501953125,25638.19921875,11150.2998046875,9346.75,3872.550048828125,290.3999938964844,14397.599609375,3562.0,4009.800048828125,13609.5498046875,13318.599609375,3076.14990234375,4073.75
2017-10-26,10343.7998046875,25021.908203125,10883.0498046875,25644.19921875,11212.599609375,9428.349609375,3951.949951171875,291.6499938964844,14579.150390625,3579.699951171875,3988.449951171875,13743.4501953125,13321.400390625,3101.64990234375,4136.2001953125
2017-10-27,10323.0498046875,24839.26171875,10862.0498046875,25814.69921875,11317.900390625,9650.099609375,3945.300048828125,290.1499938964844,14387.0,3546.75,3820.699951171875,13796.4501953125,13302.349609375,3147.800048828125,4109.14990234375
2017-10-30,10363.650390625,24988.259765625,10854.2998046875,25637.599609375,11426.5,9754.849609375,3944.050048828125,295.95001220703125,14531.849609375,3581.60009765625,3867.199951171875,13830.349609375,13356.7998046875,3159.5,4134.7001953125
2017-10-31,10335.2998046875,25019.05859375,10837.900390625,25687.69921875,11370.0,9756.0,3876.550048828125,304.5,14511.2001953125,3581.85009765625,3784.25,13762.4501953125,13337.0498046875,3151.25,4099.2998046875
2017-11-01,10440.5,25490.15234375,10817.2998046875,26083.75,11363.5,9711.5498046875,3946.39990234375,312.3999938964844,14585.2998046875,3611.699951171875,3921.949951171875,13883.2998046875,13536.5,3135.39990234375,4127.5
2017-11-02,10423.7998046875,25427.005859375,10845.849609375,25823.900390625,11282.849609375,10004.5,3941.0,312.5,14549.599609375,3617.550048828125,3862.35009765625,13816.150390625,13556.349609375,3119.39990234375,4111.5498046875
2017-11-03,10452.5,25650.400390625,10839.0498046875,25790.5,11313.650390625,9897.2001953125,3938.39990234375,314.6499938964844,14515.099609375,3630.949951171875,3975.39990234375,13800.2001953125,13619.099609375,3194.0,4111.75
2017-11-06,10451.7998046875,25570.853515625,10929.900390625,25821.900390625,11463.2001953125,9894.099609375,3951.75,316.04998779296875,14412.7998046875,3609.60009765625,4011.800048828125,13848.650390625,13611.400390625,3197.39990234375,4103.7998046875
2017-11-07,10350.150390625,25300.505859375,11172.099609375,25760.94921875,11331.75,9469.75,3885.550048828125,308.95001220703125,14132.0498046875,3546.050048828125,3854.35009765625,13718.849609375,13540.900390625,3167.25,4042.550048828125
2017-11-08,10303.150390625,25184.056640625,11245.900390625,25741.349609375,11254.099609375,9494.9501953125,3832.0,306.54998779296875,13932.0,3530.199951171875,3777.35009765625,13606.0,13482.4501953125,3171.699951171875,3996.89990234375
2017-11-09,10308.9501953125,25291.0546875,11248.4501953125,25726.150390625,11242.5,9435.849609375,3849.75,306.25,14010.7001953125,3543.60009765625,3835.75,13680.5498046875,13499.5,3168.5,4005.949951171875
2017-11-10,10321.75,25498.65234375,11222.5498046875,25920.55078125,11185.5,9311.5,3865.699951171875,306.29998779296875,13862.849609375,3584.449951171875,4001.449951171875,13733.5,13538.7001953125,3186.35009765625,3996.14990234375
2017-11-13,10224.9501953125,25358.005859375,11236.2001953125,25664.400390625,11134.0498046875,9238.849609375,3792.5,302.04998779296875,13737.099609375,3530.5,3975.10009765625,13601.4501953125,13442.099609375,3169.64990234375,3948.300048828125
2017-11-14,10186.599609375,25284.306640625,11168.75,25579.5,11156.7001953125,9208.4501953125,3772.75,303.5,13737.599609375,3488.89990234375,3949.199951171875,13560.900390625,13392.900390625,3159.449951171875,3929.14990234375
2017-11-15,10118.0498046875,25218.607421875,11122.900390625,25273.75,11103.599609375,9025.2001953125,3660.949951171875,298.04998779296875,13676.0,3445.300048828125,3904.550048828125,13409.099609375,13323.0498046875,3125.25,3880.39990234375
2017-11-16,10214.75,25446.3046875,11317.25,25544.30078125,11156.400390625,9082.650390625,3697.85009765625,302.0,13877.2001953125,3475.35009765625,4030.449951171875,13509.099609375,13471.849609375,3136.199951171875,3914.14990234375
2017-11-17,10283.599609375,25728.1015625,11150.0,25749.0,11252.099609375,9161.7998046875,3767.85009765625,313.04998779296875,13962.2001953125,3493.550048828125,4068.85009765625,13654.5498046875,13571.5498046875,3136.64990234375,3951.89990234375
2017-11-20,10298.75,25768.30078125,11100.099609375,25855.349609375,11284.9501953125,9143.349609375,3817.25,319.70001220703125,14098.849609375,3521.199951171875,4031.300048828125,13711.7001953125,13573.7998046875,3129.300048828125,3967.25
2017-11-21,10326.900390625,25757.201171875,11119.4501953125,25703.0,11325.900390625,9346.5498046875,3822.39990234375,316.04998779296875,14231.150390625,3530.5,3994.5,13704.650390625,13589.9501953125,3156.5,3987.050048828125
2017-11-22,10342.2998046875,25766.3515625,11117.5,25796.650390625,11354.5498046875,9278.0,3797.25,316.8999938964844,14222.5498046875,3526.949951171875,4044.85009765625,13714.25,13615.2998046875,3238.75,3979.699951171875
2017-11-23,10348.75,25735.951171875,,25785.650390625,11326.75,9293.2001953125,3787.39990234375,317.1000061035156,14340.75,3513.699951171875,4030.199951171875,13684.7998046875,13615.7001953125,3247.25,3982.800048828125
2017-11-24,10389.7001953125,25779.3515625,11306.400390625,25971.19921875,11371.9501953125,9364.2998046875,3765.89990234375,317.79998779296875,14412.9501953125,3525.10009765625,4007.300048828125,13692.2998046875,13670.5498046875,3265.39990234375,3983.60009765625
2017-11-27,10399.5498046875,25891.6484375,11314.25,25906.80078125,11402.7001953125,9368.7001953125,3739.75,320.54998779296875,14454.4501953125,3553.14990234375,4029.300048828125,13714.5498046875,13702.849609375,3337.0,3993.949951171875
2017-11-28,10370.25,25846.099609375,11270.599609375,25936.44921875,11406.400390625,9318.5,3735.85009765625,319.1499938964844,14319.25,3523.75,3984.85009765625,13789.099609375,13682.099609375,3360.800048828125,3979.699951171875
2017-11-29,10361.2998046875,25795.3984375,11232.9501953125,25972.849609375,11427.9501953125,9351.849609375,3721.89990234375,322.0,14343.4501953125,3534.449951171875,3947.800048828125,13831.7001953125,13645.0498046875,3346.89990234375,3972.050048828125
2017-11-30,10226.5498046875,25332.10546875,11115.349609375,25820.05078125,11292.900390625,9238.75,3678.35009765625,325.6000061035156,14124.650390625,3517.25,3856.64990234375,13741.0,13455.25,3318.800048828125,3928.050048828125
2017-12-01,10121.7998046875,25191.65625,10948.5,25666.80078125,11188.2001953125,9083.849609375,3617.89990234375,319.1499938964844,13941.099609375,3470.800048828125,3766.699951171875,13611.5,13314.349609375,3252.85009765625,3884.949951171875
2017-12-04,10127.75,25074.80859375,11081.650390625,25758.0,11160.099609375,9052.0,3630.75,317.95001220703125,13901.5498046875,3466.949951171875,3780.5,13620.4501953125,13342.2001953125,3261.89990234375,3878.449951171875
2017-12-05,10118.25,25124.556640625,11025.400390625,25695.650390625,11100.5498046875,9043.150390625,3601.14990234375,316.20001220703125,13942.0498046875,3456.550048828125,3832.300048828125,13587.4501953125,13353.0498046875,3291.699951171875,3863.449951171875
2017-12-06,10044.099609375,24851.51171875,11074.900390625,25622.150390625,11020.75,8938.2001953125,3530.75,315.1499938964844,13965.0498046875,3415.449951171875,3751.75,13587.7998046875,13237.900390625,3278.35009765625,3822.89990234375
2017-12-07,10166.7001953125,25056.958984375,11163.5,25848.69921875,11235.650390625,8960.400390625,3594.89990234375,321.04998779296875,14156.7998046875,3507.300048828125,3798.550048828125,13856.900390625,13384.099609375,3323.89990234375,3883.800048828125
2017-12-08,10265.650390625,25320.85546875,11173.400390625,26459.55078125,11357.150390625,9098.4501953125,3643.5,323.3999938964844,14173.9501953125,3524.39990234375,3767.10009765625,14051.599609375,13496.2001953125,3312.699951171875,3935.0
2017-12-11,10322.25,25404.5546875,11324.0,26709.650390625,11424.599609375,9186.099609375,3649.75,322.8500061035156,14135.0,3533.10009765625,3809.14990234375,14132.599609375,13579.099609375,3328.35009765625,3946.5
2017-12-12,10240.150390625,25125.15625,11272.4501953125,26353.75,11331.099609375,9119.099609375,3619.300048828125,317.79998779296875,14057.0498046875,3490.449951171875,3798.89990234375,14066.0,13477.5,3308.89990234375,3910.14990234375
2017-12-13,10192.9501953125,25000.05859375,11251.7001953125,26159.69921875,11264.650390625,9002.7998046875,3563.300048828125,311.0,14085.25,3456.10009765625,3729.35009765625,13971.0,13408.099609375,3310.5,3900.300048828125
2017-12-14,10252.099609375,25167.90625,11275.400390625,26383.30078125,11296.2001953125,9070.849609375,3570.949951171875,312.0,14196.5,3461.5,3742.300048828125,13963.9501953125,13467.400390625,3301.75,3919.5
2017-12-15,10333.25,25440.005859375,11288.2998046875,26430.80078125,11448.400390625,9100.2998046875,3665.89990234375,317.25,14203.75,3479.800048828125,3734.949951171875,14101.4501953125,13582.5,3330.64990234375,3961.949951171875
2017-12-18,10388.75,25594.25390625,11315.2001953125,26453.55078125,11589.0498046875,9230.4501953125,3726.89990234375,315.6499938964844,14221.5498046875,3507.199951171875,3822.699951171875,14281.2001953125,13642.599609375,3349.39990234375,3981.699951171875
2017-12-19,10463.2001953125,25715.900390625,11240.650390625,26694.0,11991.900390625,9299.650390625,3781.300048828125,320.75,14312.75,3543.0,3829.050048828125,14656.25,13672.650390625,3380.050048828125,4025.449951171875
2017-12-20,10444.2001953125,25591.40234375,11304.2001953125,26729.75,11954.099609375,9285.4501953125,3806.39990234375,330.20001220703125,14263.2001953125,3550.89990234375,3784.89990234375,14654.099609375,13641.7998046875,3404.550048828125,4035.39990234375
2017-12-21,10440.2998046875,25554.00390625,11374.2998046875,26667.900390625,11876.849609375,9321.599609375,3839.85009765625,332.70001220703125,14251.400390625,3592.5,3789.699951171875,14598.0498046875,13653.150390625,3422.10009765625,4051.199951171875
2017-12-22,10493.0,25648.251953125,11501.900390625,26710.30078125,11931.2001953125,9326.599609375,3839.300048828125,333.25,14359.150390625,3615.14990234375,3819.60009765625,14629.849609375,13736.2001953125,3445.800048828125,4066.949951171875
2017-12-26,10531.5,25674.951171875,11507.400390625,26725.0,11959.150390625,9416.0,3885.800048828125,337.04998779296875,14442.75,3641.85009765625,3792.449951171875,14685.599609375,13764.2001953125,3465.14990234375,4093.64990234375
2017-12-27,10490.75,25495.75390625,11509.25,26637.0,11905.5,9639.849609375,3879.39990234375,334.8999938964844,14332.25,3617.75,3767.550048828125,14681.650390625,13686.7001953125,3480.550048828125,4073.64990234375
2017-12-28,10477.900390625,25489.703125,11496.400390625,26613.94921875,11857.650390625,9584.2001953125,3959.949951171875,345.1000061035156,14288.5,3604.5,3694.449951171875,14713.900390625,13663.0,3470.550048828125,4094.050048828125
2017-12-29,10530.7001953125,25539.15234375,11665.75,26851.5,12009.7001953125,9620.099609375,3940.14990234375,346.8999938964844,14249.2998046875,3637.5,3700.550048828125,14801.900390625,13739.150390625,3464.300048828125,4087.949951171875
2018-01-01,,,,26686.349609375,11890.5,9618.150390625,3919.199951171875,347.70001220703125,14138.9501953125,3636.64990234375,3678.800048828125,14666.4501953125,13619.650390625,3461.39990234375,4059.699951171875
2018-01-02,10442.2001953125,25337.955078125,11602.349609375,26533.5,11927.150390625,9565.7998046875,3942.85009765625,343.8500061035156,14162.400390625,3622.35009765625,3623.85009765625,14624.0498046875,13629.150390625,3456.800048828125,4074.25
2018-01-03,10443.2001953125,25318.3046875,11586.7001953125,26648.400390625,11866.7998046875,9519.5498046875,4000.199951171875,345.45001220703125,14157.7998046875,3656.0,3622.85009765625,14656.099609375,13616.0,3466.85009765625,4098.35009765625
2018-01-04,10504.7998046875,25462.302734375,11590.7998046875,26689.599609375,11843.25,9633.599609375,4112.0,344.79998779296875,14247.25,3701.699951171875,3720.300048828125,14721.0498046875,13661.9501953125,3479.0,4151.5498046875
2018-01-05,10558.849609375,25601.552734375,11633.5498046875,26914.30078125,11929.599609375,9701.0498046875,4130.39990234375,347.29998779296875,14249.900390625,3736.5,3694.699951171875,14812.150390625,13771.2001953125,3529.550048828125,4163.4501953125
2018-01-08,10623.599609375,25675.80078125,11776.849609375,27120.849609375,11974.5,9838.25,4166.35009765625,350.54998779296875,14326.0,3735.89990234375,3688.64990234375,14875.150390625,13839.599609375,3572.39990234375,4191.89990234375
2018-01-09,10637.0,25703.501953125,11790.849609375,27249.19921875,11942.25,9770.2001953125,4166.60009765625,360.3999938964844,14411.099609375,3716.10009765625,3678.75,14786.150390625,13829.150390625,3528.60009765625,4199.85009765625
2018-01-10,10632.2001953125,25617.00390625,12054.7001953125,27210.599609375,11856.9501953125,9748.599609375,4169.60009765625,364.95001220703125,14395.7001953125,3706.449951171875,3628.0,14768.9501953125,13852.099609375,3515.050048828125,4192.5
2018-01-11,10651.2001953125,25660.6015625,12103.099609375,27307.69921875,11871.75,9772.849609375,4163.7001953125,372.25,14340.9501953125,3706.35009765625,3640.550048828125,14781.400390625,13893.849609375,3531.60009765625,4184.5
2018-01-12,10681.25,25748.751953125,12099.2001953125,27196.650390625,11908.400390625,9741.849609375,4189.5,366.79998779296875,14438.9501953125,3702.949951171875,3639.10009765625,14874.2998046875,13927.9501953125,3592.10009765625,4193.2001953125
2018-01-15,10741.5498046875,26068.896484375,11992.7998046875,27171.400390625,11794.099609375,9659.75,4195.75,366.8999938964844,14410.400390625,3688.050048828125,3645.800048828125,14820.900390625,14092.2998046875,3642.699951171875,4196.25
2018-01-16,10700.4501953125,25974.59765625,12430.9501953125,26874.55078125,11646.25,9623.4501953125,4076.39990234375,354.5,14105.2001953125,3649.10009765625,3543.300048828125,14731.7998046875,14128.900390625,3617.89990234375,4124.64990234375
2018-01-17,10788.5498046875,26288.794921875,12531.400390625,27044.75,11692.599609375,9744.2998046875,4117.64990234375,357.54998779296875,14140.849609375,3693.14990234375,3690.89990234375,14773.349609375,14266.7001953125,3565.199951171875,4145.0498046875
2018-01-18,10817.0,26537.091796875,12570.7001953125,27347.849609375,11662.099609375,9626.4501953125,3998.85009765625,343.54998779296875,13993.75,3637.050048828125,3631.449951171875,14655.150390625,14352.4501953125,3517.5,4069.35009765625
2018-01-19,10894.7001953125,26909.1875,12633.849609375,27517.099609375,11677.5498046875,9637.7998046875,4033.39990234375,347.29998779296875,14128.099609375,3672.5,3710.699951171875,14690.349609375,14491.0,3540.550048828125,4086.800048828125
2018-01-22,10966.2001953125,27040.884765625,12894.9501953125,27607.75,11690.849609375,9654.7998046875,4006.14990234375,353.95001220703125,14409.900390625,3693.300048828125,3685.5,14687.900390625,14567.25,3558.550048828125,4097.0
2018-01-23,11083.7001953125,27390.28125,13048.900390625,27761.44921875,11725.7998046875,9767.2998046875,4169.0,356.29998779296875,14596.75,3705.0,3831.949951171875,14847.900390625,14711.150390625,3549.60009765625,4169.39990234375
2018-01-24,11086.0,27398.232421875,13249.5498046875,27889.05078125,11654.650390625,9826.400390625,4097.35009765625,356.0,14504.75,3666.64990234375,3965.60009765625,14774.900390625,14759.599609375,3537.800048828125,4135.9501953125
2018-01-25,11069.650390625,27445.33203125,13117.849609375,27716.5,11507.75,9729.150390625,4135.14990234375,349.75,14465.650390625,3653.949951171875,3757.699951171875,14697.2001953125,14724.099609375,3507.449951171875,4129.7998046875
2018-01-29,11130.400390625,27498.12890625,13242.5,27557.349609375,11678.400390625,9622.349609375,4140.85009765625,348.54998779296875,14381.0498046875,3648.89990234375,3704.75,14905.75,14819.7001953125,3530.800048828125,4128.7998046875
2018-01-30,11049.650390625,27268.734375,13107.9501953125,27512.099609375,11627.900390625,9563.5498046875,4116.25,344.79998779296875,14368.5498046875,3635.85009765625,3702.60009765625,14845.650390625,14675.400390625,3499.050048828125,4121.75
2018-01-31,11027.7001953125,27379.130859375,12986.400390625,27127.30078125,11611.900390625,9384.75,4065.85009765625,344.70001220703125,14453.9501953125,3619.5,3681.75,14751.75,14672.0498046875,3488.89990234375,4105.5
2018-02-01,11016.900390625,27220.3828125,12964.599609375,27351.900390625,11693.599609375,9158.7001953125,4071.39990234375,341.8999938964844,14263.900390625,3648.050048828125,3597.10009765625,14752.0,14654.0498046875,3469.300048828125,4090.699951171875
2018-02-02,10760.599609375,26450.84375,12983.599609375,27180.099609375,11301.9501953125,9042.75,3948.300048828125,320.79998779296875,13775.2998046875,3528.14990234375,3492.85009765625,14429.400390625,14316.25,3346.85009765625,3960.60009765625
2018-02-05,10666.5498046875,26098.447265625,12936.900390625,27191.69921875,11386.400390625,9069.5,3926.550048828125,319.3500061035156,13766.400390625,3509.14990234375,3512.89990234375,14402.099609375,14134.599609375,3345.85009765625,3930.0
2018-02-06,10498.25,25811.0,12562.349609375,26672.599609375,11181.7001953125,8871.25,3862.0,313.3500061035156,13583.7001953125,3469.800048828125,3438.949951171875,14162.5,13921.2001953125,3291.60009765625,3871.60009765625
2018-02-07,10476.7001953125,25669.701171875,12450.0498046875,26733.55078125,11214.75,8935.7998046875,3879.75,318.6499938964844,13707.25,3454.449951171875,3432.75,14069.150390625,13863.9501953125,3344.550048828125,3893.25
2018-02-08,10576.849609375,25920.349609375,12588.349609375,26786.599609375,11344.2001953125,9262.4501953125,3936.449951171875,326.8500061035156,13727.150390625,3476.449951171875,3523.35009765625,14235.7001953125,14003.400390625,3411.64990234375,3934.449951171875
2018-02-09,10454.9501953125,25463.353515625,12492.7001953125,26664.30078125,11234.75,9222.5498046875,3986.39990234375,328.0,13639.599609375,3446.199951171875,3480.64990234375,14204.5,13790.7998046875,3379.10009765625,3931.050048828125
2018-02-12,10539.75,25701.30078125,12422.650390625,26782.19921875,11364.75,9339.9501953125,4028.949951171875,333.54998779296875,13829.2001953125,3493.10009765625,3473.050048828125,14348.75,13899.7001953125,3417.050048828125,3974.25
2018-02-14,10500.900390625,25340.955078125,12420.0,26645.099609375,11335.650390625,9249.2001953125,4024.75,334.70001220703125,13879.0,3505.60009765625,3307.050048828125,14324.2998046875,13827.650390625,3402.85009765625,3956.300048828125
2018-02-15,10545.5,25424.0546875,12456.5,26733.5,11306.7998046875,9207.5,4052.550048828125,331.29998779296875,13968.099609375,3480.14990234375,3270.550048828125,14406.599609375,13883.25,3363.75,3977.25
2018-02-16,10452.2998046875,25163.607421875,12437.9501953125,26599.05078125,11114.5498046875,9180.900390625,3991.60009765625,327.20001220703125,13801.0498046875,3441.39990234375,3189.050048828125,14270.7998046875,13777.0498046875,3313.550048828125,3940.85009765625
2018-02-19,10378.400390625,25058.259765625,12331.400390625,26411.400390625,10976.650390625,9027.900390625,3923.39990234375,322.54998779296875,13777.75,3391.89990234375,3110.64990234375,14143.650390625,13713.150390625,3280.300048828125,3902.0
2018-02-20,10360.400390625,24874.111328125,12372.0,26356.400390625,10962.900390625,9020.75,3966.5,320.8500061035156,13748.2001953125,3392.75,3136.550048828125,14203.2001953125,13679.5498046875,3302.75,3926.050048828125
2018-02-21,10397.4501953125,24936.41015625,12660.0498046875,26572.0,10942.2001953125,8843.400390625,3912.10009765625,318.6499938964844,13818.5,3386.699951171875,3170.699951171875,14212.400390625,13758.0,3312.85009765625,3909.60009765625
2018-02-22,10382.7001953125,24954.908203125,12730.25,26460.75,10847.9501953125,8861.75,3904.300048828125,319.6499938964844,13667.25,3374.949951171875,3155.0,14101.650390625,13776.849609375,3285.35009765625,3870.60009765625
2018-02-23,10491.0498046875,25302.205078125,12871.150390625,26669.900390625,10927.0,9095.400390625,4028.800048828125,322.54998779296875,13816.7001953125,3422.949951171875,3190.25,14234.099609375,13921.25,3317.25,3948.550048828125
2018-02-26,10582.599609375,25687.6015625,12713.150390625,26645.849609375,11171.650390625,9065.099609375,4071.949951171875,332.6499938964844,13909.7001953125,3477.35009765625,3167.800048828125,14448.7998046875,14031.25,3381.89990234375,3989.0
2018-02-27,10554.2998046875,25383.3046875,12746.7998046875,26728.19921875,11165.25,9023.4501953125,4037.25,327.1499938964844,13992.25,3481.14990234375,3057.300048828125,14379.150390625,13961.75,3345.699951171875,3974.550048828125
2018-02-28,10492.849609375,25107.109375,12809.0,26513.69921875,11157.2001953125,8960.25,3994.35009765625,326.8999938964844,13991.4501953125,3452.35009765625,3078.89990234375,14249.900390625,13865.349609375,3311.60009765625,3950.5
2018-03-01,10458.349609375,24902.26171875,12769.4501953125,26492.349609375,11146.7001953125,8917.75,3960.89990234375,324.75,13961.0,3443.35009765625,3021.449951171875,14219.849609375,13797.5,3263.5,3943.699951171875
2018-03-05,10358.849609375,24818.41015625,12857.650390625,26164.75,10971.599609375,8855.7998046875,3830.800048828125,321.54998779296875,13686.349609375,3408.64990234375,3023.199951171875,14012.400390625,13753.2998046875,3232.300048828125,3863.60009765625
2018-03-06,10249.25,24448.166015625,12706.099609375,25891.80078125,10821.349609375,8749.5498046875,3816.89990234375,314.25,13581.9501953125,3363.699951171875,2936.35009765625,13826.5498046875,13603.849609375,3245.75,3854.0
2018-03-07,10154.2001953125,24133.818359375,12677.150390625,26061.099609375,10788.5498046875,8615.0,3772.949951171875,311.3999938964844,13358.2001953125,3301.949951171875,2831.39990234375,13818.900390625,13446.849609375,3236.25,3802.60009765625
2018-03-08,10242.650390625,24477.365234375,12682.400390625,25953.19921875,10894.75,8586.349609375,3756.0,315.8500061035156,13549.4501953125,3335.85009765625,2910.699951171875,13841.400390625,13585.2001953125,3244.550048828125,3808.85009765625
2018-03-09,10226.849609375,24296.166015625,12747.25,26020.05078125,10888.349609375,8515.7001953125,3688.14990234375,315.70001220703125,13537.150390625,3325.64990234375,2858.14990234375,13813.25,13577.25,3259.5,3781.85009765625
2018-03-12,10421.400390625,24663.912109375,12923.400390625,26703.0,11045.7998046875,8600.7001953125,3766.89990234375,317.3999938964844,13835.4501953125,3392.25,2844.699951171875,14070.9501953125,13804.0498046875,3287.800048828125,3863.050048828125
2018-03-13,10426.849609375,24738.36328125,12734.2001953125,26644.80078125,11064.2998046875,8712.099609375,3786.89990234375,321.95001220703125,13934.2001953125,3403.949951171875,2910.85009765625,14064.0498046875,13801.2998046875,3307.050048828125,3893.60009765625
2018-03-14,10410.900390625,24851.361328125,12786.9501953125,26532.150390625,11060.599609375,8701.5498046875,3765.35009765625,320.29998779296875,13843.25,3395.39990234375,2961.75,14079.900390625,13811.599609375,3356.5,3881.449951171875
2018-03-15,10360.150390625,24791.560546875,12762.2998046875,26381.30078125,11051.75,8670.5498046875,3753.60009765625,319.95001220703125,13667.150390625,3386.199951171875,2940.0,14039.099609375,13777.0,3326.64990234375,3852.10009765625
2018-03-16,10195.150390625,24489.265625,12698.400390625,26052.150390625,10861.400390625,8546.7998046875,3664.5,314.79998779296875,13419.25,3327.0,2932.0,13848.150390625,13598.4501953125,3308.199951171875,3768.60009765625
2018-03-19,10094.25,24244.818359375,12421.2998046875,25935.80078125,10787.0,8512.900390625,3566.800048828125,305.54998779296875,13324.0,3302.35009765625,2854.800048828125,13828.5,13430.2001953125,3269.199951171875,3709.14990234375
2018-03-20,10124.349609375,24167.91796875,12609.099609375,26044.0,10848.599609375,8578.7001953125,3555.449951171875,304.29998779296875,13244.650390625,3330.199951171875,2864.449951171875,13744.5,13495.650390625,3281.35009765625,3692.949951171875
2018-03-21,10155.25,24255.318359375,12608.849609375,26093.0,10833.599609375,8525.4501953125,3539.10009765625,306.70001220703125,13325.2998046875,3361.60009765625,2862.35009765625,13773.5498046875,13564.849609375,3258.35009765625,3699.60009765625
2018-03-22,10114.75,24141.21875,12489.599609375,26036.150390625,10737.150390625,8474.0,3550.39990234375,303.0,13372.9501953125,3334.0,2804.85009765625,13671.849609375,13493.650390625,3216.35009765625,3698.64990234375
2018-03-23,9998.0498046875,23670.125,12541.099609375,25910.05078125,10637.7001953125,8327.400390625,3447.550048828125,292.95001220703125,13239.2001953125,3306.35009765625,2715.89990234375,13510.5498046875,13363.849609375,3225.39990234375,3642.0
2018-03-26,10130.650390625,24244.068359375,12462.400390625,26168.94921875,10801.0,8390.5,3521.35009765625,296.3999938964844,13280.2001953125,3353.60009765625,2850.10009765625,13710.2001953125,13556.7998046875,3333.25,3684.75
2018-03-27,10184.150390625,24433.8671875,12518.2001953125,26300.150390625,10843.75,8452.5,3585.699951171875,297.25,13354.400390625,3366.0,2935.0,13833.0,13629.0498046875,3345.5,3726.199951171875
2018-03-28,10113.7001953125,24263.068359375,12511.5498046875,26127.400390625,10821.349609375,8358.0498046875,3512.550048828125,294.04998779296875,13214.150390625,3328.699951171875,2878.5,13767.7001953125,13536.5,3286.5,3680.64990234375
2018-04-02,10211.7998046875,24328.216796875,12707.099609375,26501.44921875,11058.4501953125,8620.849609375,3539.550048828125,296.3999938964844,13291.25,3380.25,2854.39990234375,14010.349609375,13625.900390625,3332.800048828125,3717.449951171875
2018-04-03,10245.0,24510.314453125,12615.4501953125,26506.44921875,11153.4501953125,8664.7001953125,3559.85009765625,297.8999938964844,13394.75,3409.050048828125,2901.449951171875,14067.9501953125,13684.7998046875,3364.300048828125,3740.14990234375
2018-04-04,10128.400390625,24129.21875,12490.849609375,26448.05078125,11198.0498046875,8569.5,3468.35009765625,294.0,13254.099609375,3352.449951171875,2852.300048828125,13993.650390625,13503.7998046875,3306.949951171875,3664.699951171875
2018-04-05,10325.150390625,24759.513671875,12682.5498046875,26676.44921875,11406.150390625,8655.650390625,3609.25,301.70001220703125,13431.900390625,3404.300048828125,2992.5,14232.25,13790.4501953125,3358.60009765625,3754.699951171875
2018-04-06,10331.599609375,24872.861328125,12603.349609375,26805.900390625,11444.150390625,8772.400390625,3604.050048828125,303.3999938964844,13490.599609375,3392.39990234375,3019.35009765625,14270.7998046875,13799.599609375,3365.14990234375,3760.949951171875
2018-04-09,10379.349609375,25093.509765625,12531.2001953125,27107.69921875,11472.349609375,8738.150390625,3609.550048828125,303.29998779296875,13611.400390625,3401.800048828125,3044.35009765625,14313.099609375,13828.400390625,3328.39990234375,3779.949951171875
2018-04-10,10402.25,25226.5078125,12576.5498046875,27103.44921875,11386.650390625,8719.599609375,3683.35009765625,306.6000061035156,13636.75,3431.75,3064.800048828125,14305.650390625,13851.75,3330.5,3809.14990234375
2018-04-11,10417.150390625,25097.958984375,12759.099609375,27159.400390625,11453.599609375,8761.7998046875,3742.0,305.3999938964844,13581.650390625,3431.39990234375,2993.300048828125,14454.400390625,13849.900390625,3340.199951171875,3794.85009765625
2018-04-12,10458.650390625,25194.806640625,13168.2001953125,27041.44921875,11459.5498046875,8685.0498046875,3690.449951171875,299.54998779296875,13574.7998046875,3426.35009765625,2955.35009765625,14377.5498046875,13990.9501953125,3338.949951171875,3777.699951171875
2018-04-13,10480.599609375,25200.306640625,13260.4501953125,26982.900390625,11465.2998046875,8730.599609375,3725.449951171875,300.8999938964844,13633.7998046875,3426.25,2941.199951171875,14363.5498046875,14032.849609375,3349.800048828125,3789.10009765625
2018-04-16,10528.349609375,25320.5546875,13203.099609375,27267.19921875,11504.9501953125,8867.2001953125,3731.5,305.79998779296875,13638.349609375,3448.60009765625,2918.0,14463.5,14078.900390625,3361.85009765625,3809.89990234375
2018-04-17,10548.7001953125,25334.154296875,13162.2998046875,27536.69921875,11472.349609375,8827.75,3735.550048828125,309.45001220703125,13750.5498046875,3459.800048828125,2899.550048828125,14488.400390625,14101.7001953125,3343.39990234375,3821.300048828125
2018-04-18,10526.2001953125,25102.009765625,13124.0,28016.849609375,11411.7998046875,8790.0,3750.5,311.20001220703125,13696.099609375,3464.0,2867.60009765625,14489.9501953125,14033.7998046875,3391.0,3824.449951171875
2018-04-19,10565.2998046875,25125.857421875,13273.4501953125,28173.19921875,11431.650390625,8829.75,3920.14990234375,313.20001220703125,13643.650390625,3499.14990234375,2870.699951171875,14633.349609375,14062.150390625,3410.10009765625,3872.0
2018-04-20,10564.0498046875,24943.560546875,13910.349609375,28110.94921875,11440.099609375,8819.7998046875,3891.449951171875,310.20001220703125,13476.4501953125,3470.85009765625,2799.10009765625,14639.25,14113.650390625,3377.5,3846.050048828125
2018-04-23,10584.7001953125,24960.359375,14013.9501953125,28022.05078125,11497.2001953125,8949.900390625,3861.550048828125,315.20001220703125,13558.650390625,3467.199951171875,2818.14990234375,14633.650390625,14138.9501953125,3401.449951171875,3843.89990234375
2018-04-24,10614.349609375,25041.80859375,13734.7998046875,28078.69921875,11522.599609375,8984.150390625,3787.60009765625,316.45001220703125,13841.7998046875,3481.60009765625,2789.89990234375,14608.349609375,14135.599609375,3344.300048828125,3832.0
2018-04-25,10570.5498046875,24814.111328125,13892.400390625,28013.099609375,11503.5,8901.150390625,3736.199951171875,318.3500061035156,13784.849609375,3473.550048828125,2743.89990234375,14544.25,14098.349609375,3323.35009765625,3800.699951171875
2018-04-26,10617.7998046875,25010.609375,14026.650390625,28342.349609375,11534.7998046875,8896.599609375,3737.5,316.1499938964844,13824.849609375,3440.699951171875,2711.85009765625,14589.7001953125,14172.4501953125,3322.64990234375,3801.25
2018-04-27,10692.2998046875,25394.3046875,13794.900390625,28433.5,11581.7998046875,8987.400390625,3763.85009765625,317.25,14030.4501953125,3471.25,2814.89990234375,14555.599609375,14248.9501953125,3356.0,3830.39990234375
2018-04-30,10739.349609375,25531.302734375,13986.25,28772.75,11625.75,9060.7001953125,3774.85009765625,322.25,13770.150390625,3503.35009765625,2863.64990234375,14737.400390625,14362.2001953125,3362.60009765625,3828.75
2018-05-02,10718.0498046875,25568.00390625,13754.2998046875,28818.19921875,11508.2001953125,8961.0498046875,3645.25,315.79998779296875,13771.7001953125,3479.89990234375,2792.25,14481.400390625,14347.0,3354.550048828125,3766.64990234375
2018-05-03,10679.650390625,25604.953125,13473.9501953125,28486.30078125,11451.650390625,8966.2998046875,3673.050048828125,310.54998779296875,13709.5,3444.89990234375,2794.449951171875,14377.349609375,14306.0,3337.5,3763.10009765625
2018-05-04,10618.25,25645.1015625,13453.2998046875,28177.94921875,11323.7001953125,8817.4501953125,3633.60009765625,310.1000061035156,13643.25,3424.60009765625,2784.39990234375,14300.349609375,14282.7998046875,3316.699951171875,3731.050048828125
2018-05-07,10715.5,25851.75,13424.900390625,28586.5,11489.599609375,8774.400390625,3695.949951171875,313.54998779296875,13863.099609375,3449.64990234375,2840.800048828125,14464.7998046875,14358.099609375,3373.550048828125,3776.25
2018-05-08,10717.7998046875,26090.197265625,13379.650390625,28555.150390625,11437.2001953125,8753.25,3689.10009765625,317.25,13880.599609375,3438.949951171875,2876.5,14398.7998046875,14385.349609375,3355.449951171875,3786.050048828125
2018-05-09,10741.7001953125,26154.14453125,13453.400390625,28435.900390625,11419.75,8704.099609375,3691.64990234375,316.95001220703125,13921.150390625,3438.550048828125,2855.449951171875,14332.25,14409.0498046875,3338.5,3776.10009765625
2018-05-10,10716.5498046875,26130.6953125,13427.2998046875,28231.349609375,11346.400390625,8544.9501953125,3655.699951171875,310.70001220703125,13960.0498046875,3403.300048828125,2821.199951171875,14238.9501953125,14365.0,3286.699951171875,3769.75
2018-05-11,10806.5,26412.84375,13478.599609375,28476.0,11373.2001953125,8445.7001953125,3712.800048828125,309.1499938964844,14048.349609375,3395.39990234375,2841.85009765625,14349.5498046875,14474.7998046875,3303.60009765625,3807.10009765625
2018-05-14,10806.599609375,26474.841796875,13446.150390625,28437.099609375,11273.75,8462.0498046875,3702.050048828125,307.0,14071.349609375,3381.699951171875,2862.85009765625,14242.75,14498.5,3289.14990234375,3806.75
2018-05-15,10801.849609375,26473.69140625,13504.9501953125,28352.650390625,11186.7998046875,8401.150390625,3711.550048828125,300.8500061035156,14025.0,3371.949951171875,2795.050048828125,14254.5,14524.4501953125,3264.699951171875,3802.5
2018-05-16,10741.099609375,26181.845703125,13525.599609375,28866.0,11164.7001953125,8399.099609375,3696.14990234375,307.04998779296875,13786.0498046875,3353.75,2709.89990234375,14377.150390625,14418.75,3283.0,3764.0
2018-05-17,10682.7001953125,26073.498046875,13504.75,28496.0,11154.7998046875,8403.0,3679.35009765625,307.3500061035156,13682.7001953125,3337.800048828125,2706.89990234375,14354.2001953125,14354.400390625,3261.199951171875,3745.89990234375
2018-05-18,10596.400390625,25875.298828125,13459.150390625,28852.69921875,10962.75,8211.849609375,3590.64990234375,302.75,13523.5498046875,3268.35009765625,2656.75,14283.150390625,14265.849609375,3217.050048828125,3688.800048828125
2018-05-21,10516.7001953125,25750.501953125,13483.849609375,28673.69921875,10732.900390625,7983.2001953125,3530.35009765625,292.79998779296875,13514.0498046875,3248.64990234375,2727.550048828125,14036.099609375,14180.5498046875,3154.050048828125,3653.14990234375
2018-05-22,10536.7001953125,25777.400390625,13484.5498046875,28593.349609375,10913.4501953125,8118.89990234375,3592.89990234375,296.3999938964844,13456.25,3257.75,2816.10009765625,14207.25,14205.0,3209.25,3664.85009765625
2018-05-23,10430.349609375,25684.650390625,13464.349609375,28415.400390625,10860.599609375,8069.7001953125,3458.35009765625,293.8500061035156,13172.25,3259.300048828125,2896.0,14106.25,14115.650390625,3168.85009765625,3569.449951171875
2018-05-24,10513.849609375,26016.498046875,13775.7001953125,28500.25,10681.599609375,8207.0,3491.64990234375,291.79998779296875,13113.9501953125,3280.050048828125,2946.35009765625,14023.9501953125,14319.4501953125,3180.35009765625,3561.949951171875
2018-05-25,10605.150390625,26273.24609375,13762.349609375,28595.80078125,10883.0,8297.25,3567.39990234375,295.5,13315.7998046875,3314.39990234375,2950.0,14195.150390625,14448.349609375,3228.10009765625,3630.14990234375
2018-05-28,10688.650390625,26613.94140625,13497.7001953125,28791.849609375,11007.150390625,8498.2001953125,3604.699951171875,300.04998779296875,13446.099609375,3354.699951171875,3029.449951171875,14345.2001953125,14509.400390625,3266.800048828125,3688.35009765625
2018-05-29,10633.2998046875,26254.49609375,13561.0498046875,28706.099609375,11051.150390625,8410.4501953125,3606.949951171875,297.1000061035156,13446.5498046875,3351.550048828125,2940.050048828125,14320.75,14398.5,3210.39990234375,3683.89990234375
2018-05-30,10614.349609375,26327.494140625,13557.7001953125,28658.05078125,11024.150390625,8321.099609375,3610.14990234375,297.04998779296875,13401.5,3333.85009765625,2958.699951171875,14277.5498046875,14395.849609375,3208.0,3669.75
2018-05-31,10736.150390625,26955.88671875,13666.0,28814.30078125,10994.4501953125,8220.25,3593.64990234375,294.95001220703125,13523.400390625,3336.050048828125,2969.0,14311.599609375,14645.4501953125,3179.64990234375,3685.050048828125
2018-06-01,10696.2001953125,26692.490234375,13558.5498046875,28611.400390625,11076.5498046875,8213.2001953125,3568.39990234375,291.25,13498.25,3314.300048828125,2938.35009765625,14312.099609375,14539.0,3165.25,3652.75
2018-06-04,10628.5,26257.24609375,13595.099609375,28394.80078125,11023.25,8205.7998046875,3574.14990234375,281.54998779296875,13511.400390625,3258.39990234375,2891.699951171875,14169.7998046875,14388.150390625,3163.64990234375,3647.75
2018-06-05,10593.150390625,26250.6953125,13408.900390625,28346.44921875,10986.9501953125,8117.75,3553.550048828125,278.6000061035156,13545.349609375,3207.39990234375,2880.64990234375,14163.599609375,14330.7998046875,3098.550048828125,3633.5
2018-06-06,10684.650390625,26367.29296875,13528.7998046875,28602.0,11155.849609375,8233.650390625,3619.60009765625,282.79998779296875,13614.0,3252.949951171875,2953.5,14286.4501953125,14444.349609375,3133.0,3666.199951171875
2018-06-07,10768.349609375,26517.4921875,13683.75,28864.19921875,11236.0,8252.150390625,3673.35009765625,291.20001220703125,13793.099609375,3271.64990234375,2970.10009765625,14442.9501953125,14551.0,3155.550048828125,3706.449951171875
2018-06-08,10767.650390625,26451.04296875,13769.7998046875,28713.5,11226.099609375,8603.9501953125,3658.550048828125,292.25,13862.900390625,3260.75,3019.35009765625,14389.849609375,14520.0,3194.35009765625,3699.199951171875
2018-06-11,10786.9501953125,26453.244140625,13775.099609375,28806.30078125,11239.7001953125,8647.150390625,3644.800048828125,290.45001220703125,13846.2998046875,3267.449951171875,3029.25,14422.9501953125,14538.650390625,3227.199951171875,3701.39990234375
2018-06-12,10842.849609375,26606.791015625,13859.849609375,29060.650390625,11243.400390625,8870.4501953125,3628.949951171875,291.6499938964844,13946.849609375,3287.35009765625,3099.89990234375,14529.7001953125,14606.2998046875,3235.25,3693.300048828125
2018-06-13,10856.7001953125,26642.490234375,14034.150390625,28915.650390625,11236.2001953125,8948.9501953125,3612.85009765625,291.5,13994.7998046875,3264.5,3145.699951171875,14470.349609375,14630.0498046875,3210.89990234375,3691.300048828125
2018-06-14,10808.0498046875,26561.94140625,13825.400390625,28885.05078125,11243.0,9112.4501953125,3597.10009765625,291.5,13976.2998046875,3238.89990234375,3100.35009765625,14422.0498046875,14529.349609375,3188.550048828125,3669.60009765625
2018-06-15,10817.7001953125,26417.09375,14121.5,28774.55078125,11173.0498046875,9316.25,3541.949951171875,287.79998779296875,13939.099609375,3208.10009765625,3032.75,14423.75,14564.25,3178.699951171875,3635.64990234375
2018-06-18,10799.849609375,26408.994140625,14024.2001953125,28711.80078125,11203.4501953125,9319.2998046875,3480.449951171875,286.70001220703125,14030.5,3196.0,3022.050048828125,14311.0,14525.75,3170.75,3622.64990234375
2018-06-19,10710.4501953125,26265.4453125,13849.4501953125,28651.599609375,11080.349609375,9253.9501953125,3425.699951171875,280.95001220703125,13820.7998046875,3169.199951171875,2974.64990234375,14154.7998046875,14441.349609375,3133.10009765625,3567.050048828125
2018-06-20,10772.0498046875,26557.390625,13810.900390625,28519.599609375,11137.349609375,9291.349609375,3459.64990234375,284.04998779296875,13972.5,3170.5,2972.699951171875,14200.5,14545.5498046875,3146.550048828125,3575.39990234375
2018-06-21,10741.099609375,26496.640625,13771.7001953125,28330.5,11033.2001953125,9198.7998046875,3422.449951171875,281.79998779296875,14064.400390625,3138.85009765625,2913.35009765625,14120.349609375,14524.0,3145.25,3565.85009765625
2018-06-22,10821.849609375,26766.5390625,13777.099609375,28630.75,11088.5,9360.900390625,3431.550048828125,282.25,13948.400390625,3165.10009765625,2948.300048828125,14203.400390625,14675.9501953125,3147.64990234375,3571.199951171875
2018-06-25,10762.4501953125,26609.390625,13865.2001953125,28495.650390625,10910.4501953125,9286.7998046875,3397.449951171875,278.04998779296875,13777.099609375,3116.85009765625,2886.75,14167.4501953125,14640.150390625,3104.699951171875,3538.85009765625
2018-06-26,10769.150390625,26601.390625,13943.5,28792.150390625,10852.099609375,9247.75,3384.39990234375,276.04998779296875,13581.0498046875,3123.60009765625,2879.0,14306.75,14675.849609375,3109.64990234375,3547.300048828125
2018-06-27,10671.400390625,26423.09375,14018.400390625,28625.150390625,10716.2001953125,9263.4501953125,3341.800048828125,271.1000061035156,13247.150390625,3060.0,2809.10009765625,14188.4501953125,14578.849609375,3043.60009765625,3470.050048828125
2018-06-28,10589.099609375,26324.29296875,13873.7998046875,28411.849609375,10632.599609375,9149.400390625,3346.5,265.1000061035156,12999.150390625,3051.85009765625,2754.449951171875,14054.75,14489.900390625,2995.25,3431.050048828125
2018-06-29,10714.2998046875,26363.892578125,13989.5,28966.0,10709.0498046875,9173.150390625,3440.14990234375,271.54998779296875,13333.349609375,3125.699951171875,2791.5,14271.7001953125,14596.9501953125,3025.699951171875,3506.60009765625
2018-07-02,10657.2998046875,26229.99609375,14072.2998046875,28777.5,10665.7998046875,9133.900390625,3378.60009765625,267.8500061035156,13151.9501953125,3063.64990234375,2793.449951171875,14265.7998046875,14538.900390625,2991.949951171875,3456.60009765625
2018-07-03,10699.900390625,26203.794921875,14222.5498046875,28973.599609375,10779.150390625,9325.2998046875,3366.14990234375,268.25,13278.400390625,3063.85009765625,2771.800048828125,14269.75,14573.2001953125,3017.75,3467.449951171875
2018-07-04,10769.900390625,26433.642578125,14126.150390625,29108.150390625,10914.349609375,9399.599609375,3370.449951171875,269.5,13372.7001953125,3060.60009765625,2765.89990234375,14455.7998046875,14637.650390625,3010.89990234375,3460.550048828125
2018-07-05,10749.75,26502.9921875,13970.5,29399.150390625,10925.75,9274.25,3322.449951171875,264.6499938964844,13171.0498046875,3044.64990234375,2752.0,14473.400390625,14602.75,3010.949951171875,3451.300048828125
2018-07-06,10772.650390625,26493.541015625,14015.9501953125,29344.650390625,11067.849609375,9189.900390625,3322.050048828125,267.29998779296875,13283.7998046875,3059.60009765625,2772.25,14452.900390625,14606.25,2997.39990234375,3462.800048828125
2018-07-09,10852.900390625,26752.990234375,14108.849609375,29587.55078125,11135.650390625,9307.599609375,3366.35009765625,269.3500061035156,13498.400390625,3097.85009765625,2815.300048828125,14584.5498046875,14685.0,3006.25,3494.25
2018-07-10,10947.25,26894.23828125,14222.75,29715.400390625,11239.2001953125,9276.099609375,3422.35009765625,274.20001220703125,13749.9501953125,3117.5,2845.949951171875,14661.650390625,14799.4501953125,3009.25,3532.0
2018-07-11,10948.2998046875,26815.88671875,14536.4501953125,29802.599609375,11127.400390625,9228.7001953125,3317.14990234375,274.45001220703125,13795.650390625,3098.699951171875,2791.699951171875,14573.150390625,14840.099609375,3000.0,3481.300048828125
2018-07-12,11023.2001953125,27026.236328125,14515.650390625,29932.650390625,11038.0,9244.099609375,3300.35009765625,271.45001220703125,14165.900390625,3112.64990234375,2822.949951171875,14550.7001953125,14908.75,2968.5,3492.35009765625
2018-07-13,11018.900390625,26935.63671875,14534.900390625,29629.55078125,11003.0498046875,9164.0,3286.60009765625,266.8500061035156,14288.7001953125,3087.39990234375,2765.14990234375,14580.0,14915.400390625,2862.949951171875,3481.35009765625
2018-07-16,10936.849609375,26679.490234375,14617.0498046875,29571.349609375,10835.150390625,8786.400390625,3168.10009765625,258.0,14085.0,3044.949951171875,2695.39990234375,14451.4501953125,14876.650390625,2792.85009765625,3406.699951171875
2018-07-17,11008.0498046875,27007.78515625,14618.25,29273.05078125,10965.650390625,8926.099609375,3222.64990234375,260.6499938964844,14318.900390625,3067.949951171875,2799.39990234375,14355.0,14981.7001953125,2832.85009765625,3466.300048828125
2018-07-18,10980.4501953125,26880.587890625,14631.7001953125,28993.150390625,10808.599609375,8885.650390625,3121.10009765625,254.39999389648438,14363.400390625,3047.39990234375,2775.85009765625,14089.7998046875,14962.25,2832.300048828125,3441.25
2018-07-19,10957.099609375,26789.33984375,14489.849609375,29212.5,10799.0,8749.900390625,3104.60009765625,253.89999389648438,14431.2998046875,3013.800048828125,2790.050048828125,14104.7001953125,14901.5,2826.64990234375,3430.550048828125
2018-07-20,11010.2001953125,26872.88671875,14701.400390625,29281.0,10752.7001953125,8895.25,3092.199951171875,257.1000061035156,14542.2998046875,3032.300048828125,2802.35009765625,14108.849609375,14997.650390625,2813.75,3421.199951171875
2018-07-23,11084.75,27007.8359375,14683.2001953125,30000.900390625,10770.599609375,8937.400390625,3139.35009765625,261.5,14508.349609375,3078.39990234375,2868.699951171875,14431.400390625,15076.5498046875,2835.85009765625,3466.699951171875
2018-07-24,11134.2998046875,26974.0859375,14663.900390625,30026.150390625,10861.2998046875,9049.0498046875,3233.300048828125,268.04998779296875,14488.0,3137.050048828125,2895.949951171875,14561.0498046875,15110.7001953125,2885.449951171875,3547.85009765625
2018-07-25,11132.0,27030.986328125,14575.349609375,29965.25,10809.9501953125,8969.25,3262.050048828125,264.29998779296875,14457.0,3109.10009765625,2935.85009765625,14498.400390625,15126.5,2851.25,3540.449951171875
2018-07-26,11167.2998046875,27406.08203125,14468.099609375,30036.25,10770.0,8994.650390625,3235.35009765625,266.3999938964844,14474.099609375,3120.199951171875,3095.89990234375,14386.0498046875,15257.349609375,2827.199951171875,3555.64990234375
2018-07-27,11278.349609375,27634.080078125,14517.900390625,30749.349609375,10874.7998046875,9039.0,3297.699951171875,267.8500061035156,14693.7998046875,3135.300048828125,3093.699951171875,14388.900390625,15353.900390625,2827.800048828125,3599.10009765625
2018-07-30,11319.5498046875,27842.275390625,14420.5498046875,30836.599609375,10925.0498046875,9115.5498046875,3320.300048828125,268.3500061035156,14911.5,3151.14990234375,3226.699951171875,14525.849609375,15388.2001953125,2839.949951171875,3629.199951171875
2018-07-31,11356.5,27763.828125,14587.7998046875,31007.25,10973.75,9179.400390625,3335.10009765625,272.8500061035156,15150.2001953125,3158.10009765625,3186.25,14716.25,15363.9501953125,2832.550048828125,3641.10009765625
2018-08-01,11346.2001953125,27596.279296875,14679.349609375,31175.099609375,10890.099609375,9301.7001953125,3320.0,273.3500061035156,15245.2998046875,3149.75,3202.75,14638.599609375,15306.599609375,2849.550048828125,3649.35009765625
2018-08-02,11244.7001953125,27355.630859375,14552.599609375,31075.25,10733.650390625,9424.650390625,3327.75,268.79998779296875,15103.0,3135.449951171875,3178.89990234375,14541.599609375,15167.0,2830.949951171875,3639.800048828125
2018-08-03,11360.7998046875,27695.177734375,14649.099609375,31424.94921875,10775.2998046875,9500.75,3380.85009765625,270.3999938964844,15205.9501953125,3153.39990234375,3239.0,14679.400390625,15362.5,2867.85009765625,3659.699951171875
2018-08-06,11387.099609375,27898.17578125,14605.5498046875,31222.0,10822.7998046875,9408.599609375,3405.699951171875,268.79998779296875,15319.25,3166.5,3323.60009765625,14621.900390625,15411.849609375,2879.300048828125,3677.75
2018-08-07,11389.4501953125,27875.576171875,14613.75,31140.349609375,10855.650390625,9371.0498046875,3445.25,267.1499938964844,15219.7001953125,3150.75,3252.35009765625,14675.9501953125,15414.75,2916.300048828125,3682.25
2018-08-08,11450.0,28062.123046875,14608.2001953125,31302.5,10821.2001953125,9307.25,3453.60009765625,267.0,15483.7998046875,3160.39990234375,3281.300048828125,14700.849609375,15480.7998046875,2927.550048828125,3698.89990234375
2018-08-09,11470.7001953125,28319.669921875,14603.349609375,31378.55078125,10813.7998046875,9249.9501953125,3501.75,272.54998779296875,15491.400390625,3155.35009765625,3379.199951171875,14702.650390625,15542.0,2922.64990234375,3715.14990234375
2018-08-10,11429.5,28123.923828125,14679.2998046875,31474.900390625,10839.4501953125,9138.25,3434.75,272.29998779296875,15375.599609375,3131.39990234375,3250.85009765625,14658.099609375,15490.650390625,2903.199951171875,3683.85009765625
2018-08-13,11355.75,27794.078125,14880.25,31479.75,10756.7001953125,9186.599609375,3405.800048828125,269.70001220703125,15141.2998046875,3113.64990234375,3146.050048828125,14510.5498046875,15387.099609375,2817.10009765625,3635.050048828125
2018-08-14,11435.099609375,28021.373046875,15009.25,31725.25,10803.150390625,9481.150390625,3414.60009765625,275.04998779296875,15309.849609375,3093.60009765625,3151.85009765625,14607.7998046875,15471.400390625,2856.800048828125,3651.10009765625
2018-08-16,11385.0498046875,27826.2265625,15044.349609375,31731.25,10830.9501953125,9595.349609375,3337.050048828125,273.6499938964844,15238.599609375,3076.64990234375,3127.449951171875,14575.099609375,15389.75,2817.25,3612.89990234375
2018-08-17,11470.75,28128.224609375,15126.400390625,32340.05078125,10878.7001953125,9693.849609375,3394.10009765625,276.04998779296875,15250.0498046875,3092.14990234375,3222.050048828125,14774.099609375,15477.5,2845.300048828125,3659.199951171875
2018-08-20,11551.75,28273.921875,14996.099609375,32379.400390625,10997.900390625,9799.150390625,3478.89990234375,277.8500061035156,15520.25,3177.25,3285.199951171875,14806.4501953125,15494.9501953125,2862.699951171875,3710.39990234375
2018-08-21,11570.900390625,28257.572265625,15134.650390625,32306.400390625,10979.25,9950.5,3466.949951171875,272.8500061035156,15622.400390625,3183.550048828125,3278.35009765625,14837.25,15516.849609375,2897.60009765625,3731.75
2018-08-23,11582.75,28027.57421875,15321.9501953125,32600.25,10959.599609375,10076.7998046875,3416.800048828125,273.95001220703125,15798.5,3215.10009765625,3238.199951171875,14991.25,15504.150390625,2866.699951171875,3716.550048828125
2018-08-24,11557.099609375,27834.375,15260.0498046875,32385.55078125,10903.0,10061.099609375,3481.199951171875,273.45001220703125,15875.0,3208.60009765625,3214.60009765625,14971.7001953125,15436.25,2871.14990234375,3750.300048828125
2018-08-27,11691.9501953125,28263.87109375,15514.9501953125,32604.099609375,10993.5498046875,10094.2001953125,3532.85009765625,273.6499938964844,16082.7001953125,3254.300048828125,3283.89990234375,15072.2001953125,15647.25,2871.75,3799.449951171875
2018-08-28,11738.5,28269.322265625,15583.0498046875,32494.349609375,11044.150390625,10050.099609375,3597.199951171875,271.20001220703125,16241.650390625,3251.75,3234.0,15124.9501953125,15683.4501953125,2865.25,3826.5
2018-08-29,11691.900390625,28223.771484375,15524.9501953125,32429.599609375,11057.150390625,10008.900390625,3634.300048828125,274.3999938964844,16059.9501953125,3238.39990234375,3285.949951171875,15064.650390625,15650.849609375,2852.75,3838.39990234375
2018-08-30,11676.7998046875,28102.923828125,15529.849609375,32844.0,11007.599609375,10120.5498046875,3665.300048828125,276.04998779296875,15960.599609375,3252.10009765625,3295.199951171875,15102.9501953125,15617.599609375,2857.35009765625,3851.949951171875
2018-08-31,11680.5,28061.423828125,15811.400390625,32911.55078125,11009.25,10390.9501953125,3643.449951171875,275.8500061035156,15763.0,3289.25,3315.5,15066.900390625,15645.400390625,2840.10009765625,3852.449951171875
2018-09-03,11582.349609375,27819.17578125,15724.7001953125,32109.55078125,10935.650390625,10359.900390625,3656.699951171875,273.1000061035156,15598.599609375,3275.0,3283.550048828125,14742.0498046875,15529.5498046875,2853.050048828125,3842.050048828125
2018-09-04,11520.2998046875,27430.431640625,16048.7001953125,31442.650390625,10754.099609375,10205.5498046875,3585.60009765625,268.04998779296875,15587.9501953125,3223.949951171875,3167.050048828125,14421.25,15490.150390625,2768.75,3762.0
2018-09-05,11476.9501953125,27375.732421875,16039.900390625,31168.849609375,10788.400390625,10303.400390625,3623.199951171875,265.04998779296875,15486.5498046875,3204.10009765625,3159.949951171875,14316.150390625,15430.9501953125,2739.64990234375,3762.800048828125
2018-09-06,11536.900390625,27468.380859375,16081.650390625,31157.25,10798.5498046875,10583.150390625,3632.199951171875,266.45001220703125,15803.4501953125,3217.64990234375,3162.699951171875,14320.5,15469.4501953125,2695.800048828125,3791.60009765625
2018-09-07,11589.099609375,27481.12890625,16104.7998046875,31354.30078125,11036.650390625,10661.25,3699.75,268.1499938964844,15937.400390625,3237.800048828125,3135.949951171875,14407.849609375,15471.7001953125,2715.699951171875,3826.85009765625
2018-09-10,11438.099609375,27201.43359375,16105.2998046875,30811.599609375,10843.900390625,10446.5,3636.85009765625,264.1000061035156,15675.7998046875,3204.89990234375,3068.14990234375,14169.25,15317.099609375,2712.550048828125,3755.85009765625
2018-09-11,11287.5,26807.1875,15993.2001953125,30067.55078125,10681.400390625,10279.0498046875,3578.300048828125,258.8500061035156,15477.4501953125,3161.75,3034.14990234375,13975.900390625,15135.4501953125,2673.199951171875,3711.35009765625
2018-09-12,11369.900390625,26818.88671875,16054.0498046875,30828.19921875,10692.75,10391.599609375,3631.39990234375,257.25,15601.0498046875,3190.449951171875,3041.64990234375,14155.349609375,15180.650390625,2673.0,3736.85009765625
2018-09-14,11515.2001953125,27163.533203125,16072.5,30987.599609375,10826.7001953125,10652.849609375,3713.699951171875,266.1499938964844,15791.900390625,3244.64990234375,3096.199951171875,14344.2998046875,15384.2001953125,2710.199951171875,3832.050048828125
2018-09-17,11377.75,26819.98828125,16119.7998046875,30559.75,10730.7998046875,10504.150390625,3705.449951171875,269.1499938964844,15609.0498046875,3225.85009765625,3056.10009765625,14204.150390625,15223.7001953125,2708.39990234375,3809.0
2018-09-18,11278.900390625,26441.142578125,16031.0,30893.25,10565.650390625,10465.400390625,3648.10009765625,260.95001220703125,15460.2001953125,3168.5,2890.0,14212.7001953125,15040.9501953125,2654.949951171875,3760.800048828125
2018-09-19,11234.349609375,26277.044921875,16063.9501953125,30487.69921875,10527.900390625,10456.9501953125,3691.800048828125,257.75,15458.4501953125,3160.25,2881.39990234375,14049.2998046875,14965.400390625,2604.800048828125,3778.300048828125
2018-09-21,11143.099609375,25596.603515625,15833.5,30406.900390625,10407.400390625,10252.349609375,3673.25,248.6999969482422,15575.2998046875,3139.60009765625,2834.14990234375,13799.9501953125,14728.2001953125,2580.800048828125,3776.85009765625
2018-09-24,10967.400390625,24970.05859375,16175.2998046875,29749.19921875,10001.0,9994.75,3631.699951171875,235.5500030517578,15588.5498046875,3082.550048828125,2757.10009765625,13510.7998046875,14466.849609375,2521.25,3732.89990234375
2018-09-25,11067.4501953125,25330.0546875,16234.900390625,30124.349609375,10100.4501953125,10245.150390625,3631.800048828125,231.5,15540.599609375,3074.89990234375,2801.75,13781.5498046875,14630.599609375,2521.85009765625,3749.0
2018-09-26,11053.7998046875,25376.005859375,15932.4501953125,29682.650390625,10002.2001953125,10289.2998046875,3693.949951171875,237.10000610351562,15703.900390625,3084.550048828125,2749.199951171875,13695.349609375,14591.349609375,2516.800048828125,3785.89990234375
2018-09-27,10977.5498046875,25041.859375,16018.0,29660.25,9815.400390625,10092.4501953125,3669.699951171875,230.5500030517578,15694.9501953125,3045.449951171875,2724.050048828125,13563.2001953125,14465.7001953125,2492.60009765625,3761.300048828125
2018-09-28,10930.4501953125,25119.55859375,15838.0498046875,29757.69921875,9590.25,9972.4501953125,3485.35009765625,219.60000610351562,15697.2001953125,2967.300048828125,2700.449951171875,13412.5,14471.5,2447.5,3686.5
2018-10-01,11008.2998046875,25366.705078125,16213.599609375,29923.650390625,9659.5498046875,10034.400390625,3528.050048828125,216.3000030517578,15539.75,2965.25,2798.60009765625,13485.7998046875,14696.150390625,2482.800048828125,3687.75
2018-10-03,10858.25,25069.609375,15909.7998046875,29498.05078125,9375.2998046875,9950.900390625,3592.0,216.1999969482422,15371.0498046875,2933.449951171875,2785.699951171875,13380.2001953125,14482.4501953125,2471.64990234375,3683.199951171875
2018-10-04,10599.25,24819.01171875,15441.099609375,28630.099609375,9207.0,9630.75,3572.35009765625,214.64999389648438,14427.7998046875,2919.699951171875,2777.800048828125,13149.0,14236.7998046875,2460.64990234375,3580.64990234375
2018-10-05,10316.4501953125,24443.166015625,15591.650390625,27873.80078125,8915.099609375,9547.349609375,3444.64990234375,208.8000030517578,13278.0,2845.39990234375,2656.0,12815.849609375,14034.5498046875,2371.39990234375,3359.449951171875
2018-10-08,10348.0498046875,24618.0625,15305.2001953125,27705.80078125,8969.099609375,9505.7998046875,3339.449951171875,202.10000610351562,13828.150390625,2828.75,2703.5,12599.599609375,13981.4501953125,2348.300048828125,3359.39990234375
2018-10-09,10301.0498046875,24527.365234375,15369.7998046875,27149.650390625,8732.900390625,9638.75,3373.75,200.10000610351562,13591.349609375,2826.550048828125,2670.14990234375,12525.400390625,14033.4501953125,2398.35009765625,3335.25
2018-10-10,10460.099609375,25321.404296875,15143.2001953125,27596.5,8961.9501953125,9771.349609375,3438.64990234375,208.5,13779.349609375,2895.449951171875,2819.199951171875,12836.0498046875,14290.25,2530.25,3392.89990234375
2018-10-11,10234.650390625,24783.662109375,14683.0,27375.0,8739.5,9488.650390625,3306.5,202.64999389648438,13796.5498046875,2838.449951171875,2673.85009765625,12676.099609375,13915.099609375,2526.050048828125,3342.0
2018-10-12,10472.5,25395.5546875,14539.2001953125,28153.55078125,9084.4501953125,9525.599609375,3438.10009765625,209.5500030517578,14243.0498046875,2894.64990234375,2704.10009765625,13035.0498046875,14152.650390625,2566.949951171875,3459.10009765625
2018-10-15,10512.5,25387.755859375,14797.2001953125,28330.69921875,9034.599609375,9774.099609375,3423.5,209.85000610351562,14363.150390625,2887.64990234375,2706.550048828125,13013.2998046875,14228.0498046875,2600.35009765625,3462.25
2018-10-16,10584.75,25589.353515625,14887.349609375,28498.25,9102.900390625,9836.75,3431.60009765625,212.0,14596.9501953125,2911.199951171875,2780.300048828125,13112.150390625,14313.7998046875,2606.949951171875,3498.35009765625
2018-10-17,10453.0498046875,25188.306640625,14949.599609375,28623.349609375,8834.7001953125,9686.400390625,3362.949951171875,205.85000610351562,14405.5,2867.10009765625,2685.39990234375,12899.400390625,14123.0498046875,2551.25,3432.449951171875
2018-10-19,10303.5498046875,25085.509765625,14476.849609375,28845.25,8690.25,9650.2998046875,3365.0,204.3000030517578,14014.0498046875,2852.0,2685.949951171875,12837.400390625,13893.7001953125,2497.39990234375,3399.14990234375
2018-10-22,10245.25,25078.30859375,14421.4501953125,28797.55078125,8700.4501953125,9646.650390625,3339.64990234375,203.64999389648438,13661.5498046875,2849.14990234375,2670.699951171875,12765.2001953125,13877.25,2460.25,3348.449951171875
2018-10-23,10146.7998046875,24972.158203125,14014.7001953125,28480.599609375,8649.150390625,9368.25,3312.75,204.0,13611.849609375,2850.75,2628.85009765625,12548.099609375,13764.5498046875,2415.10009765625,3309.449951171875
2018-10-24,10224.75,25063.908203125,14049.150390625,28631.0,8663.900390625,9334.400390625,3347.85009765625,210.25,13632.650390625,2890.10009765625,2636.89990234375,12622.5,13893.5,2424.60009765625,3339.89990234375
2018-10-25,10124.900390625,24817.16015625,14070.7998046875,28413.599609375,8580.9501953125,9142.7001953125,3306.800048828125,206.0,13491.349609375,2851.64990234375,2582.25,12534.849609375,13765.0498046875,2367.050048828125,3301.25
2018-10-26,10030.0,24420.767578125,13798.599609375,28013.55078125,8578.0498046875,9115.099609375,3283.89990234375,205.39999389648438,13523.7001953125,2834.75,2572.85009765625,12479.849609375,13579.599609375,2359.10009765625,3282.39990234375
2018-10-29,10250.849609375,24959.408203125,14132.650390625,28257.5,8723.900390625,9590.400390625,3369.5,212.1999969482422,13965.2001953125,2930.39990234375,2778.39990234375,12632.25,13860.9501953125,2424.199951171875,3360.35009765625
2018-10-30,10198.400390625,24807.4609375,14355.849609375,28271.30078125,8744.599609375,9535.2998046875,3333.050048828125,213.5,13660.5,2936.39990234375,2846.949951171875,12739.9501953125,13854.4501953125,2466.10009765625,3326.699951171875
2018-10-31,10386.599609375,25152.95703125,14940.099609375,28547.099609375,8820.5498046875,9757.5,3296.949951171875,214.89999389648438,13753.349609375,2969.89990234375,2915.85009765625,12960.650390625,14193.5,2489.39990234375,3345.949951171875
2018-11-01,10380.4501953125,25323.35546875,14622.0,28355.099609375,8814.2001953125,9609.150390625,3338.35009765625,220.85000610351562,13742.400390625,3001.60009765625,2940.949951171875,13015.849609375,14173.150390625,2492.300048828125,3381.85009765625
2018-11-02,10553.0,25701.3515625,14396.7001953125,28836.80078125,9180.2001953125,9547.849609375,3439.25,221.3000030517578,14005.2998046875,3059.85009765625,2923.14990234375,13251.5498046875,14319.7998046875,2475.85009765625,3469.60009765625
2018-11-05,10524.0,25731.900390625,14471.75,28725.099609375,9153.650390625,9460.5,3441.89990234375,224.64999389648438,13985.75,3033.5,3008.25,13271.099609375,14277.4501953125,2442.14990234375,3460.39990234375
2018-11-06,10530.0,25597.703125,14577.2998046875,28497.099609375,9130.4501953125,9454.9501953125,3438.949951171875,225.5500030517578,14082.7998046875,3043.699951171875,2941.25,13223.400390625,14289.900390625,2464.550048828125,3453.85009765625
2018-11-07,10598.400390625,25737.201171875,14674.4501953125,28717.400390625,9200.75,9502.099609375,3463.85009765625,227.14999389648438,14151.0,3054.300048828125,2952.10009765625,13329.150390625,14387.599609375,2480.60009765625,3475.60009765625
2018-11-09,10585.2001953125,25770.701171875,14553.25,28731.05078125,9277.75,9643.900390625,3431.89990234375,226.0500030517578,14074.599609375,3070.5,2928.449951171875,13423.650390625,14340.25,2488.5,3482.699951171875
2018-11-12,10482.2001953125,25539.453125,14650.5,28536.349609375,9051.5,9557.5,3384.5,222.75,13849.2998046875,3028.050048828125,2867.699951171875,13299.400390625,14232.9501953125,2434.449951171875,3429.64990234375
2018-11-13,10582.5,25768.30078125,14698.2001953125,28783.349609375,9126.900390625,9422.5498046875,3410.550048828125,221.39999389648438,14091.0498046875,3068.64990234375,2865.449951171875,13363.5,14352.150390625,2429.14990234375,3481.050048828125
2018-11-14,10576.2998046875,25929.849609375,14338.5,29047.900390625,9051.400390625,9216.150390625,3382.14990234375,218.10000610351562,14160.75,3071.300048828125,2923.85009765625,13360.5,14330.0,2419.949951171875,3511.10009765625
2018-11-15,10616.7001953125,26154.4453125,14354.150390625,29020.5,9108.25,9218.5498046875,3407.89990234375,221.8000030517578,14130.599609375,3083.050048828125,2942.64990234375,13440.900390625,14410.5,2422.449951171875,3509.85009765625
2018-11-16,10682.2001953125,26245.24609375,14473.150390625,29153.349609375,9112.349609375,9301.349609375,3354.60009765625,222.35000610351562,14312.599609375,3116.5,3002.300048828125,13449.099609375,14508.25,2434.10009765625,3499.39990234375
2018-11-19,10763.400390625,26300.392578125,14599.7998046875,29651.599609375,9207.650390625,9399.25,3395.35009765625,226.14999389648438,14466.4501953125,3140.800048828125,2979.800048828125,13507.0,14547.5498046875,2459.60009765625,3528.300048828125
2018-11-20,10656.2001953125,26113.046875,14285.099609375,29407.650390625,9133.650390625,9218.7001953125,3299.199951171875,226.25,14333.7001953125,3121.25,2923.60009765625,13355.7998046875,14403.650390625,2448.35009765625,3467.199951171875
2018-11-21,10600.0498046875,26261.74609375,13879.150390625,29390.849609375,9119.2998046875,9375.099609375,3272.699951171875,229.64999389648438,14124.349609375,3109.85009765625,2964.199951171875,13404.150390625,14330.0,2433.300048828125,3469.300048828125
2018-11-22,10526.75,25999.146484375,13835.7001953125,29244.099609375,9062.650390625,9302.2998046875,3214.75,226.5500030517578,13978.650390625,3095.050048828125,2919.85009765625,13334.5,14237.150390625,2467.89990234375,3420.199951171875
2018-11-26,10628.599609375,26365.29296875,14025.400390625,29935.5,9158.7998046875,9180.5,3172.300048828125,227.35000610351562,14003.599609375,3116.949951171875,2943.85009765625,13443.75,14385.849609375,2476.35009765625,3399.949951171875
2018-11-27,10685.599609375,26442.79296875,14225.349609375,29913.44921875,9165.0,9058.4501953125,3148.949951171875,227.5500030517578,14185.599609375,3119.39990234375,2973.64990234375,13487.099609375,14499.0,2470.5,3410.35009765625
2018-11-28,10728.849609375,26457.642578125,14632.900390625,29682.599609375,9096.4501953125,9014.7998046875,3117.39990234375,224.3000030517578,14264.75,3073.39990234375,2915.14990234375,13449.2001953125,14636.9501953125,2523.39990234375,3376.89990234375
2018-11-29,10858.7001953125,26939.287109375,14465.2998046875,30097.94921875,9202.099609375,9090.650390625,3177.25,227.0,14367.900390625,3095.300048828125,2931.449951171875,13564.7001953125,14783.2998046875,2547.35009765625,3416.5
2018-11-30,10876.75,26862.63671875,14638.0498046875,30126.25,9270.2001953125,9275.7001953125,3163.75,232.0,14323.9501953125,3087.0,2915.199951171875,13747.0,14823.5,2549.85009765625,3397.300048828125
2018-12-03,10883.75,26857.23828125,14740.400390625,30348.349609375,9260.599609375,9053.400390625,3227.85009765625,237.60000610351562,14333.75,3120.10009765625,2944.14990234375,13877.2998046875,14873.599609375,2526.800048828125,3429.39990234375
2018-12-04,10869.5,26693.490234375,14999.900390625,30150.69921875,9212.2001953125,9064.400390625,3236.550048828125,236.75,14359.099609375,3108.800048828125,2904.800048828125,13838.75,14866.0498046875,2542.050048828125,3436.300048828125
2018-12-05,10782.900390625,26519.291015625,15012.9501953125,29936.19921875,8992.900390625,8812.2001953125,3119.60009765625,234.9499969482422,14294.25,3058.75,2879.64990234375,13680.400390625,14805.7001953125,2499.550048828125,3368.85009765625
2018-12-06,10601.150390625,26197.99609375,14693.75,29489.30078125,8791.400390625,8686.5,3085.39990234375,229.3000030517578,13989.849609375,3018.0,2825.949951171875,13425.75,14585.650390625,2473.5,3308.550048828125
2018-12-07,10693.7001953125,26593.9921875,14662.900390625,29673.650390625,8869.7998046875,8682.599609375,3071.199951171875,230.4499969482422,14013.650390625,3036.949951171875,2824.699951171875,13508.5498046875,14719.7001953125,2497.550048828125,3314.75
2018-12-10,10488.4501953125,26102.34765625,14419.2001953125,29211.5,8784.25,8535.2998046875,3036.25,223.4499969482422,13657.4501953125,2969.199951171875,2806.550048828125,13298.25,14435.849609375,2451.60009765625,3264.60009765625
2018-12-11,10549.150390625,26163.095703125,14579.599609375,29562.94921875,8846.7998046875,8746.599609375,3055.35009765625,223.5500030517578,13709.5,2976.35009765625,2880.800048828125,13439.0498046875,14506.5498046875,2497.39990234375,3286.10009765625
2018-12-12,10737.599609375,26643.5390625,14738.5498046875,30085.400390625,9166.150390625,8801.5,3133.050048828125,233.3000030517578,13912.900390625,3051.449951171875,2940.800048828125,13735.9501953125,14757.0,2531.39990234375,3359.0
2018-12-13,10791.5498046875,26816.037109375,14841.0,30291.25,9254.2001953125,8810.7998046875,3114.0,236.5,13924.2001953125,3070.25,2971.0,13895.099609375,14852.099609375,2562.60009765625,3364.199951171875
2018-12-14,10805.4501953125,26825.6875,14851.400390625,30371.5,9271.5,8726.400390625,3112.35009765625,237.1999969482422,14072.0498046875,3086.64990234375,2979.64990234375,13895.650390625,14860.900390625,2562.550048828125,3392.10009765625
2018-12-17,10888.349609375,27015.486328125,14873.0498046875,30624.19921875,9335.7998046875,8771.2998046875,3175.10009765625,236.64999389648438,14283.9501953125,3099.800048828125,2982.300048828125,13967.9501953125,14963.75,2596.050048828125,3433.550048828125
2018-12-18,10908.7001953125,27174.3828125,14730.900390625,30589.400390625,9403.7998046875,8840.400390625,3198.14990234375,237.14999389648438,14386.2001953125,3135.60009765625,3019.800048828125,14032.2998046875,14960.849609375,2492.60009765625,3448.699951171875
2018-12-19,10967.2998046875,27298.083984375,14591.7998046875,30977.25,9507.7001953125,8823.4501953125,3211.14990234375,244.14999389648438,14462.5,3177.699951171875,3106.25,14149.2998046875,15034.0,2516.199951171875,3483.35009765625
2018-12-20,10951.7001953125,27274.783203125,14542.150390625,30759.94921875,9524.5498046875,8853.7998046875,3177.89990234375,243.35000610351562,14424.7001953125,3182.199951171875,3050.300048828125,14023.7001953125,15002.099609375,2513.800048828125,3472.39990234375
2018-12-21,10754.0,26869.337890625,14207.849609375,30199.80078125,9337.25,8774.0498046875,3162.300048828125,238.5,14159.75,3131.5,3034.449951171875,13804.150390625,14731.5498046875,2466.10009765625,3425.64990234375
2018-12-24,10663.5,26714.439453125,14247.75,29950.94921875,9206.75,8726.349609375,3089.85009765625,233.39999389648438,13989.4501953125,3105.14990234375,3045.699951171875,13683.7001953125,14644.650390625,2414.300048828125,3364.800048828125
2018-12-26,10729.849609375,26986.486328125,14158.900390625,29996.25,9227.0,8684.849609375,3098.449951171875,233.9499969482422,14063.7001953125,3139.35009765625,3062.14990234375,13722.5498046875,14753.7001953125,2465.39990234375,3381.449951171875
2018-12-27,10779.7998046875,26878.23828125,14354.5,30377.5,9184.099609375,8665.75,3089.0,232.60000610351562,14284.599609375,3154.10009765625,3048.75,13743.2998046875,14806.2998046875,2507.85009765625,3391.449951171875
2018-12-28,10859.900390625,27124.935546875,14385.7998046875,30544.0,9223.7998046875,8814.2001953125,3112.199951171875,233.1999969482422,14369.7998046875,3177.39990234375,3079.89990234375,13879.7998046875,14922.4501953125,2556.14990234375,3420.300048828125
2018-12-31,10862.5498046875,27159.8828125,14440.2998046875,30516.650390625,9235.5498046875,8868.7001953125,3154.60009765625,232.35000610351562,14334.849609375,3175.300048828125,3088.0,13941.849609375,14934.25,2566.199951171875,3431.199951171875
2019-01-01,,,,30398.44921875,9182.4501953125,8881.9501953125,3135.25,237.5,14348.0,3190.550048828125,3137.199951171875,13881.650390625,15056.900390625,2574.14990234375,3423.449951171875
2019-01-02,10792.5,27174.3828125,14447.099609375,30195.19921875,8902.650390625,8839.9501953125,3028.449951171875,234.10000610351562,14140.5498046875,3143.949951171875,3077.5,13689.599609375,14938.0498046875,2540.5,3364.10009765625
2019-01-03,10672.25,26959.537109375,14322.150390625,30189.19921875,8767.349609375,8722.2998046875,2960.39990234375,233.9499969482422,13914.599609375,3104.050048828125,3054.14990234375,13581.849609375,14789.0498046875,2491.699951171875,3296.050048828125
2019-01-04,10727.349609375,27194.68359375,14146.150390625,30190.19921875,8809.349609375,8788.0498046875,3001.699951171875,235.89999389648438,14043.0498046875,3130.64990234375,3125.10009765625,13584.2001953125,14868.849609375,2519.14990234375,3331.14990234375
2019-01-07,10771.7998046875,27304.234375,14291.5,30282.599609375,8820.0,8732.650390625,2997.10009765625,239.0500030517578,14137.0498046875,3146.39990234375,3109.10009765625,13620.849609375,14942.0498046875,2527.199951171875,3345.449951171875
2019-01-08,10802.150390625,27509.1796875,14285.7001953125,30272.0,8859.650390625,8864.75,3010.300048828125,239.0,14106.349609375,3145.699951171875,3195.300048828125,13606.7998046875,14976.75,2495.89990234375,3345.85009765625
2019-01-09,10855.150390625,27720.078125,14326.099609375,30577.349609375,8907.099609375,8906.7001953125,2975.5,240.5500030517578,14061.0,3145.800048828125,3187.39990234375,13622.349609375,15073.650390625,2494.949951171875,3310.800048828125
2019-01-10,10821.599609375,27528.23046875,14323.25,30571.650390625,8933.349609375,8934.7998046875,2972.35009765625,239.89999389648438,14004.5498046875,3154.35009765625,3188.85009765625,13641.150390625,15015.650390625,2496.949951171875,3303.0
2019-01-11,10794.9501953125,27453.58203125,14307.099609375,30759.05078125,8862.349609375,8902.4501953125,2971.25,236.64999389648438,13937.5498046875,3119.5,3160.0,13620.2998046875,14983.650390625,2496.35009765625,3297.85009765625
2019-01-14,10737.599609375,27247.93359375,14223.599609375,30716.400390625,8849.7001953125,8949.2998046875,2939.35009765625,234.35000610351562,13865.2001953125,3075.25,3145.25,13576.7001953125,14886.349609375,2471.85009765625,3277.75
2019-01-15,10886.7998046875,27400.431640625,14658.5,31011.05078125,8888.400390625,9027.5,2986.300048828125,238.5500030517578,14162.599609375,3096.800048828125,3151.10009765625,13730.900390625,15094.0498046875,2501.64990234375,3326.35009765625
2019-01-16,10890.2998046875,27483.37890625,14707.7998046875,30783.849609375,8866.75,9054.2001953125,2967.050048828125,238.5500030517578,14242.599609375,3101.699951171875,3170.0,13649.5,15119.599609375,2480.39990234375,3332.449951171875
2019-01-17,10905.2001953125,27528.4296875,14800.25,30737.25,8878.2001953125,8930.5,2963.050048828125,241.39999389648438,14257.5,3105.0,3120.39990234375,13659.9501953125,15161.9501953125,2428.699951171875,3329.0
2019-01-18,10906.9501953125,27456.380859375,14893.0,30540.349609375,8844.7998046875,8689.599609375,2957.10009765625,238.3000030517578,14607.5,3055.5,3083.949951171875,13599.2998046875,15126.099609375,2389.60009765625,3335.25
2019-01-21,10961.849609375,27533.279296875,14966.400390625,30485.0,8746.849609375,8734.7001953125,2945.800048828125,234.89999389648438,14963.849609375,3035.14990234375,3043.449951171875,13554.150390625,15176.0498046875,2375.949951171875,3338.10009765625
2019-01-22,10922.75,27481.9296875,14962.599609375,30507.599609375,8675.150390625,8892.599609375,2880.64990234375,236.64999389648438,14949.849609375,3019.39990234375,3013.449951171875,13491.0498046875,15126.2998046875,2343.25,3314.89990234375
2019-01-23,10831.5,27250.43359375,14888.75,29991.400390625,8612.25,8946.2001953125,2896.89990234375,235.5,14849.7998046875,2999.39990234375,2975.0,13503.5,14992.349609375,2373.75,3306.39990234375
2019-01-24,10849.7998046875,27266.083984375,14971.900390625,30036.75,8537.25,8894.5,2893.5,240.60000610351562,14990.400390625,2984.25,2991.699951171875,13473.5498046875,15023.2001953125,2369.60009765625,3300.64990234375
2019-01-25,10780.5498046875,27114.986328125,15039.2998046875,29938.05078125,8259.7998046875,8891.0,2857.550048828125,230.0500030517578,14970.0498046875,2968.89990234375,2950.64990234375,13267.0,14949.099609375,1981.5999755859375,3259.39990234375
2019-01-28,10661.5498046875,26652.740234375,15120.150390625,29565.55078125,8143.0,8663.900390625,2827.14990234375,229.3000030517578,14820.0498046875,2941.550048828125,2903.550048828125,13128.349609375,14763.400390625,2147.550048828125,3214.14990234375
2019-01-29,10652.2001953125,26573.091796875,15231.2998046875,29758.900390625,8120.4501953125,8756.900390625,2828.35009765625,228.1999969482422,14630.5,2947.14990234375,2920.39990234375,13159.75,14757.099609375,2160.199951171875,3210.39990234375
2019-01-30,10651.7998046875,26825.1875,15255.2001953125,29463.849609375,8118.39990234375,8734.599609375,2882.050048828125,226.5,14479.25,2949.199951171875,2976.39990234375,13228.099609375,14790.599609375,2197.050048828125,3220.25
2019-01-31,10830.9501953125,27295.1328125,15499.2998046875,29800.55078125,8218.400390625,8825.349609375,2915.85009765625,228.5500030517578,14792.9501953125,2976.85009765625,3025.800048828125,13320.650390625,15032.849609375,2173.39990234375,3266.949951171875
2019-02-01,10893.650390625,27085.634765625,15724.2998046875,30199.900390625,8441.25,8969.5498046875,2815.64990234375,231.39999389648438,14975.75,2997.949951171875,2931.449951171875,13262.0498046875,15077.4501953125,2097.25,3237.300048828125
2019-02-04,10912.25,27186.283203125,15754.7998046875,30008.900390625,8395.5498046875,8811.900390625,2794.449951171875,229.10000610351562,15215.349609375,2944.199951171875,2916.75,13263.650390625,15092.400390625,2068.25,3228.10009765625
2019-02-05,10934.349609375,27271.3828125,15738.7001953125,29759.849609375,8468.2998046875,8800.599609375,2768.300048828125,223.9499969482422,15198.9501953125,2925.64990234375,2910.199951171875,13227.75,15130.2001953125,2115.14990234375,3209.800048828125
2019-02-06,11062.4501953125,27402.03125,16055.599609375,30029.0,8567.400390625,8906.900390625,2832.949951171875,225.10000610351562,15394.150390625,2932.10009765625,2951.5,13315.4501953125,15264.2998046875,2201.199951171875,3259.14990234375
2019-02-07,11069.400390625,27386.83203125,16085.849609375,30266.30078125,8736.7001953125,9056.150390625,2835.800048828125,224.9499969482422,15225.099609375,2922.5,2940.60009765625,13427.2001953125,15256.150390625,2256.64990234375,3265.699951171875
2019-02-08,10943.599609375,27294.083984375,16019.7998046875,29769.05078125,8420.349609375,8984.849609375,2740.5,226.64999389648438,15013.650390625,2884.5,2895.800048828125,13189.25,15160.150390625,2214.35009765625,3196.14990234375
2019-02-11,10888.7998046875,27227.484375,16099.0498046875,29728.5,8320.2998046875,8838.0,2725.199951171875,224.35000610351562,14762.900390625,2861.199951171875,2845.39990234375,13038.900390625,15133.2001953125,2243.60009765625,3154.699951171875
2019-02-12,10831.400390625,27010.435546875,15938.650390625,29524.0,8278.099609375,8904.9501953125,2767.949951171875,221.1999969482422,14802.150390625,2854.64990234375,2799.60009765625,12978.849609375,14987.900390625,2273.5,3175.85009765625
2019-02-14,10746.0498046875,26970.28515625,15861.650390625,29451.44921875,8223.349609375,8920.900390625,2733.64990234375,223.10000610351562,14335.099609375,2818.0,2748.800048828125,12861.650390625,14942.4501953125,2338.10009765625,3120.5
2019-02-15,10724.400390625,26793.939453125,15815.599609375,29309.099609375,8132.5498046875,8643.2998046875,2677.10009765625,222.5500030517578,14618.4501953125,2856.199951171875,2694.39990234375,12671.75,14874.099609375,2309.949951171875,3117.39990234375
2019-02-18,10640.9501953125,26653.939453125,15659.0,28965.150390625,8067.7001953125,8573.9501953125,2652.0,224.25,14433.7998046875,2851.64990234375,2660.800048828125,12581.2001953125,14787.0498046875,2325.75,3092.800048828125
2019-02-19,10604.349609375,26684.5390625,15333.5,29009.69921875,8073.39990234375,8552.7001953125,2689.699951171875,228.10000610351562,14411.0498046875,2851.64990234375,2696.300048828125,12606.7998046875,14677.4501953125,2357.25,3112.25
2019-02-20,10735.4501953125,26955.1875,15609.4501953125,29053.400390625,8121.5,8606.349609375,2765.0,228.6999969482422,14679.150390625,2900.800048828125,2742.64990234375,12771.2001953125,14871.2998046875,2361.199951171875,3187.050048828125
2019-02-21,10789.849609375,27052.0859375,15588.900390625,29166.349609375,8156.75,8706.349609375,2796.14990234375,229.60000610351562,14796.7998046875,2906.75,2756.25,12884.900390625,14925.7001953125,2387.0,3218.199951171875
2019-02-22,10791.650390625,26867.23828125,15684.7001953125,29241.19921875,8278.9501953125,8772.599609375,2842.199951171875,233.14999389648438,14777.0498046875,2917.449951171875,2777.39990234375,12998.5498046875,14896.4501953125,2394.85009765625,3256.0
2019-02-25,10880.099609375,27158.93359375,16003.7001953125,29327.05078125,8371.4501953125,8816.2001953125,2852.10009765625,231.4499969482422,14762.9501953125,2897.60009765625,2770.949951171875,13060.349609375,15070.2001953125,2388.699951171875,3272.550048828125
2019-02-26,10835.2998046875,26952.63671875,15989.599609375,29253.650390625,8399.099609375,8829.4501953125,2854.89990234375,227.64999389648438,14695.599609375,2889.64990234375,2729.699951171875,13049.5,14985.599609375,2465.64990234375,3282.35009765625
2019-02-27,10806.650390625,26798.990234375,15902.099609375,29171.94921875,8420.0498046875,8866.2001953125,2846.85009765625,228.0,14689.0498046875,2900.050048828125,2743.85009765625,13038.0,14915.5498046875,2443.949951171875,3286.25
2019-02-28,10792.5,26789.58984375,15732.0,29262.849609375,8355.150390625,8884.849609375,2871.60009765625,230.25,14818.5,2917.699951171875,2760.800048828125,13078.7998046875,14875.7998046875,2465.449951171875,3305.60009765625
2019-03-01,10863.5,27043.5859375,15848.2998046875,29464.900390625,8413.650390625,8972.650390625,2922.699951171875,230.35000610351562,14857.849609375,2942.64990234375,2832.0,13196.650390625,14999.0,2544.60009765625,3349.449951171875
2019-03-05,10987.4501953125,27553.73046875,15664.099609375,29649.19921875,8676.599609375,9054.650390625,3000.199951171875,234.9499969482422,15108.599609375,2979.550048828125,2895.800048828125,13316.349609375,15131.5498046875,2566.300048828125,3437.699951171875
2019-03-06,11053.0,27625.330078125,15735.0498046875,29710.30078125,8651.75,9155.0,3021.300048828125,236.85000610351562,15363.0498046875,3009.050048828125,2911.050048828125,13275.400390625,15205.2001953125,2532.800048828125,3469.0
2019-03-07,11058.2001953125,27764.27734375,15582.099609375,29904.05078125,8635.7001953125,9045.650390625,2992.85009765625,236.0500030517578,15348.349609375,3032.800048828125,2952.050048828125,13251.25,15195.5498046875,2486.050048828125,3438.449951171875
2019-03-08,11035.400390625,27761.478515625,15408.7001953125,29945.75,8582.599609375,9021.849609375,2947.949951171875,236.5,15352.5498046875,3038.550048828125,2937.300048828125,13201.650390625,15182.25,2461.25,3434.10009765625
2019-03-11,11168.0498046875,27966.326171875,15388.5,30256.400390625,8782.7001953125,9155.0498046875,3028.85009765625,238.64999389648438,15770.9501953125,3111.85009765625,3006.949951171875,13428.4501953125,15292.400390625,2481.550048828125,3517.449951171875
2019-03-12,11301.2001953125,28443.369140625,15384.5498046875,30480.80078125,8802.900390625,9274.7998046875,3043.050048828125,244.89999389648438,15991.150390625,3168.75,3001.25,13517.0,15472.150390625,2534.449951171875,3533.25
2019-03-13,11341.7001953125,28883.96484375,15342.900390625,30451.599609375,8767.5498046875,9100.25,2985.75,246.35000610351562,16041.7998046875,3142.64990234375,3050.60009765625,13407.349609375,15593.0,2482.64990234375,3499.699951171875
2019-03-14,11343.25,28922.763671875,15260.4501953125,30467.30078125,8725.5,9184.900390625,3002.050048828125,251.8000030517578,16024.9501953125,3142.64990234375,3041.89990234375,13388.0,15591.75,2491.75,3509.5
2019-03-15,11426.849609375,29381.107421875,15546.599609375,29953.400390625,8748.0498046875,9221.75,3008.25,251.60000610351562,16046.2001953125,3173.25,3098.949951171875,13304.0498046875,15828.2001953125,2503.949951171875,3536.25
2019-03-18,11462.2001953125,29595.755859375,15359.4501953125,30172.30078125,8627.0498046875,9204.9501953125,3028.39990234375,258.70001220703125,16333.150390625,3164.10009765625,3117.89990234375,13238.650390625,15841.099609375,2521.550048828125,3569.800048828125
2019-03-19,11532.400390625,29767.50390625,15495.5498046875,30433.150390625,8567.0498046875,9244.599609375,3027.39990234375,259.0,16593.900390625,3171.949951171875,3176.300048828125,13237.099609375,15938.400390625,2539.35009765625,3594.60009765625
2019-03-20,11521.0498046875,29831.8515625,15599.25,30297.349609375,8445.099609375,9264.5,2996.10009765625,265.29998779296875,16397.400390625,3162.5,3190.050048828125,13192.349609375,15974.349609375,2453.550048828125,3537.449951171875
2019-03-22,11456.900390625,29582.15625,15551.099609375,30198.849609375,8336.599609375,9199.349609375,2983.199951171875,266.95001220703125,16152.2998046875,3185.89990234375,3124.199951171875,13128.7998046875,15901.650390625,2409.800048828125,3530.0
2019-03-25,11354.25,29280.859375,15416.849609375,29921.44921875,8238.5498046875,9170.150390625,2949.64990234375,261.79998779296875,16147.900390625,3158.85009765625,3082.60009765625,12984.099609375,15743.849609375,2343.35009765625,3525.800048828125
2019-03-26,11483.25,29881.802734375,15356.599609375,29957.80078125,8287.25,9245.0,2980.60009765625,264.04998779296875,16541.349609375,3190.10009765625,3178.949951171875,13085.5,15924.400390625,2363.39990234375,3573.64990234375
2019-03-27,11445.0498046875,30019.451171875,15339.400390625,29891.349609375,8215.349609375,9148.7998046875,2982.10009765625,262.8500061035156,16330.099609375,3165.39990234375,3229.39990234375,13097.7998046875,15919.2001953125,2385.64990234375,3553.300048828125
2019-03-28,11570.0,30420.197265625,15566.75,30243.25,8234.25,9199.400390625,2973.699951171875,266.6499938964844,16384.5,3197.60009765625,3346.25,13171.099609375,16138.25,2468.64990234375,3557.300048828125
2019-04-01,11669.150390625,30326.1484375,15840.650390625,30193.150390625,8414.349609375,9375.400390625,3102.300048828125,267.20001220703125,16532.099609375,3238.64990234375,3384.85009765625,13365.849609375,16221.7998046875,2481.0,3641.75
2019-04-02,11713.2001953125,30353.896484375,15988.400390625,30073.150390625,8504.2998046875,9296.9501953125,3089.10009765625,273.3999938964844,16523.5,3249.10009765625,3425.10009765625,13313.7001953125,16322.650390625,2459.449951171875,3620.64990234375
2019-04-03,11643.9501953125,30092.951171875,15962.9501953125,29969.0,8480.650390625,9180.2998046875,3085.0,272.6000061035156,16258.650390625,3208.0,3332.10009765625,13314.099609375,16251.75,2401.85009765625,3585.550048828125
2019-04-04,11598.0,29904.552734375,15744.7998046875,29998.69921875,8536.349609375,9263.400390625,3071.89990234375,272.3999938964844,16120.599609375,3202.14990234375,3318.199951171875,13314.2001953125,16171.75,2428.0,3581.85009765625
2019-04-05,11665.9501953125,30084.30078125,15923.0498046875,29869.150390625,8564.599609375,9271.5498046875,3132.35009765625,276.0,16171.4501953125,3208.300048828125,3294.89990234375,13343.349609375,16300.2001953125,2440.85009765625,3627.35009765625
2019-04-08,11604.5,29844.953125,16028.25,29804.44921875,8526.2998046875,9243.900390625,3101.699951171875,269.95001220703125,15983.2998046875,3207.64990234375,3258.699951171875,13291.599609375,16241.5498046875,2415.800048828125,3594.60009765625
2019-04-09,11671.9501953125,30113.5,16121.599609375,30019.25,8622.7998046875,9333.2998046875,3133.64990234375,273.75,16068.25,3204.0,3312.0,13381.099609375,16333.25,2410.75,3615.64990234375
2019-04-10,11584.2998046875,29803.154296875,15999.150390625,29994.94921875,8644.5,9407.900390625,3105.199951171875,276.8500061035156,16026.900390625,3182.949951171875,3277.699951171875,13378.599609375,16139.0498046875,2404.050048828125,3597.949951171875
2019-04-11,11596.7001953125,29785.75390625,15874.75,30151.150390625,8690.0498046875,9391.150390625,3067.449951171875,274.8500061035156,16159.150390625,3195.699951171875,3275.60009765625,13389.5,16115.650390625,2408.60009765625,3600.550048828125
2019-04-12,11643.4501953125,29938.203125,15911.099609375,30533.69921875,8777.4501953125,9426.4501953125,3071.60009765625,275.70001220703125,16169.75,3194.25,3302.25,13471.7998046875,16171.900390625,2442.85009765625,3602.800048828125
2019-04-15,11690.349609375,30103.900390625,16113.7001953125,30547.400390625,8911.599609375,9417.75,3141.35009765625,280.25,16114.4501953125,3203.0,3289.199951171875,13502.349609375,16240.650390625,2433.25,3630.199951171875
2019-04-16,11787.150390625,30530.994140625,16084.900390625,30742.599609375,8983.5498046875,9417.7998046875,3149.89990234375,277.45001220703125,16203.5498046875,3240.699951171875,3280.10009765625,13565.2998046875,16375.2001953125,2433.89990234375,3657.39990234375
2019-04-18,11752.7998046875,30223.048828125,16079.2998046875,30558.94921875,8972.650390625,9409.900390625,3109.85009765625,270.3999938964844,16336.25,3195.60009765625,3212.64990234375,13478.400390625,16246.4501953125,2380.10009765625,3645.14990234375
2019-04-22,11594.4501953125,29687.603515625,16150.599609375,30418.099609375,8813.900390625,9285.4501953125,3054.10009765625,263.70001220703125,15944.2998046875,3173.64990234375,3133.89990234375,13341.75,16048.150390625,2358.60009765625,3572.75
2019-04-23,11575.9501953125,29479.357421875,16166.2998046875,30495.05078125,8682.900390625,9388.7998046875,3042.0,263.1499938964844,16010.7001953125,3145.14990234375,3121.35009765625,13298.849609375,15984.349609375,2361.75,3575.699951171875
2019-04-24,11726.150390625,29860.453125,16370.349609375,30631.25,8646.0498046875,9459.0,3047.75,264.8500061035156,16305.75,3170.0,3169.5,13280.2998046875,16210.5,2390.35009765625,3621.39990234375
2019-04-25,11641.7998046875,29561.005859375,16352.7998046875,30371.30078125,8587.900390625,9442.5498046875,2991.10009765625,265.70001220703125,16243.5498046875,3143.39990234375,3119.89990234375,13177.349609375,16085.25,2379.550048828125,3626.35009765625
2019-04-26,11754.650390625,30013.150390625,16504.44921875,30440.75,8493.7998046875,9461.7001953125,3046.64990234375,264.3999938964844,16431.5,3142.449951171875,3162.0,13153.2998046875,16290.400390625,2375.25,3665.39990234375
2019-04-30,11748.150390625,29764.455078125,16705.400390625,30336.900390625,8350.599609375,9402.5,3089.10009765625,258.29998779296875,16500.0,3107.5,3056.35009765625,13043.5498046875,16296.0498046875,2408.75,3688.199951171875
2019-05-02,11724.75,29708.25390625,16403.69921875,30091.25,8333.849609375,9291.2998046875,3085.5,258.6000061035156,16499.05078125,3132.14990234375,3056.35009765625,12927.400390625,16223.849609375,2370.14990234375,3681.199951171875
2019-05-03,11712.25,29953.802734375,16092.9501953125,29750.55078125,8381.4501953125,9220.4501953125,3081.25,262.6499938964844,16568.30078125,3150.35009765625,3089.60009765625,12848.099609375,16203.5,2349.050048828125,3685.25
2019-05-06,11598.25,29618.10546875,16111.349609375,29575.849609375,8268.4501953125,9189.75,3018.75,258.79998779296875,16503.150390625,3126.39990234375,3048.5,12735.5498046875,16052.0498046875,2297.89990234375,3654.199951171875
2019-05-07,11497.900390625,29287.859375,16135.75,29557.05078125,8206.25,9148.2001953125,2980.39990234375,255.75,16231.2001953125,3108.300048828125,2981.300048828125,12702.5498046875,15941.7998046875,2234.949951171875,3608.25
2019-05-08,11359.4501953125,28994.0625,16061.599609375,29395.69921875,8095.89990234375,9003.349609375,2959.5,250.35000610351562,15925.7998046875,3075.5,2940.10009765625,12575.2998046875,15765.2001953125,2133.64990234375,3572.25
2019-05-09,11301.7998046875,28884.263671875,16132.849609375,29474.80078125,8103.5,8976.900390625,2917.10009765625,251.1999969482422,15635.4501953125,3043.75,2947.39990234375,12536.2001953125,15739.7001953125,2209.949951171875,3522.5
2019-05-10,11278.900390625,29040.162109375,15949.599609375,29359.05078125,8093.2001953125,8944.599609375,2872.5,251.1999969482422,15493.849609375,3052.75,3022.5,12523.0498046875,15752.400390625,2228.0,3487.5
2019-05-13,11148.2001953125,28659.615234375,15955.2998046875,29061.0,7938.64990234375,8553.5,2820.85009765625,246.39999389648438,15172.099609375,2984.949951171875,2871.449951171875,12434.900390625,15638.400390625,2143.85009765625,3420.5
2019-05-14,11222.0498046875,28828.86328125,15762.75,29235.099609375,7955.5,8683.900390625,2837.89990234375,248.3000030517578,15399.2998046875,3044.10009765625,2953.300048828125,12506.9501953125,15676.849609375,2149.050048828125,3452.699951171875
2019-05-15,11157.0,28616.1171875,15776.7998046875,29185.099609375,7856.85009765625,8595.75,2778.39990234375,249.10000610351562,15274.2998046875,2996.050048828125,2900.5,12418.849609375,15597.9501953125,2068.699951171875,3417.75
2019-05-16,11257.099609375,28854.96484375,15934.0,29228.69921875,7891.89990234375,8577.349609375,2810.85009765625,251.85000610351562,15530.9501953125,3010.39990234375,2912.35009765625,12500.599609375,15740.650390625,2115.550048828125,3479.550048828125
2019-05-17,11407.150390625,29449.80859375,15843.400390625,29962.150390625,8085.75,8448.9501953125,2807.25,252.5500030517578,15538.650390625,3032.14990234375,2949.199951171875,12682.7998046875,15982.25,2190.25,3482.949951171875
2019-05-20,11828.25,30759.341796875,15968.2001953125,30547.650390625,8422.099609375,8505.9501953125,2899.14990234375,267.0,16240.400390625,3188.10009765625,3181.449951171875,13026.900390625,16578.69921875,2226.5,3634.300048828125
2019-05-21,11709.099609375,30308.048828125,15766.9501953125,30537.900390625,8209.4501953125,8488.25,2854.25,265.95001220703125,16087.400390625,3151.89990234375,3141.39990234375,12965.099609375,16359.25,2174.89990234375,3581.89990234375
2019-05-22,11737.900390625,30526.4453125,15666.150390625,30247.650390625,8246.5498046875,8510.849609375,2864.449951171875,266.95001220703125,16171.9501953125,3169.39990234375,3155.60009765625,12924.9501953125,16412.349609375,2163.60009765625,3601.10009765625
2019-05-23,11657.0498046875,30408.74609375,15538.849609375,29723.80078125,8216.900390625,8497.599609375,2822.0,268.20001220703125,16129.099609375,3211.35009765625,3150.64990234375,12830.5498046875,16322.75,2192.10009765625,3591.550048828125
2019-05-24,11844.099609375,31212.1875,15569.849609375,29965.400390625,8460.25,8608.4501953125,2904.300048828125,280.1000061035156,16267.2998046875,3305.89990234375,3326.89990234375,13059.099609375,16604.44921875,2220.800048828125,3660.85009765625
2019-05-27,11924.75,31647.283203125,15556.650390625,30105.400390625,8462.2001953125,8525.0,2965.699951171875,286.20001220703125,16382.650390625,3380.050048828125,3394.949951171875,13206.400390625,16771.30078125,2202.300048828125,3718.64990234375
2019-05-28,11928.75,31597.533203125,15762.0498046875,30068.94921875,8398.2001953125,8513.849609375,2992.949951171875,286.54998779296875,16487.94921875,3356.89990234375,3370.550048828125,13242.099609375,16803.69921875,2245.85009765625,3728.0
2019-05-29,11861.099609375,31295.1875,15865.599609375,30014.19921875,8281.900390625,8484.650390625,2937.300048828125,284.95001220703125,16325.9501953125,3316.25,3275.89990234375,13123.7001953125,16735.69921875,2225.300048828125,3675.300048828125
2019-05-30,11945.900390625,31536.732421875,15997.349609375,30002.400390625,8235.7001953125,8474.7001953125,2924.5,284.6000061035156,16524.30078125,3353.699951171875,3289.25,13139.5498046875,16908.0,2226.39990234375,3691.75
2019-05-31,11922.7998046875,31375.03515625,16160.650390625,29850.400390625,8175.5,8455.099609375,2900.39990234375,283.95001220703125,16560.349609375,3338.85009765625,3247.60009765625,13153.9501953125,16913.69921875,2204.050048828125,3685.199951171875
2019-06-03,12088.5498046875,31653.283203125,16360.5498046875,30278.75,8328.2001953125,8536.599609375,2951.25,286.75,16760.150390625,3357.89990234375,3265.550048828125,13341.2998046875,17111.650390625,2198.0,3729.699951171875
2019-06-04,12021.650390625,31588.68359375,16105.2001953125,30197.94921875,8300.2001953125,8432.9501953125,2956.39990234375,285.70001220703125,16642.05078125,3369.89990234375,3273.800048828125,13290.150390625,17020.69921875,2165.949951171875,3700.199951171875
2019-06-06,11843.75,30857.041015625,16012.099609375,30057.400390625,8226.4501953125,8279.099609375,2923.050048828125,280.70001220703125,16334.5498046875,3321.0,3113.5,13169.2998046875,16720.0,2131.949951171875,3648.64990234375
2019-06-07,11870.650390625,31066.189453125,16109.849609375,29971.44921875,8192.0,8179.60009765625,2906.949951171875,279.3500061035156,16231.150390625,3316.699951171875,3107.89990234375,13135.099609375,16834.25,2131.449951171875,3640.050048828125
2019-06-10,11922.7001953125,31033.638671875,16362.400390625,30360.900390625,8216.650390625,8246.7001953125,2912.25,280.20001220703125,16125.0498046875,3338.800048828125,3060.300048828125,13271.0498046875,16891.650390625,2095.35009765625,3631.300048828125
2019-06-11,11965.599609375,31265.0859375,16448.099609375,30311.30078125,8240.25,8243.5,2950.64990234375,280.5,16230.150390625,3339.5,3112.050048828125,13311.349609375,16966.30078125,2122.89990234375,3663.89990234375
2019-06-12,11906.2001953125,30965.33984375,16425.94921875,30379.25,8146.9501953125,8179.14990234375,2962.10009765625,274.75,16202.0,3306.75,3099.14990234375,13279.650390625,16844.400390625,2109.64990234375,3655.949951171875
2019-06-13,11914.0498046875,30975.740234375,16316.599609375,30354.55078125,8116.9501953125,8148.5498046875,2955.949951171875,276.5,16209.150390625,3322.050048828125,3066.89990234375,13223.0,16868.05078125,2134.0,3654.75
2019-06-14,11823.2998046875,30613.994140625,16268.2001953125,29966.099609375,8031.60009765625,8083.5498046875,2944.89990234375,270.70001220703125,16117.400390625,3308.5,3056.25,13117.900390625,16723.150390625,2086.14990234375,3629.550048828125
2019-06-17,11672.150390625,30272.8984375,16228.2001953125,29703.900390625,7896.10009765625,7975.25,2860.5,267.1000061035156,15790.0498046875,3263.10009765625,3006.14990234375,12918.7001953125,16576.400390625,2053.699951171875,3548.75
2019-06-18,11691.5,30350.646484375,16322.5,29580.75,7859.35009765625,7916.9501953125,2874.89990234375,267.29998779296875,15904.2001953125,3272.10009765625,3012.449951171875,12882.9501953125,16622.0,2051.199951171875,3576.199951171875
2019-06-19,11691.4501953125,30361.74609375,16282.7001953125,29585.400390625,7772.2001953125,7790.5,2886.300048828125,270.25,15887.150390625,3261.5,2985.14990234375,12859.9501953125,16649.099609375,2058.550048828125,3562.449951171875
2019-06-20,11831.75,30780.7421875,16316.9501953125,29651.44921875,7965.4501953125,8029.0,2940.10009765625,275.45001220703125,16081.0,3325.699951171875,3065.60009765625,13018.150390625,16821.900390625,2076.949951171875,3604.89990234375
2019-06-21,11724.099609375,30627.994140625,16189.400390625,29423.849609375,7868.25,7911.5498046875,2930.199951171875,274.1499938964844,15951.400390625,3306.35009765625,3085.550048828125,12909.349609375,16692.849609375,2047.699951171875,3592.300048828125
2019-06-24,11699.650390625,30601.6953125,16187.400390625,29464.19921875,7832.2998046875,7902.0,2892.449951171875,271.5,15782.099609375,3315.25,3093.35009765625,12884.349609375,16692.75,2038.050048828125,3568.10009765625
2019-06-25,11796.4501953125,30846.69140625,16214.4501953125,29552.599609375,7878.25,7947.2001953125,2942.64990234375,274.04998779296875,16092.849609375,3332.550048828125,3126.550048828125,12934.9501953125,16803.94921875,2043.449951171875,3622.75
2019-06-26,11847.5498046875,31161.98828125,16101.75,29524.099609375,7883.5498046875,8086.2998046875,3022.949951171875,278.1499938964844,16191.900390625,3376.5,3185.35009765625,12987.2998046875,16883.94921875,2053.949951171875,3668.75
2019-06-27,11841.5498046875,31269.13671875,15991.7998046875,29486.80078125,7971.4501953125,8088.0,3014.199951171875,283.45001220703125,16142.0,3376.39990234375,3184.300048828125,13047.400390625,16906.400390625,2049.64990234375,3666.800048828125
2019-06-28,11788.849609375,31104.837890625,15936.4501953125,29546.05078125,7928.0498046875,8065.14990234375,2980.199951171875,284.79998779296875,16046.7998046875,3369.199951171875,3205.64990234375,13044.099609375,16846.849609375,2039.800048828125,3635.5
2019-07-01,11865.599609375,31371.833984375,15916.7001953125,29600.400390625,8029.14990234375,8178.7998046875,2977.949951171875,291.79998779296875,15964.0,3388.949951171875,3218.10009765625,13048.0498046875,16996.19921875,2092.75,3615.64990234375
2019-07-02,11910.2998046875,31282.9375,16074.099609375,29710.94921875,8045.64990234375,8101.64990234375,2993.35009765625,287.5,16121.7001953125,3406.699951171875,3200.60009765625,13134.5498046875,17056.650390625,2089.35009765625,3650.550048828125
2019-07-03,11916.75,31381.935546875,15927.650390625,29812.650390625,8039.5,8092.2001953125,2992.14990234375,289.8999938964844,16175.5,3425.85009765625,3255.64990234375,13109.4501953125,17050.69921875,2111.75,3658.0
2019-07-04,11946.75,31471.484375,,29889.44921875,8077.2001953125,8046.7998046875,2962.5,292.54998779296875,16203.650390625,3437.550048828125,3297.300048828125,13145.5498046875,17098.849609375,2103.60009765625,3669.89990234375
2019-07-05,11811.150390625,31475.435546875,15550.0498046875,29973.25,7849.10009765625,7926.5,2851.25,282.1000061035156,15818.400390625,3373.449951171875,3303.35009765625,12930.849609375,16960.849609375,2053.14990234375,3561.800048828125
2019-07-08,11558.599609375,30603.494140625,15376.0,29594.650390625,7593.2998046875,7801.75,2791.199951171875,272.25,15379.9501953125,3268.0,3108.449951171875,12683.599609375,16597.44921875,1986.300048828125,3462.60009765625
2019-07-09,11555.900390625,30568.794921875,15254.5,29321.30078125,7593.2998046875,8012.0498046875,2788.050048828125,279.95001220703125,15587.5,3314.10009765625,3151.64990234375,12628.5,16560.44921875,1984.3499755859375,3494.800048828125
2019-07-10,11498.900390625,30521.744140625,15168.599609375,29154.05078125,7511.14990234375,8009.5,2756.449951171875,275.54998779296875,15466.400390625,3267.35009765625,3117.300048828125,12528.5,16493.0,1980.449951171875,3464.300048828125
2019-07-11,11582.900390625,30716.193359375,15214.2998046875,29293.650390625,7650.9501953125,8110.0498046875,2805.25,279.1000061035156,15547.650390625,3281.39990234375,3170.89990234375,12607.25,16606.150390625,2057.14990234375,3492.449951171875
2019-07-12,11552.5,30601.09375,15227.400390625,29252.0,7653.64990234375,8144.2998046875,2826.300048828125,280.54998779296875,15432.5498046875,3249.699951171875,3178.60009765625,12652.599609375,16558.55078125,2066.10009765625,3489.75
2019-07-15,11588.349609375,30445.595703125,15662.0498046875,29079.900390625,7674.25,8231.849609375,2823.0,280.25,15411.5,3215.050048828125,3097.35009765625,12669.5,16658.75,2056.35009765625,3502.5
2019-07-16,11662.599609375,30570.4453125,15580.4501953125,29366.599609375,7727.10009765625,8347.9501953125,2847.35009765625,285.54998779296875,15650.150390625,3256.25,3142.39990234375,12736.9501953125,16719.94921875,2053.35009765625,3536.300048828125
2019-07-17,11687.5,30735.142578125,15676.0,29614.25,7648.14990234375,8330.75,2848.800048828125,286.04998779296875,15518.0,3241.14990234375,3177.550048828125,12776.650390625,16803.150390625,2067.449951171875,3530.64990234375
2019-07-18,11596.900390625,30430.24609375,15498.5,29553.900390625,7438.7001953125,8223.150390625,2778.60009765625,281.70001220703125,15256.650390625,3194.199951171875,3076.5,12635.900390625,16731.150390625,2072.199951171875,3469.25
2019-07-19,11419.25,29770.00390625,15383.650390625,29027.55078125,7192.75,8040.10009765625,2741.85009765625,277.54998779296875,15223.099609375,3171.10009765625,3018.10009765625,12423.7998046875,16460.69921875,2020.0999755859375,3437.300048828125
2019-07-22,11346.2001953125,29284.609375,15448.25,28714.94921875,7220.25,8120.85009765625,2788.10009765625,273.6499938964844,15419.900390625,3177.800048828125,3001.550048828125,12457.4501953125,16211.650390625,2058.050048828125,3479.14990234375
2019-07-23,11331.0498046875,29127.76171875,15493.400390625,28990.900390625,7176.64990234375,8063.64990234375,2778.75,276.3500061035156,15456.650390625,3192.949951171875,2908.050048828125,12421.0,16147.0,2062.5,3473.14990234375
2019-07-24,11271.2998046875,28951.9140625,15380.75,28992.5,7036.7001953125,7920.64990234375,2712.949951171875,273.45001220703125,15275.7001953125,3149.0,2857.699951171875,12292.0498046875,16090.4501953125,2097.300048828125,3416.10009765625
2019-07-25,11252.150390625,29042.712890625,15474.650390625,28983.55078125,7010.5498046875,8094.35009765625,2686.39990234375,273.79998779296875,15061.4501953125,3128.39990234375,2831.14990234375,12390.599609375,16127.4501953125,2119.89990234375,3382.300048828125
2019-07-26,11284.2998046875,29324.958984375,15348.0498046875,29142.30078125,7161.5,8178.89990234375,2692.449951171875,274.3999938964844,14920.75,3137.14990234375,2863.199951171875,12389.25,16174.0,2133.35009765625,3378.949951171875
2019-07-29,11189.2001953125,29295.560546875,15400.849609375,28974.94921875,6905.7001953125,8039.7998046875,2611.89990234375,271.8500061035156,14764.2001953125,3079.10009765625,2848.5,12212.0,16134.2001953125,2063.35009765625,3300.0
2019-07-30,11085.400390625,28791.265625,15501.650390625,28864.599609375,6763.75,7877.75,2527.0,268.04998779296875,14496.2998046875,3076.550048828125,2709.449951171875,12056.7998046875,16025.4501953125,2016.5999755859375,3227.75
2019-07-31,11118.0,28875.6640625,15620.2001953125,29065.94921875,6851.64990234375,7987.5,2588.14990234375,267.45001220703125,14559.4501953125,3086.64990234375,2756.25,12127.849609375,16055.25,1957.800048828125,3270.39990234375
2019-08-01,10980.0,28366.919921875,15332.099609375,28925.349609375,6856.10009765625,7878.75,2507.050048828125,264.54998779296875,14590.0,3048.14990234375,2683.949951171875,11977.5,15790.599609375,1896.800048828125,3215.199951171875
2019-08-02,10997.349609375,28204.62109375,15422.099609375,28930.75,6933.75,7868.2001953125,2459.10009765625,262.6000061035156,14433.9501953125,3060.14990234375,2655.64990234375,11988.0,15807.900390625,1870.6500244140625,3186.35009765625
2019-08-05,10862.599609375,27647.728515625,15518.5498046875,28777.55078125,6844.60009765625,7807.9501953125,2415.35009765625,257.8999938964844,14040.7001953125,3019.800048828125,2609.60009765625,11931.7998046875,15683.900390625,1807.5,3126.14990234375
2019-08-06,10948.25,28021.7734375,15514.7998046875,28847.349609375,6942.4501953125,7818.5,2448.050048828125,262.45001220703125,14016.849609375,3070.800048828125,2647.050048828125,12041.150390625,15835.849609375,1786.0999755859375,3163.199951171875
2019-08-07,10855.5,27701.728515625,15583.349609375,28814.55078125,6792.60009765625,7879.75,2389.449951171875,258.70001220703125,13819.150390625,3044.60009765625,2558.199951171875,11994.400390625,15742.349609375,1819.9000244140625,3110.800048828125
2019-08-08,11032.4501953125,28110.123046875,15867.9501953125,29131.80078125,6998.4501953125,7964.7998046875,2418.800048828125,263.5,14122.5498046875,3072.0,2602.550048828125,12097.849609375,15971.099609375,1845.5,3142.75
2019-08-09,11109.650390625,28431.5703125,15821.349609375,29302.19921875,7137.39990234375,7924.0498046875,2398.0,265.6499938964844,14155.400390625,3070.300048828125,2596.199951171875,12246.5,16112.900390625,1832.75,3148.10009765625
2019-08-13,10925.849609375,27728.77734375,15424.400390625,28728.5,6855.75,7851.9501953125,2355.89990234375,263.0,14423.9501953125,2958.60009765625,2526.89990234375,12024.0498046875,15640.0498046875,1811.550048828125,3104.199951171875
2019-08-14,11029.400390625,28018.873046875,15466.25,28839.599609375,6919.0498046875,7744.2998046875,2411.050048828125,264.3500061035156,14564.5,3005.75,2565.39990234375,12095.0498046875,15796.4501953125,1861.5,3155.14990234375
2019-08-16,11047.7998046875,28216.671875,15365.349609375,28889.94921875,6998.4501953125,7684.2998046875,2402.050048828125,265.1000061035156,14594.7001953125,3021.050048828125,2603.60009765625,12161.0498046875,15810.0498046875,1859.0999755859375,3157.449951171875
2019-08-19,11053.900390625,28185.771484375,15415.150390625,28837.5,6959.14990234375,7741.35009765625,2391.35009765625,266.75,14593.099609375,3033.10009765625,2581.949951171875,12121.0,15814.4501953125,1871.4000244140625,3147.0
2019-08-20,11017.0,27982.123046875,15597.75,28669.849609375,7040.5,7749.7001953125,2351.14990234375,263.79998779296875,14439.599609375,3012.64990234375,2521.25,12079.2001953125,15778.0,1866.050048828125,3102.300048828125
2019-08-21,10918.7001953125,27718.728515625,15578.150390625,28399.099609375,7001.85009765625,7677.25,2283.199951171875,258.54998779296875,14221.4501953125,2963.14990234375,2446.949951171875,12013.849609375,15671.7001953125,1839.050048828125,3034.300048828125
2019-08-22,10741.349609375,27033.884765625,15632.0,28396.150390625,6882.10009765625,7670.85009765625,2203.60009765625,242.60000610351562,13897.2001953125,2928.10009765625,2354.699951171875,11878.7001953125,15384.25,1782.4000244140625,2958.14990234375
2019-08-23,10829.349609375,26958.337890625,15816.599609375,28257.099609375,6988.35009765625,7780.5498046875,2278.64990234375,244.5500030517578,14286.099609375,2949.60009765625,2402.550048828125,12048.650390625,15467.599609375,1856.9000244140625,3044.14990234375
2019-08-26,11057.849609375,27951.025390625,15890.2001953125,28707.80078125,7022.75,7824.2998046875,2256.64990234375,253.6999969482422,14406.650390625,3015.35009765625,2488.449951171875,12153.900390625,15924.849609375,1922.8499755859375,3074.800048828125
2019-08-27,11105.349609375,28125.82421875,15675.2998046875,28927.25,7152.9501953125,7812.10009765625,2303.89990234375,256.6000061035156,14604.599609375,3038.0,2550.800048828125,12319.849609375,15936.4501953125,1919.3499755859375,3116.64990234375
2019-08-28,11046.099609375,27803.978515625,15879.900390625,28815.0,7018.5498046875,7738.64990234375,2226.449951171875,262.70001220703125,14445.0,3006.449951171875,2517.300048828125,12189.7998046875,15888.9501953125,1921.300048828125,3070.85009765625
2019-08-29,10948.2998046875,27304.8828125,15884.5498046875,28751.80078125,6970.14990234375,7912.5,2254.35009765625,263.79998779296875,14440.650390625,3013.25,2449.449951171875,12189.5,15702.2998046875,1892.1500244140625,3076.60009765625
2019-08-30,11023.25,27427.53125,16010.400390625,29257.349609375,7009.2998046875,8072.0498046875,2289.949951171875,267.20001220703125,14382.25,3001.14990234375,2474.39990234375,12361.349609375,15816.849609375,1914.6500244140625,3087.550048828125
2019-09-03,10797.900390625,26823.837890625,15984.900390625,28766.900390625,6897.75,7976.4501953125,2218.949951171875,261.1499938964844,13972.150390625,2924.449951171875,2353.800048828125,12184.2998046875,15534.25,1865.0,2996.85009765625
2019-09-04,10844.650390625,27123.53515625,16032.5,28725.650390625,6782.0498046875,7967.64990234375,2254.64990234375,260.70001220703125,14052.650390625,2955.75,2375.699951171875,12100.75,15666.0,1853.8499755859375,3022.699951171875
2019-09-05,10847.900390625,26919.38671875,16030.9501953125,28710.0,6921.75,8071.75,2313.60009765625,256.0,14338.7998046875,2991.300048828125,2375.89990234375,12161.349609375,15577.75,1883.3499755859375,3084.449951171875
2019-09-06,10946.2001953125,27247.583984375,16034.5498046875,28649.75,7102.4501953125,8068.75,2357.699951171875,254.3000030517578,14591.400390625,3025.10009765625,2381.300048828125,12267.5,15694.0498046875,1905.8499755859375,3127.199951171875
2019-09-09,11003.0498046875,27504.330078125,15919.400390625,28845.650390625,7165.35009765625,8077.89990234375,2360.050048828125,256.0,14617.849609375,3068.050048828125,2419.699951171875,12403.849609375,15771.2001953125,1912.050048828125,3142.60009765625
2019-09-11,11035.7001953125,27775.876953125,15701.7998046875,28759.349609375,7423.60009765625,8082.89990234375,2414.550048828125,266.6000061035156,14585.099609375,3074.550048828125,2495.0,12485.599609375,15771.2998046875,1911.5,3160.949951171875
2019-09-12,10982.7998046875,27818.17578125,15583.25,28575.19921875,7284.0,8102.14990234375,2410.60009765625,264.25,14404.650390625,3059.0,2505.550048828125,12386.5498046875,15758.75,1902.699951171875,3148.199951171875
2019-09-13,11075.900390625,28098.423828125,15722.900390625,28592.05078125,7360.60009765625,8033.0498046875,2444.10009765625,268.1000061035156,14727.150390625,3071.199951171875,2511.800048828125,12500.7001953125,15890.5,1917.0,3206.64990234375
2019-09-16,11003.5,27854.67578125,15743.150390625,28751.75,7300.64990234375,8070.64990234375,2440.550048828125,265.54998779296875,14533.4501953125,3045.550048828125,2479.550048828125,12514.599609375,15790.7998046875,1922.449951171875,3175.050048828125
2019-09-17,10817.599609375,27131.435546875,15625.650390625,28675.30078125,7020.75,7933.85009765625,2375.85009765625,255.64999389648438,14336.150390625,2995.0,2388.550048828125,12336.0,15505.099609375,1876.1500244140625,3110.949951171875
2019-09-18,10840.650390625,27172.333984375,15702.2998046875,28752.150390625,7012.10009765625,7923.4501953125,2402.64990234375,259.3999938964844,14489.5498046875,3004.25,2413.39990234375,12357.349609375,15523.75,1867.949951171875,3133.10009765625
2019-09-19,10704.7998046875,26757.33984375,15522.4501953125,28575.599609375,6920.60009765625,7799.60009765625,2363.449951171875,255.39999389648438,14281.9501953125,2983.5,2359.14990234375,12232.0,15330.849609375,1785.6500244140625,3089.14990234375
2019-09-20,11274.2001953125,28981.21484375,15491.099609375,29835.349609375,7605.85009765625,7983.5498046875,2497.64990234375,265.29998779296875,14859.0498046875,3121.050048828125,2522.85009765625,13150.0498046875,16058.0,1845.8499755859375,3266.449951171875
2019-09-23,11600.2001953125,30565.84375,15040.650390625,31120.099609375,7802.64990234375,7857.25,2526.199951171875,272.79998779296875,14999.5,3212.800048828125,2583.35009765625,13693.7998046875,16514.900390625,1858.949951171875,3332.60009765625
2019-09-24,11588.2001953125,30182.748046875,15338.650390625,31312.400390625,7773.25,7891.9501953125,2485.10009765625,269.20001220703125,15100.849609375,3175.25,2522.85009765625,13703.5498046875,16474.80078125,1862.800048828125,3307.300048828125
2019-09-25,11440.2001953125,29585.70703125,15379.900390625,30925.94921875,7470.4501953125,7789.7001953125,2419.75,260.95001220703125,15179.2001953125,3155.75,2380.800048828125,13452.349609375,16284.7001953125,1826.199951171875,3271.85009765625
2019-09-26,11571.2001953125,30002.25,15312.900390625,31027.69921875,7659.75,7857.2998046875,2520.449951171875,267.79998779296875,15446.900390625,3204.35009765625,2398.199951171875,13643.2998046875,16393.05078125,1870.949951171875,3352.25
2019-09-27,11512.400390625,29876.302734375,15236.400390625,31026.0,7554.25,7695.2998046875,2453.949951171875,261.70001220703125,15383.4501953125,3186.050048828125,2376.35009765625,13545.75,16323.5498046875,1838.4000244140625,3313.550048828125
2019-09-30,11474.4501953125,29102.8125,15540.150390625,31134.5,7493.14990234375,7547.75,2439.85009765625,258.75,15501.599609375,3208.39990234375,2294.10009765625,13471.400390625,16166.7001953125,1800.0,3312.199951171875
2019-10-01,11359.900390625,28725.166015625,15300.25,30801.349609375,7464.10009765625,7466.4501953125,2397.050048828125,248.10000610351562,15386.349609375,3164.199951171875,2207.449951171875,13315.849609375,16009.0,1722.1500244140625,3268.199951171875
2019-10-03,11314.0,28413.76953125,15277.9501953125,30791.0,7493.75,7461.75,2326.550048828125,251.1999969482422,15592.7001953125,3171.199951171875,2209.25,13174.2998046875,15883.599609375,1771.300048828125,3254.75
2019-10-04,11174.75,27731.52734375,15340.2998046875,30327.150390625,7404.89990234375,7396.89990234375,2297.199951171875,248.14999389648438,15525.099609375,3131.39990234375,2173.699951171875,12990.7001953125,15683.599609375,1707.8499755859375,3213.0
2019-10-07,11126.400390625,27767.228515625,15246.75,30218.099609375,7355.4501953125,7148.9501953125,2269.949951171875,245.25,15331.599609375,3094.199951171875,2150.35009765625,13017.0498046875,15646.349609375,1729.5999755859375,3164.25
2019-10-09,11313.2998046875,28785.515625,15128.75,30269.150390625,7460.75,7235.60009765625,2317.699951171875,250.25,15469.9501953125,3151.449951171875,2217.0,13260.25,15978.150390625,1734.699951171875,3213.35009765625
2019-10-10,11234.5498046875,28013.123046875,15093.7998046875,30147.19921875,7359.64990234375,7235.60009765625,2283.35009765625,244.9499969482422,15579.2998046875,3172.0,2151.75,13185.099609375,15746.849609375,1712.3499755859375,3206.10009765625
2019-10-11,11305.0498046875,28042.173828125,15321.900390625,30416.19921875,7397.0498046875,7278.4501953125,2337.10009765625,247.3000030517578,15510.5,3176.300048828125,2166.75,13308.400390625,15851.849609375,1707.25,3231.550048828125
2019-10-14,11341.150390625,28181.62109375,15277.75,30591.0,7520.35009765625,7361.7001953125,2360.199951171875,252.0500030517578,15610.2001953125,3200.550048828125,2158.25,13439.400390625,15847.25,1718.25,3266.300048828125
2019-10-15,11428.2998046875,28554.767578125,15208.400390625,30927.900390625,7688.25,7420.64990234375,2397.050048828125,253.6999969482422,15782.849609375,3222.35009765625,2167.39990234375,13619.5,15931.0,1740.800048828125,3298.60009765625
2019-10-16,11464.0,28538.46875,15344.9501953125,30899.0,7673.7998046875,7475.35009765625,2388.300048828125,256.3500061035156,15833.349609375,3235.699951171875,2152.199951171875,13681.599609375,16011.75,1752.25,3318.449951171875
2019-10-17,11586.349609375,28989.111328125,15281.900390625,31331.900390625,7914.0,7533.4501953125,2410.949951171875,257.8500061035156,15976.599609375,3257.89990234375,2216.85009765625,13838.650390625,16167.650390625,1780.699951171875,3338.300048828125
2019-10-18,11661.849609375,29119.912109375,15410.099609375,31501.44921875,7964.75,7608.14990234375,2456.0,262.79998779296875,16183.7001953125,3300.800048828125,2248.64990234375,13985.75,16251.400390625,1762.800048828125,3383.25
2019-10-22,11588.349609375,29410.80859375,14688.650390625,31659.400390625,7936.64990234375,7746.14990234375,2442.85009765625,263.8500061035156,16268.900390625,3297.300048828125,2261.050048828125,13955.9501953125,16075.0,1757.0999755859375,3383.050048828125
2019-10-23,11604.099609375,29459.2578125,14833.349609375,31899.55078125,8036.60009765625,7761.85009765625,2436.85009765625,261.54998779296875,16122.5,3262.5,2307.949951171875,14001.150390625,16117.75,1735.0999755859375,3362.85009765625
2019-10-24,11582.599609375,29107.611328125,14781.5,31752.80078125,8012.39990234375,7728.14990234375,2419.550048828125,263.95001220703125,16116.2998046875,3271.35009765625,2225.199951171875,13909.0498046875,16017.9501953125,1724.1500244140625,3355.550048828125
2019-10-25,11583.900390625,29395.607421875,14898.849609375,31685.599609375,7986.35009765625,7736.5498046875,2410.85009765625,264.8999938964844,16071.650390625,3253.10009765625,2300.39990234375,13933.5498046875,16064.25,1732.3499755859375,3338.89990234375
2019-10-29,11786.849609375,29872.703125,15181.400390625,31950.75,8449.75,7824.60009765625,2518.300048828125,267.29998779296875,16318.400390625,3283.300048828125,2326.5,14184.9501953125,16295.25,1738.9000244140625,3402.5
2019-10-30,11844.099609375,29987.15234375,15395.650390625,32274.099609375,8428.900390625,7819.35009765625,2514.25,265.8500061035156,16463.80078125,3313.39990234375,2413.39990234375,14167.349609375,16377.650390625,1728.9000244140625,3414.199951171875
2019-10-31,11877.4501953125,30065.900390625,15559.400390625,32319.75,8449.5,7878.14990234375,2500.75,269.0,16486.150390625,3322.550048828125,2506.300048828125,14196.2998046875,16472.30078125,1786.800048828125,3430.39990234375
2019-11-01,11890.599609375,30330.19921875,15471.2001953125,32449.849609375,8392.900390625,7949.4501953125,2561.75,271.1499938964844,16381.0498046875,3302.449951171875,2542.449951171875,14249.9501953125,16520.30078125,1924.8499755859375,3441.699951171875
2019-11-04,11941.2998046875,30332.74609375,15591.2998046875,32255.69921875,8280.349609375,7966.85009765625,2642.14990234375,269.6000061035156,16373.5,3309.5,2560.35009765625,14210.2998046875,16621.849609375,1865.949951171875,3479.39990234375
2019-11-05,11917.2001953125,30219.498046875,15533.4501953125,32361.44921875,8256.150390625,7879.5498046875,2616.949951171875,267.70001220703125,16274.7998046875,3290.449951171875,2539.10009765625,14113.650390625,16595.25,1839.0,3448.800048828125
2019-11-06,11966.0498046875,30609.244140625,15561.2998046875,32393.0,8258.849609375,7926.35009765625,2633.449951171875,274.04998779296875,16209.099609375,3286.89990234375,2520.300048828125,14111.2001953125,16748.19921875,1832.800048828125,3451.60009765625
2019-11-07,12012.0498046875,30632.794921875,15624.400390625,32535.900390625,8239.900390625,7966.0,2659.050048828125,276.45001220703125,16194.650390625,3286.85009765625,2484.10009765625,14141.7998046875,16813.650390625,1839.199951171875,3452.85009765625
2019-11-08,11908.150390625,30749.04296875,15383.2998046875,31947.5,8169.64990234375,7787.39990234375,2612.949951171875,281.04998779296875,15911.0,3254.60009765625,2437.050048828125,13921.150390625,16737.19921875,1825.8499755859375,3396.550048828125
2019-11-11,11913.4501953125,31115.189453125,15308.5498046875,31802.55078125,8159.0,7784.89990234375,2610.10009765625,283.3999938964844,15934.650390625,3254.199951171875,2461.050048828125,13873.9501953125,16824.30078125,1878.9000244140625,3394.39990234375
2019-11-13,11840.4501953125,30541.1953125,15240.9501953125,31582.44921875,8150.2001953125,7660.4501953125,2556.64990234375,278.29998779296875,15962.650390625,3236.5,2383.699951171875,13852.7998046875,16646.05078125,1793.8499755859375,3362.14990234375
2019-11-14,11872.099609375,30749.591796875,15388.75,31439.44921875,8190.89990234375,7591.4501953125,2506.60009765625,277.6499938964844,15905.0,3219.10009765625,2379.39990234375,13788.5498046875,16773.44921875,1791.949951171875,3336.85009765625
2019-11-15,11895.4501953125,31008.0390625,15310.650390625,31289.69921875,8153.89990234375,7720.60009765625,2498.800048828125,276.95001220703125,15856.650390625,3237.949951171875,2457.35009765625,13800.7998046875,16837.80078125,1801.0,3328.64990234375
2019-11-18,11884.5,30991.740234375,15295.25,31165.25,8119.0,7816.5498046875,2539.64990234375,277.8999938964844,15883.2001953125,3248.39990234375,2492.449951171875,13771.25,16833.25,1815.699951171875,3359.800048828125
2019-11-19,11940.099609375,31235.88671875,15304.849609375,30972.94921875,8063.9501953125,7851.4501953125,2517.949951171875,278.04998779296875,16114.4501953125,3298.10009765625,2589.25,13785.0498046875,16874.25,1804.8499755859375,3366.0
2019-11-20,11999.099609375,31353.484375,15318.5,31089.349609375,8083.7998046875,8107.60009765625,2524.89990234375,273.95001220703125,16337.400390625,3325.35009765625,2572.25,13842.5498046875,16893.55078125,1863.199951171875,3392.5
2019-11-21,11968.400390625,31349.583984375,15293.9501953125,30893.55078125,8004.64990234375,8068.9501953125,2470.449951171875,275.45001220703125,16085.4501953125,3301.25,2564.64990234375,13741.9501953125,16916.349609375,1939.1500244140625,3332.64990234375
2019-11-22,11914.400390625,31111.23828125,14995.900390625,30809.55078125,8034.9501953125,8067.2001953125,2521.14990234375,275.8500061035156,16221.400390625,3301.300048828125,2559.64990234375,13681.150390625,16787.650390625,1978.550048828125,3362.89990234375
2019-11-25,12073.75,31555.533203125,15100.599609375,31085.599609375,8174.75,8211.5498046875,2602.0,280.70001220703125,16274.0498046875,3344.0,2601.199951171875,13885.75,17023.099609375,1960.449951171875,3409.64990234375
2019-11-26,12037.7001953125,31717.98046875,14922.150390625,31055.349609375,8099.89990234375,8177.85009765625,2580.550048828125,278.1000061035156,16176.0498046875,3304.300048828125,2579.699951171875,13760.349609375,16994.900390625,1889.3499755859375,3384.60009765625
2019-11-27,12100.7001953125,31875.578125,15022.150390625,31221.94921875,8202.849609375,8246.099609375,2602.85009765625,276.29998779296875,16271.849609375,3311.0,2625.300048828125,13862.0,17088.599609375,1881.9000244140625,3419.800048828125
2019-11-28,12151.150390625,32122.576171875,15121.7998046875,31263.400390625,8179.75,8273.650390625,2656.85009765625,279.29998779296875,16367.0498046875,3340.800048828125,2716.949951171875,13894.849609375,17157.400390625,1881.199951171875,3461.550048828125
2019-11-29,12056.0498046875,31945.728515625,14998.0498046875,30975.5,8086.0,8189.9501953125,2625.5,282.04998779296875,16232.150390625,3323.300048828125,2669.85009765625,13779.2001953125,17063.19921875,1834.9000244140625,3431.89990234375
2019-12-02,12048.2001953125,31871.078125,14852.0,30889.5,8012.75,8128.9501953125,2632.64990234375,281.04998779296875,16258.5,3333.5,2646.75,13799.7998046875,17008.69921875,1826.3499755859375,3431.85009765625
2019-12-03,11994.2001953125,31612.982421875,14920.75,30677.5,7964.25,8044.85009765625,2564.199951171875,284.79998779296875,16111.650390625,3291.949951171875,2570.949951171875,13667.900390625,16978.05078125,1783.300048828125,3379.699951171875
2019-12-04,12043.2001953125,31978.9296875,15175.150390625,30705.55078125,7996.5498046875,8121.5,2604.0,285.3500061035156,16031.5,3275.25,2621.14990234375,13765.0498046875,17126.349609375,1797.5999755859375,3393.85009765625
2019-12-05,12018.400390625,31712.580078125,15367.5,30795.099609375,7941.7998046875,8051.85009765625,2543.949951171875,285.8500061035156,15930.099609375,3256.199951171875,2573.85009765625,13704.150390625,17092.349609375,1850.6500244140625,3353.0
2019-12-06,11921.5,31341.185546875,15289.599609375,30536.44921875,7806.60009765625,7957.5498046875,2535.85009765625,283.3999938964844,15811.75,3238.25,2460.85009765625,13599.2998046875,16919.349609375,1787.4000244140625,3334.25
2019-12-09,11937.5,31316.287109375,15157.150390625,30375.0,7863.2998046875,7960.35009765625,2551.699951171875,280.45001220703125,15950.5,3247.85009765625,2458.25,13597.150390625,16918.75,1775.800048828125,3349.699951171875
2019-12-10,11856.7998046875,31159.98828125,14946.5498046875,30059.0,7801.35009765625,7940.5,2515.89990234375,277.8999938964844,15682.650390625,3214.449951171875,2418.800048828125,13508.0,16816.599609375,1741.3499755859375,3297.699951171875
2019-12-11,11910.150390625,31256.38671875,15130.2998046875,30102.44921875,7838.39990234375,7967.85009765625,2509.550048828125,280.5,15834.099609375,3222.199951171875,2417.35009765625,13481.0,16939.5,1752.6500244140625,3308.14990234375
2019-12-12,11971.7998046875,31665.08203125,14972.650390625,30227.94921875,7941.7001953125,8045.35009765625,2568.800048828125,282.8999938964844,15949.9501953125,3240.25,2471.199951171875,13592.849609375,17002.30078125,1758.0999755859375,3343.949951171875
2019-12-13,12086.7001953125,32013.876953125,15200.5498046875,30426.25,8069.7001953125,8045.0498046875,2626.75,287.6499938964844,16068.0498046875,3267.14990234375,2570.699951171875,13744.25,17172.650390625,1765.699951171875,3385.300048828125
2019-12-16,12053.9501953125,31973.828125,15348.75,30043.099609375,7990.7998046875,8025.85009765625,2591.10009765625,289.3500061035156,15974.2001953125,3243.85009765625,2555.25,13635.599609375,17218.150390625,1755.0,3350.949951171875
2019-12-17,12165.0,32139.876953125,15637.150390625,30182.05078125,8039.89990234375,7999.60009765625,2665.75,288.6000061035156,15975.5498046875,3268.550048828125,2567.39990234375,13712.349609375,17419.75,1772.0999755859375,3390.60009765625
2019-12-18,12221.650390625,32243.875,15710.650390625,30291.05078125,8082.35009765625,8091.10009765625,2687.64990234375,290.54998779296875,15956.849609375,3263.449951171875,2512.85009765625,13701.9501953125,17487.5,1766.0,3387.300048828125
2019-12-19,12259.7001953125,32241.07421875,15812.9501953125,30386.099609375,8165.5,8073.0498046875,2691.10009765625,290.3999938964844,16112.900390625,3283.25,2513.699951171875,13747.4501953125,17488.0,1766.449951171875,3395.949951171875
2019-12-20,12271.7998046875,32384.572265625,15844.5498046875,30356.349609375,8133.5498046875,8049.4501953125,2707.5,291.95001220703125,16081.150390625,3285.0,2570.89990234375,13749.150390625,17543.599609375,1787.800048828125,3407.35009765625
2019-12-23,12262.75,32339.07421875,15865.5,30217.94921875,8180.5,8051.5,2706.35009765625,290.70001220703125,15971.599609375,3270.699951171875,2536.39990234375,13775.25,17573.69921875,1803.199951171875,3398.75
2019-12-24,12214.5498046875,32280.375,15778.2001953125,30197.55078125,8152.60009765625,8073.7998046875,2723.14990234375,291.95001220703125,15861.2998046875,3253.199951171875,2532.449951171875,13746.150390625,17522.849609375,1797.300048828125,3394.199951171875
2019-12-26,12126.5498046875,31997.328125,15706.4501953125,30063.55078125,8129.64990234375,7997.60009765625,2739.0,291.3999938964844,15705.2998046875,3219.449951171875,2495.60009765625,13708.650390625,17417.599609375,1797.8499755859375,3389.64990234375
2019-12-27,12245.7998046875,32411.97265625,15780.7001953125,30145.44921875,8205.900390625,8068.0498046875,2760.35009765625,296.1000061035156,15944.9501953125,3261.800048828125,2568.449951171875,13740.2998046875,17589.849609375,1815.550048828125,3421.64990234375
2019-12-30,12255.849609375,32354.5234375,15775.0,30225.349609375,8325.400390625,8083.10009765625,2796.5,296.45001220703125,15962.150390625,3271.199951171875,2537.199951171875,13833.75,17568.0,1830.300048828125,3435.35009765625
2019-12-31,12168.4501953125,32161.27734375,15652.400390625,30121.5,8248.2998046875,8040.14990234375,2801.300048828125,298.54998779296875,15908.2001953125,3255.300048828125,2524.35009765625,13788.9501953125,17452.849609375,1803.5999755859375,3432.10009765625
2020-01-01,12182.5,,,,8210.099609375,8047.10009765625,2796.050048828125,297.8500061035156,15987.7998046875,3263.25,2526.39990234375,13801.5498046875,17490.5,1794.199951171875,3437.85009765625
2020-01-02,12282.2001953125,32443.47265625,15709.650390625,30266.19921875,8267.4501953125,8053.9501953125,2869.89990234375,301.0,16128.5,3311.949951171875,2576.699951171875,13880.75,17614.30078125,1800.6500244140625,3500.300048828125
2020-01-03,12226.650390625,32068.876953125,15936.599609375,30109.25,8168.14990234375,8111.9501953125,2848.35009765625,299.6499938964844,16054.7998046875,3294.25,2524.300048828125,13783.400390625,17541.150390625,1760.5,3477.5
2020-01-06,11993.0498046875,31236.787109375,15879.7998046875,29799.30078125,7978.75,7987.35009765625,2765.75,292.3999938964844,15737.0498046875,3237.14990234375,2414.64990234375,13498.5498046875,17187.80078125,1717.3499755859375,3403.60009765625
2020-01-07,12052.9501953125,31399.03515625,15895.2001953125,29861.80078125,8002.5,8036.5,2785.89990234375,298.04998779296875,15793.75,3256.699951171875,2416.64990234375,13579.9501953125,17267.44921875,1735.1500244140625,3434.39990234375
2020-01-08,12025.349609375,31373.28515625,15953.4501953125,29893.19921875,7942.75,7996.14990234375,2767.25,297.04998779296875,15664.9501953125,3242.5,2401.85009765625,13597.25,17277.05078125,1726.5999755859375,3427.89990234375
2020-01-09,12215.900390625,32092.02734375,15925.150390625,30123.599609375,8155.25,8033.14990234375,2806.800048828125,305.1499938964844,15900.349609375,3298.5,2459.85009765625,13756.0,17534.55078125,1767.949951171875,3477.550048828125
2020-01-10,12256.7998046875,32097.02734375,15959.900390625,30370.44921875,8225.5,8058.5,2840.75,310.6499938964844,15940.150390625,3310.800048828125,2461.39990234375,13791.900390625,17557.0,1770.6500244140625,3501.14990234375
2020-01-13,12329.5498046875,32177.27734375,16225.900390625,30713.44921875,8235.849609375,8078.4501953125,2874.10009765625,317.1499938964844,16043.349609375,3332.64990234375,2468.699951171875,13862.400390625,17682.150390625,1784.800048828125,3524.60009765625
2020-01-14,12362.2998046875,32071.27734375,16362.349609375,31145.400390625,8289.2998046875,8117.0,2900.64990234375,316.75,16053.25,3330.89990234375,2462.35009765625,13990.2001953125,17722.05078125,1822.199951171875,3533.60009765625
2020-01-15,12343.2998046875,31824.53125,16346.849609375,31237.099609375,8385.349609375,8166.2001953125,2921.449951171875,320.8999938964844,16019.0,3332.699951171875,2463.300048828125,14043.5,17653.69921875,1837.0,3542.85009765625
2020-01-16,12355.5,31853.529296875,16381.650390625,31338.19921875,8395.900390625,8203.099609375,2884.800048828125,323.79998779296875,15974.400390625,3335.89990234375,2465.800048828125,14132.0498046875,17670.19921875,1863.5,3514.5
2020-01-17,12352.349609375,31590.283203125,16356.599609375,31371.44921875,8427.599609375,8345.2998046875,2864.64990234375,324.1499938964844,16077.650390625,3359.85009765625,2451.85009765625,14146.849609375,17596.099609375,1870.0999755859375,3516.050048828125
2020-01-20,12224.5498046875,31080.2890625,16207.150390625,31426.75,8352.7001953125,8269.349609375,2835.85009765625,325.79998779296875,15854.849609375,3339.25,2414.89990234375,14087.0498046875,17403.44921875,1835.699951171875,3474.699951171875
2020-01-21,12169.849609375,30947.19140625,16175.2001953125,31145.94921875,8245.900390625,8274.2001953125,2799.949951171875,321.1499938964844,15776.9501953125,3335.5,2412.800048828125,14028.849609375,17360.099609375,1876.5,3452.35009765625
2020-01-22,12106.900390625,30701.091796875,16334.5498046875,31153.150390625,8169.14990234375,8256.650390625,2756.75,320.8500061035156,15534.599609375,3321.64990234375,2410.0,13989.5498046875,17280.75,1909.0,3410.800048828125
2020-01-23,12180.349609375,31003.689453125,16474.400390625,31226.900390625,8241.75,8300.2001953125,2769.25,327.6499938964844,15704.849609375,3366.89990234375,2437.89990234375,14052.7001953125,17406.599609375,1871.8499755859375,3440.949951171875
2020-01-24,12248.25,31241.38671875,16472.75,31474.900390625,8274.849609375,8294.0498046875,2796.199951171875,328.6499938964844,15674.650390625,3385.949951171875,2446.300048828125,14189.349609375,17505.44921875,1889.9000244140625,3468.300048828125
2020-01-27,12119.0,30837.041015625,16393.55078125,31149.69921875,8258.150390625,8416.349609375,2709.75,326.79998779296875,15489.25,3357.449951171875,2391.25,14083.5,17288.349609375,1882.449951171875,3427.449951171875
2020-01-28,12055.7998046875,30761.04296875,16429.75,31027.05078125,8156.0498046875,8420.25,2642.25,326.95001220703125,15363.349609375,3317.64990234375,2370.64990234375,14032.349609375,17283.400390625,1861.0,3394.199951171875
2020-01-29,12129.5,30876.640625,16479.30078125,31426.25,8220.400390625,8412.7998046875,2665.85009765625,328.5,15451.900390625,3330.39990234375,2378.14990234375,14097.0,17363.05078125,1868.050048828125,3409.25
2020-01-30,12035.7998046875,30647.044921875,16327.900390625,30936.44921875,8181.4501953125,8237.0498046875,2628.89990234375,327.1499938964844,15244.7998046875,3298.64990234375,2346.75,13907.349609375,17252.55078125,1845.0,3367.35009765625
2020-01-31,11962.099609375,30833.2421875,16144.150390625,30775.30078125,8086.5498046875,8138.60009765625,2569.0,331.04998779296875,14838.7998046875,3252.0,2366.050048828125,13760.2998046875,17219.599609375,1835.300048828125,3291.699951171875
2020-02-03,11707.900390625,30022.900390625,16059.900390625,30435.30078125,7988.35009765625,7967.5498046875,2510.949951171875,310.0,14499.75,3183.0,2221.85009765625,13958.0,16798.69921875,1779.199951171875,3232.050048828125
2020-02-04,11979.650390625,30686.341796875,16350.849609375,30744.0,8100.7998046875,8122.39990234375,2594.25,318.6000061035156,14953.7998046875,3253.75,2241.14990234375,14131.75,17202.25,1782.199951171875,3322.39990234375
2020-02-05,12089.150390625,31001.58984375,16448.55078125,30934.400390625,8131.7001953125,8125.60009765625,2665.39990234375,326.3999938964844,15099.150390625,3291.14990234375,2252.39990234375,14149.599609375,17372.69921875,1764.699951171875,3372.050048828125
2020-02-06,12137.9501953125,31303.6875,16371.150390625,30736.599609375,8142.14990234375,8227.900390625,2688.75,326.25,15228.7998046875,3317.10009765625,2316.050048828125,14172.7001953125,17511.75,1792.3499755859375,3389.449951171875
2020-02-07,12098.349609375,31201.5859375,16470.150390625,30809.5,8064.60009765625,8341.849609375,2710.800048828125,320.29998779296875,15189.9501953125,3292.800048828125,2313.199951171875,14219.9501953125,17484.599609375,1827.25,3405.199951171875
2020-02-10,12031.5,31057.7890625,16431.94921875,30528.44921875,7860.5498046875,8261.25,2628.89990234375,317.1000061035156,15025.5,3262.199951171875,2290.449951171875,14101.900390625,17447.94921875,1798.0999755859375,3356.949951171875
2020-02-11,12107.900390625,31300.236328125,16452.30078125,30414.55078125,7892.39990234375,8324.650390625,2651.75,317.79998779296875,15233.4501953125,3281.10009765625,2293.39990234375,14066.400390625,17549.94921875,1827.449951171875,3379.89990234375
2020-02-12,12201.2001953125,31492.53515625,16538.099609375,30986.25,7933.7998046875,8265.0498046875,2668.25,315.20001220703125,15234.2001953125,3290.14990234375,2249.25,14174.0498046875,17657.19921875,1824.199951171875,3378.25
2020-02-13,12174.650390625,31229.88671875,16673.05078125,31039.30078125,7914.89990234375,8335.7001953125,2651.60009765625,313.79998779296875,15191.25,3281.85009765625,2256.300048828125,14251.349609375,17584.900390625,1834.8499755859375,3360.699951171875
2020-02-14,12113.4501953125,30834.443359375,16642.75,30646.75,7822.2001953125,8331.7001953125,2613.60009765625,310.29998779296875,15048.650390625,3279.89990234375,2211.199951171875,14076.9501953125,17479.849609375,1832.5,3342.5
2020-02-17,12045.7998046875,30680.341796875,16647.69921875,30481.05078125,7770.5,8204.849609375,2586.699951171875,305.70001220703125,14816.4501953125,3247.550048828125,2145.64990234375,14057.900390625,17387.44921875,1812.25,3300.14990234375
2020-02-18,11992.5,30562.14453125,16748.75,30360.599609375,7692.2998046875,8198.2998046875,2556.050048828125,302.8500061035156,14789.849609375,3229.699951171875,2128.199951171875,13995.2998046875,17330.150390625,1845.9000244140625,3278.550048828125
2020-02-19,12125.900390625,30837.83984375,16772.5,30835.0,7687.35009765625,8378.650390625,2591.050048828125,306.20001220703125,15057.2001953125,3271.449951171875,2147.550048828125,14171.400390625,17505.55078125,1882.0,3330.550048828125
2020-02-20,12080.849609375,30942.490234375,16649.400390625,30636.25,7697.89990234375,8364.349609375,2612.25,306.25,14987.650390625,3259.10009765625,2168.949951171875,14110.0,17483.849609375,1871.699951171875,3324.800048828125
2020-02-24,11829.400390625,30454.74609375,16461.80078125,30147.599609375,7429.10009765625,8115.5498046875,2469.60009765625,299.75,14627.4501953125,3187.85009765625,2109.199951171875,13856.5498046875,17182.55078125,1829.5999755859375,3227.64990234375
2020-02-25,11797.900390625,30432.345703125,16562.5,30173.19921875,7366.0,7938.4501953125,2470.35009765625,302.54998779296875,14455.849609375,3159.0,2109.60009765625,13828.7998046875,17207.55078125,1817.25,3208.75
2020-02-26,11678.5,30306.498046875,16332.25,29965.55078125,7207.9501953125,7839.2001953125,2430.0,297.5,14189.7001953125,3116.5,2096.60009765625,13673.150390625,17065.0,1803.9000244140625,3166.449951171875
2020-02-27,11633.2998046875,30186.6484375,16123.7998046875,29981.19921875,7178.85009765625,7885.14990234375,2410.050048828125,290.29998779296875,14069.0498046875,3102.5,2049.10009765625,13657.650390625,16980.650390625,1760.550048828125,3144.25
2020-02-28,11201.75,29146.8125,15212.9501953125,29310.25,6903.9501953125,7576.75,2246.050048828125,280.54998779296875,13651.0,3011.25,1945.5999755859375,13256.849609375,16305.849609375,1670.699951171875,3015.300048828125
2020-03-02,11132.75,28868.064453125,15427.650390625,29138.900390625,6856.89990234375,7535.10009765625,2197.60009765625,279.6499938964844,13419.0498046875,2972.35009765625,1857.5999755859375,13224.2998046875,16265.599609375,1594.699951171875,2963.85009765625
2020-03-03,11303.2998046875,29176.7109375,15723.2001953125,29406.19921875,6986.64990234375,7920.60009765625,2320.75,284.1499938964844,13863.7001953125,3044.800048828125,1881.199951171875,13467.849609375,16458.69921875,1647.6500244140625,3076.300048828125
2020-03-04,11251.0,28653.365234375,15864.2998046875,29223.75,6938.85009765625,8086.5498046875,2304.300048828125,281.04998779296875,13876.650390625,3024.64990234375,1865.9000244140625,13416.2001953125,16344.150390625,1617.6500244140625,3049.449951171875
2020-03-05,11269.0,28815.015625,15871.349609375,29530.5,6953.75,8146.0,2284.85009765625,277.8500061035156,13743.650390625,3014.699951171875,1891.9000244140625,13464.4501953125,16404.55078125,1606.300048828125,3033.14990234375
2020-03-06,10989.4501953125,27801.126953125,15663.5,28937.0,6895.0,8018.2998046875,2183.89990234375,269.75,13342.599609375,2949.550048828125,1794.800048828125,13332.0,15944.099609375,1527.1500244140625,2958.5
2020-03-09,10451.4501953125,26462.29296875,14854.900390625,28056.5,6632.14990234375,7756.4501953125,2020.050048828125,260.0,12480.2998046875,2791.64990234375,1688.3499755859375,12847.900390625,15189.2998046875,1425.5999755859375,2813.35009765625
2020-03-11,10458.400390625,26487.4921875,14681.400390625,28078.75,6568.4501953125,7623.0498046875,1986.949951171875,255.25,12398.7001953125,2787.699951171875,1635.949951171875,12802.4501953125,15156.900390625,1454.300048828125,2785.550048828125
2020-03-12,9590.150390625,23970.87109375,13384.849609375,26083.0,6033.39990234375,6942.5498046875,1800.5999755859375,230.3000030517578,11204.900390625,2561.89990234375,1420.6500244140625,11975.9501953125,13851.650390625,1304.1500244140625,2524.35009765625
2020-03-13,9955.2001953125,25166.15625,13539.099609375,26208.0,6182.0,7268.0,1903.3499755859375,235.85000610351562,11721.25,2674.89990234375,1573.25,12177.0498046875,14486.4501953125,1282.3499755859375,2625.949951171875
2020-03-16,9197.400390625,23100.8828125,12451.349609375,24707.650390625,5843.7001953125,6959.35009765625,1730.5999755859375,216.14999389648438,11017.4501953125,2499.85009765625,1497.4000244140625,11602.5498046875,13311.5,1226.050048828125,2455.199951171875
2020-03-17,8967.0498046875,22154.892578125,12099.25,24929.849609375,5803.85009765625,6979.10009765625,1710.449951171875,211.0,10960.2998046875,2469.699951171875,1490.3499755859375,11583.25,12785.7998046875,1153.1500244140625,2423.14990234375
2020-03-18,8468.7998046875,20579.9609375,11753.0,24186.5,5516.5,6705.75,1664.199951171875,197.75,10466.900390625,2335.449951171875,1480.5,11034.150390625,11940.099609375,1141.0,2338.050048828125
2020-03-19,8263.4501953125,20083.265625,11340.0,23970.75,5180.5,6655.5,1574.199951171875,191.1999969482422,10042.9501953125,2241.5,1438.8499755859375,10438.349609375,11770.099609375,1086.9000244140625,2212.550048828125
2020-03-20,8745.4501953125,20317.36328125,12363.4501953125,25931.599609375,5370.14990234375,6951.89990234375,1692.8499755859375,196.39999389648438,10910.099609375,2396.64990234375,1463.449951171875,11009.7998046875,12279.650390625,1128.949951171875,2379.89990234375
2020-03-23,7610.25,16917.453125,11179.599609375,23184.05078125,4626.5,6432.2998046875,1496.449951171875,174.10000610351562,9850.5,2107.949951171875,1277.75,9683.400390625,10603.5,1015.4000244140625,2088.39990234375
2020-03-24,7801.0498046875,17107.1015625,11865.0498046875,23935.30078125,4693.35009765625,6611.0498046875,1502.4000244140625,170.64999389648438,10024.0,2125.14990234375,1305.3499755859375,10058.599609375,10855.2998046875,1031.699951171875,2100.0
2020-03-25,8317.849609375,18480.8359375,12233.349609375,24471.69921875,4936.14990234375,6695.5498046875,1541.199951171875,175.10000610351562,10558.5,2261.699951171875,1327.550048828125,10481.7001953125,11596.2001953125,1055.449951171875,2184.39990234375
2020-03-26,8641.4501953125,19613.671875,12535.599609375,25680.099609375,5061.2998046875,6775.0,1542.949951171875,185.8000030517578,10640.7001953125,2335.199951171875,1335.1500244140625,10874.5498046875,12206.099609375,1067.5,2208.300048828125
2020-03-27,8660.25,19968.767578125,12569.099609375,25740.44921875,4938.7001953125,6813.0498046875,1554.8499755859375,185.0500030517578,10626.2998046875,2315.0,1339.6500244140625,10690.9501953125,12273.900390625,1055.4000244140625,2211.89990234375
2020-03-30,8281.099609375,18782.181640625,12318.7998046875,25831.55078125,4669.14990234375,6896.0,1507.699951171875,171.60000610351562,10401.099609375,2250.699951171875,1295.449951171875,10664.25,11551.0498046875,1021.8499755859375,2162.800048828125
2020-03-31,8597.75,19143.77734375,12763.650390625,27319.19921875,4731.2998046875,7176.5,1585.9000244140625,175.5,11124.150390625,2360.5,1324.8499755859375,11069.2998046875,11876.7998046875,1039.949951171875,2295.050048828125
2020-04-01,8253.7998046875,18208.138671875,12045.849609375,26358.80078125,4657.5498046875,7026.7001953125,1553.550048828125,172.10000610351562,10771.900390625,2283.60009765625,1283.0999755859375,10791.099609375,11337.599609375,1001.25,2227.449951171875
2020-04-03,8083.7998046875,17249.099609375,11680.0498046875,26537.75,4517.75,7361.60009765625,1522.9000244140625,172.0500030517578,10888.400390625,2280.449951171875,1232.300048828125,10631.9501953125,10941.0498046875,987.2000122070312,2198.0
2020-04-07,8792.2001953125,19062.279296875,12588.9501953125,28745.30078125,4951.5498046875,8124.85009765625,1637.0,183.0,11667.75,2444.050048828125,1261.8499755859375,11465.2998046875,11841.9501953125,1045.5,2365.10009765625
2020-04-08,8748.75,18946.228515625,12491.5498046875,28839.900390625,5043.60009765625,8412.2001953125,1624.8499755859375,180.5,11685.150390625,2439.39990234375,1261.25,11592.349609375,11785.599609375,1064.25,2355.89990234375
2020-04-09,9111.900390625,19913.3671875,12728.5498046875,28953.19921875,5568.4501953125,8800.4501953125,1705.449951171875,185.75,11987.0,2520.14990234375,1302.3499755859375,11940.599609375,12351.849609375,1105.449951171875,2436.60009765625
2020-04-13,8993.849609375,19487.7734375,12603.099609375,28509.849609375,5432.10009765625,9044.349609375,1738.4000244140625,176.6999969482422,11830.650390625,2543.10009765625,1276.949951171875,11915.349609375,12115.099609375,1068.550048828125,2460.0
2020-04-15,8925.2998046875,19056.830078125,12702.599609375,29686.94921875,5333.0,9038.7998046875,1752.9000244140625,179.9499969482422,11721.900390625,2538.300048828125,1270.8499755859375,12130.650390625,11906.5,1078.5999755859375,2493.64990234375
2020-04-16,8992.7998046875,19399.775390625,12463.599609375,29512.30078125,5394.14990234375,9199.2998046875,1779.75,181.3000030517578,11978.75,2573.85009765625,1289.0,12225.650390625,11990.599609375,1106.949951171875,2536.89990234375
2020-04-17,9266.75,20681.208984375,12649.25,29202.349609375,5668.89990234375,9157.75,1816.5,187.8000030517578,12281.150390625,2624.89990234375,1315.199951171875,12271.900390625,12484.0,1144.4000244140625,2573.39990234375
2020-04-20,9261.849609375,20522.412109375,12847.650390625,28598.099609375,5591.0,9149.2001953125,1756.449951171875,188.89999389648438,12402.0498046875,2618.550048828125,1370.1500244140625,12118.2998046875,12562.2998046875,1137.949951171875,2560.300048828125
2020-04-21,8981.4501953125,19409.123046875,12408.849609375,28480.599609375,5294.0498046875,9381.650390625,1666.5999755859375,185.4499969482422,12090.5498046875,2565.25,1317.199951171875,11920.900390625,12053.0,1079.199951171875,2481.39990234375
2020-04-22,9187.2998046875,19701.62109375,12571.2998046875,29185.150390625,5426.85009765625,9377.0,1673.300048828125,184.0500030517578,12485.7998046875,2627.35009765625,1315.9000244140625,12161.75,12206.0498046875,1151.0,2528.10009765625
2020-04-23,9313.900390625,20267.712890625,13128.2001953125,28786.25,5464.75,9388.900390625,1694.75,185.4499969482422,12438.7001953125,2619.10009765625,1311.1500244140625,12174.900390625,12535.2998046875,1163.800048828125,2525.050048828125
2020-04-24,9154.400390625,19586.421875,12816.2001953125,28636.69921875,5377.25,9518.4501953125,1645.199951171875,177.6999969482422,12500.7998046875,2614.949951171875,1262.5999755859375,12074.7001953125,12117.099609375,1121.699951171875,2484.89990234375
2020-04-27,9282.2998046875,20080.916015625,13121.150390625,29052.55078125,5433.2001953125,9602.0498046875,1666.5999755859375,180.10000610351562,12581.9501953125,2635.199951171875,1267.699951171875,12339.599609375,12318.0498046875,1129.0999755859375,2516.949951171875
2020-04-28,9380.900390625,20670.859375,13133.650390625,28778.150390625,5447.10009765625,9386.2001953125,1661.6500244140625,181.5,12547.7001953125,2632.550048828125,1283.5999755859375,12254.25,12595.849609375,1134.9000244140625,2517.60009765625
2020-04-29,9553.349609375,21089.953125,13424.9501953125,28665.0,5543.75,9385.4501953125,1723.800048828125,183.14999389648438,12611.5498046875,2664.35009765625,1315.5999755859375,12311.900390625,12976.0498046875,1165.949951171875,2548.550048828125
2020-04-30,9859.900390625,21534.25,14108.400390625,28669.30078125,5901.39990234375,9327.099609375,1859.9000244140625,187.3000030517578,13154.7001953125,2753.14990234375,1326.050048828125,12524.900390625,13437.9501953125,1159.75,2679.949951171875
2020-05-04,9293.5,19743.521484375,13454.25,27599.0,5476.2001953125,9364.599609375,1713.800048828125,174.3000030517578,12726.650390625,2666.60009765625,1246.199951171875,12053.4501953125,12512.400390625,1108.550048828125,2534.10009765625
2020-05-05,9205.599609375,19271.525390625,13388.0498046875,27138.599609375,5451.89990234375,9181.5,1693.6500244140625,169.3000030517578,12897.900390625,2670.300048828125,1205.3499755859375,11845.150390625,12346.900390625,1097.25,2535.85009765625
2020-05-06,9270.900390625,19694.322265625,13394.7001953125,26630.19921875,5552.39990234375,9227.150390625,1697.949951171875,171.0,12912.400390625,2689.85009765625,1194.75,11851.7998046875,12565.75,1097.5,2545.10009765625
2020-05-07,9199.0498046875,19491.57421875,13292.7001953125,26254.55078125,5519.0,9148.099609375,1695.550048828125,170.64999389648438,12829.400390625,2677.39990234375,1195.4000244140625,11730.349609375,12397.4501953125,1097.9000244140625,2513.85009765625
2020-05-08,9251.5,19352.67578125,13403.599609375,26759.80078125,5447.75,9343.349609375,1676.550048828125,169.5500030517578,12896.7001953125,2697.85009765625,1171.9000244140625,11851.7001953125,12397.5498046875,1105.0999755859375,2510.39990234375
2020-05-11,9239.2001953125,18950.279296875,13593.5498046875,26667.80078125,5679.7001953125,9307.2998046875,1697.9000244140625,171.10000610351562,12920.150390625,2726.550048828125,1164.550048828125,11950.349609375,12304.5498046875,1134.949951171875,2528.050048828125
2020-05-12,9196.5498046875,18862.630859375,13687.75,26857.150390625,5708.9501953125,9246.650390625,1717.550048828125,172.4499969482422,12664.400390625,2700.800048828125,1166.800048828125,12017.2998046875,12347.099609375,1154.25,2523.449951171875
2020-05-13,9383.5498046875,19634.720703125,13776.9501953125,26746.5,5844.60009765625,9147.75,1760.5999755859375,178.39999389648438,12911.4501953125,2762.300048828125,1238.050048828125,12016.400390625,12644.150390625,1171.0999755859375,2587.89990234375
2020-05-14,9142.75,19068.279296875,13293.75,26933.650390625,5804.0498046875,9172.2001953125,1715.050048828125,175.1999969482422,12485.9501953125,2706.85009765625,1205.9000244140625,12041.900390625,12229.75,1158.4000244140625,2536.199951171875
2020-05-15,9136.849609375,18833.73046875,13196.349609375,26958.650390625,5745.7001953125,9093.0,1742.5999755859375,172.5,12615.4501953125,2729.0,1186.0999755859375,12079.9501953125,12161.650390625,1137.3499755859375,2555.85009765625
2020-05-18,8823.25,17572.994140625,13314.400390625,26694.650390625,5430.0498046875,9092.650390625,1673.5,163.3000030517578,12214.5498046875,2624.89990234375,1116.050048828125,11753.849609375,11641.650390625,1060.3499755859375,2453.85009765625
2020-05-19,8879.099609375,17486.046875,13446.599609375,26895.75,5486.14990234375,9084.599609375,1693.550048828125,162.14999389648438,12247.7001953125,2671.199951171875,1087.199951171875,11762.7998046875,11784.25,1081.550048828125,2472.949951171875
2020-05-20,9066.5498046875,17839.9921875,13517.400390625,27290.349609375,5603.7998046875,9456.7998046875,1711.5,165.75,12508.5,2721.550048828125,1092.449951171875,11873.349609375,12023.900390625,1107.6500244140625,2530.60009765625
2020-05-21,9106.25,17734.892578125,13647.900390625,27887.099609375,5749.89990234375,9520.5498046875,1742.9000244140625,165.5,12502.599609375,2725.449951171875,1099.6500244140625,11959.2998046875,12001.099609375,1127.1500244140625,2545.5
2020-05-22,9039.25,17278.69921875,13842.650390625,27786.099609375,5767.0,9600.650390625,1710.449951171875,163.5500030517578,12463.5498046875,2720.14990234375,1090.1500244140625,11944.4501953125,11826.9501953125,1140.1500244140625,2550.0
2020-05-26,9029.0498046875,17440.146484375,13574.9501953125,28122.30078125,5854.2998046875,9483.5,1756.3499755859375,165.5,12519.5498046875,2724.449951171875,1090.25,12013.7998046875,11746.5,1137.6500244140625,2593.75
2020-05-27,9314.9501953125,18710.333984375,13952.900390625,28222.400390625,5896.9501953125,9463.7001953125,1801.25,168.39999389648438,12715.9501953125,2759.75,1127.300048828125,12033.849609375,12290.7998046875,1137.1500244140625,2634.10009765625
2020-05-28,9490.099609375,19169.578125,14028.599609375,28451.599609375,6112.2998046875,9464.5,1844.5,172.6999969482422,12845.0,2815.10009765625,1122.949951171875,12238.900390625,12521.599609375,1178.3499755859375,2675.699951171875
2020-05-29,9580.2998046875,19297.025390625,14010.5,29296.94921875,6218.7998046875,9768.599609375,1879.8499755859375,180.10000610351562,13060.5,2845.14990234375,1129.8499755859375,12497.75,12567.349609375,1177.8499755859375,2726.89990234375
2020-06-01,9826.150390625,19959.66796875,14307.099609375,29571.30078125,6419.5,9802.099609375,1952.5,185.60000610351562,13345.599609375,2885.89990234375,1215.4000244140625,12666.75,12941.150390625,1219.3499755859375,2776.949951171875
2020-06-02,9979.099609375,20529.9609375,14422.400390625,29359.849609375,6471.2998046875,9833.599609375,1956.0999755859375,194.75,13479.900390625,2912.449951171875,1221.8499755859375,12722.349609375,13248.400390625,1259.4000244140625,2788.300048828125
2020-06-03,10061.5498046875,20940.455078125,14361.7001953125,29527.0,6498.64990234375,9864.0498046875,1952.699951171875,200.85000610351562,13519.5498046875,2922.949951171875,1284.449951171875,12795.5,13387.25,1267.25,2791.699951171875
2020-06-04,10029.099609375,20390.212890625,14627.4501953125,29621.55078125,6511.35009765625,10077.849609375,1972.9000244140625,197.35000610351562,13704.599609375,2948.800048828125,1297.9000244140625,12818.7998046875,13251.0498046875,1319.449951171875,2802.35009765625
2020-06-05,10142.150390625,21034.255859375,14627.4501953125,29542.0,6628.75,10081.2998046875,2049.699951171875,202.0,13925.400390625,3002.449951171875,1386.75,12996.25,13426.650390625,1388.9000244140625,2879.050048828125
2020-06-08,10167.4501953125,21187.103515625,14894.599609375,29502.150390625,6610.5498046875,9939.099609375,2044.8499755859375,202.64999389648438,14140.5498046875,3002.60009765625,1370.5999755859375,13036.75,13527.0498046875,1365.800048828125,2881.449951171875
2020-06-09,10046.650390625,20724.66015625,14737.849609375,29524.900390625,6577.7001953125,10122.0498046875,2022.5,202.64999389648438,13894.900390625,2959.550048828125,1347.9000244140625,12898.7998046875,13324.099609375,1320.8499755859375,2844.699951171875
2020-06-10,10116.150390625,21099.853515625,14842.0498046875,29503.19921875,6502.64990234375,10149.25,2010.800048828125,206.60000610351562,13954.2998046875,2970.199951171875,1395.050048828125,12921.650390625,13453.0498046875,1316.4000244140625,2849.0
2020-06-11,9902.0,20524.912109375,14619.4501953125,29092.44921875,6373.60009765625,9933.400390625,1954.8499755859375,202.3000030517578,13745.7001953125,2908.75,1340.8499755859375,12696.7998046875,13171.7998046875,1298.800048828125,2790.85009765625
2020-06-12,9972.900390625,20654.310546875,14402.75,29145.599609375,6559.39990234375,9982.7998046875,1966.0999755859375,204.64999389648438,13855.75,2954.199951171875,1352.050048828125,12791.25,13189.400390625,1287.550048828125,2819.75
2020-06-15,9813.7001953125,19912.66796875,14396.7001953125,28701.80078125,6443.0,9989.0498046875,1928.550048828125,198.5,13815.4501953125,2925.949951171875,1371.5,12697.650390625,12891.7001953125,1298.800048828125,2780.199951171875
2020-06-16,9914.0,20296.462890625,14450.7998046875,28575.349609375,6451.0498046875,9926.400390625,1955.9000244140625,196.85000610351562,13780.5498046875,2918.699951171875,1358.5999755859375,12663.349609375,13129.2998046875,1314.949951171875,2797.199951171875
2020-06-17,9881.150390625,20201.515625,14478.4501953125,28431.75,6503.5,9977.2001953125,1940.449951171875,198.35000610351562,13742.9501953125,2919.25,1353.0,12715.599609375,13087.650390625,1337.449951171875,2788.300048828125
2020-06-18,10091.650390625,20956.056640625,14551.25,28648.69921875,6535.89990234375,9975.2998046875,1998.6500244140625,200.14999389648438,14023.4501953125,2957.60009765625,1387.5,12761.599609375,13430.400390625,1360.6500244140625,2833.89990234375
2020-06-19,10244.400390625,21337.8515625,14499.7998046875,28709.44921875,6634.5,10002.150390625,1997.550048828125,212.9499969482422,14535.25,3038.64990234375,1418.4000244140625,12842.75,13575.75,1387.550048828125,2876.89990234375
2020-06-22,10311.2001953125,21708.09765625,14463.7001953125,28865.44921875,6729.10009765625,10218.349609375,2049.800048828125,215.0500030517578,14675.599609375,3062.300048828125,1473.5999755859375,13012.5,13690.0498046875,1417.050048828125,2912.64990234375
2020-06-23,10471.0,22264.642578125,14680.400390625,29355.19921875,6789.2001953125,10360.7998046875,2085.800048828125,221.25,14837.5498046875,3105.5,1523.9000244140625,13156.400390625,13964.349609375,1449.199951171875,2962.300048828125
2020-06-24,10305.2998046875,21426.55078125,14581.4501953125,29487.400390625,6742.7998046875,10110.5,2042.3499755859375,215.39999389648438,14603.650390625,3059.25,1496.800048828125,13065.099609375,13603.0498046875,1406.6500244140625,2902.050048828125
2020-06-25,10288.900390625,21505.900390625,14411.2001953125,30113.25,6737.85009765625,10193.150390625,2030.800048828125,213.1999969482422,14505.2001953125,3038.39990234375,1489.1500244140625,13158.0,13576.349609375,1401.0999755859375,2874.25
2020-06-26,10383.0,21591.80078125,14994.650390625,29757.05078125,6731.4501953125,10137.849609375,2043.3499755859375,211.1999969482422,14832.650390625,3078.5,1503.199951171875,13158.2001953125,13762.900390625,1402.0999755859375,2918.699951171875
2020-06-29,10312.400390625,21358.751953125,14768.0,29971.650390625,6645.85009765625,10135.900390625,1989.5,203.6999969482422,14588.5,3042.64990234375,1453.449951171875,13123.75,13652.650390625,1367.0999755859375,2865.75
2020-06-30,10302.099609375,21369.90234375,14754.2998046875,30063.25,6719.14990234375,9985.150390625,1991.3499755859375,202.64999389648438,14396.5498046875,3032.35009765625,1427.9000244140625,13226.5498046875,13659.849609375,1343.3499755859375,2860.0
2020-07-01,10430.0498046875,21977.34375,14732.150390625,30232.5,6718.60009765625,9882.849609375,1997.3499755859375,201.1999969482422,14474.349609375,3031.39990234375,1479.699951171875,13146.349609375,13889.2001953125,1367.6500244140625,2867.300048828125
2020-07-02,10551.7001953125,21952.943359375,15122.5498046875,30316.19921875,6907.10009765625,9943.650390625,2017.0,201.0500030517578,14625.2001953125,3059.5,1478.4000244140625,13198.400390625,14051.0,1373.1500244140625,2891.0
2020-07-03,10607.349609375,21852.146484375,15285.900390625,30529.099609375,6971.0498046875,9963.400390625,2008.5,203.10000610351562,14771.0498046875,3106.10009765625,1464.449951171875,13225.5498046875,14105.849609375,1370.449951171875,2904.0
2020-07-06,10763.650390625,22198.69140625,15464.9501953125,30647.650390625,7171.75,9901.25,2058.14990234375,209.1999969482422,14997.849609375,3141.14990234375,1482.9000244140625,13398.2001953125,14268.25,1376.5999755859375,2954.800048828125
2020-07-07,10799.650390625,22627.736328125,15784.9501953125,30518.19921875,7199.5498046875,9878.0,2022.5999755859375,207.75,14696.7001953125,3092.64990234375,1477.800048828125,13466.25,14466.5498046875,1390.0,2914.699951171875
2020-07-08,10705.75,22584.388671875,15513.650390625,30773.900390625,7059.35009765625,9948.5,2054.300048828125,203.6999969482422,14554.349609375,3060.35009765625,1512.449951171875,13460.0,14321.650390625,1368.25,2898.25
2020-07-09,10813.4501953125,22906.93359375,15535.9501953125,30671.75,7085.60009765625,9987.5498046875,2094.300048828125,204.75,14620.849609375,3081.89990234375,1530.550048828125,13443.0498046875,14495.0498046875,1374.550048828125,2920.14990234375
2020-07-10,10768.0498046875,22398.189453125,15565.2001953125,30821.150390625,7041.10009765625,10072.25,2078.199951171875,206.10000610351562,14698.5,3084.0,1489.75,13461.75,14318.099609375,1367.8499755859375,2904.949951171875
2020-07-13,10802.7001953125,22088.994140625,15819.2001953125,31214.900390625,7084.4501953125,10106.599609375,2105.14990234375,202.8000030517578,14835.099609375,3111.949951171875,1465.25,13589.2001953125,14236.9501953125,1376.449951171875,2927.25
2020-07-14,10607.349609375,21391.951171875,15640.5498046875,30932.849609375,6916.0,10155.0498046875,2052.449951171875,199.6999969482422,14581.900390625,3071.5,1419.199951171875,13404.0,13925.599609375,1366.550048828125,2878.300048828125
2020-07-15,10618.2001953125,21340.501953125,16459.849609375,31140.44921875,6931.0498046875,10210.75,2055.75,195.60000610351562,14302.9501953125,3013.75,1399.75,13405.7001953125,14033.5,1343.449951171875,2858.85009765625
2020-07-16,10739.9501953125,21596.8984375,16926.05078125,31182.349609375,7015.89990234375,10382.2998046875,2070.64990234375,195.60000610351562,14339.900390625,3015.85009765625,1405.9000244140625,13555.0498046875,14257.900390625,1321.3499755859375,2866.0
2020-07-17,10901.7001953125,21966.544921875,16821.349609375,31439.30078125,7137.2998046875,10472.150390625,2103.0,196.39999389648438,14942.25,3091.85009765625,1431.5999755859375,13599.400390625,14414.650390625,1336.5999755859375,2942.699951171875
2020-07-20,11022.2001953125,22321.58984375,17258.30078125,31536.349609375,7175.85009765625,10304.599609375,2106.0,197.25,14936.0,3104.25,1442.0,13703.099609375,14667.25,1343.9000244140625,2957.949951171875
2020-07-21,11162.25,22781.734375,17273.19921875,31280.25,7295.75,10153.7998046875,2118.60009765625,201.10000610351562,15457.349609375,3156.75,1472.0999755859375,13693.9501953125,14864.0,1360.300048828125,3000.449951171875
2020-07-22,11132.599609375,22882.333984375,17076.05078125,31051.599609375,7203.9501953125,10175.2001953125,2113.949951171875,199.0500030517578,15565.400390625,3155.75,1449.199951171875,13573.2998046875,14784.7998046875,1367.300048828125,2994.550048828125
2020-07-23,11215.4501953125,23083.6328125,17045.19921875,31101.900390625,7301.0498046875,10322.150390625,2131.39990234375,201.85000610351562,15803.25,3179.800048828125,1467.050048828125,13623.5498046875,14842.75,1371.449951171875,3012.35009765625
2020-07-24,11194.150390625,22661.787109375,17286.0,31018.849609375,7218.64990234375,10237.9501953125,2087.5,198.39999389648438,15895.849609375,3175.89990234375,1438.449951171875,13576.099609375,14709.75,1348.9000244140625,2993.449951171875
2020-07-27,11131.7998046875,21848.49609375,17626.75,30819.75,7186.4501953125,10062.0498046875,2094.39990234375,195.10000610351562,15903.0498046875,3172.85009765625,1393.75,13525.349609375,14555.099609375,1331.949951171875,3000.5
2020-07-28,11300.5498046875,22104.94140625,18042.75,30910.900390625,7416.89990234375,10128.0498046875,2141.300048828125,198.25,16001.9501953125,3219.0,1398.25,13612.4501953125,14801.2001953125,1329.25,3055.300048828125
2020-07-29,11202.849609375,22076.34375,17880.5,30948.5,7330.25,10441.150390625,2160.75,198.3000030517578,15737.5498046875,3200.25,1419.300048828125,13550.849609375,14707.849609375,1326.550048828125,3054.449951171875
2020-07-30,11102.150390625,21646.59765625,18003.55078125,30696.400390625,7287.85009765625,10766.0498046875,2135.14990234375,198.14999389648438,15439.0,3162.199951171875,1391.8499755859375,13510.5,14531.0498046875,1296.3499755859375,3014.64990234375
2020-07-31,11073.4501953125,21639.798828125,18071.849609375,30872.44921875,7279.75,11148.900390625,2147.300048828125,201.0,15309.150390625,3153.39990234375,1411.5999755859375,13559.849609375,14499.5498046875,1285.0999755859375,3020.050048828125
2020-08-03,10891.599609375,21071.85546875,17965.80078125,30759.80078125,7240.25,11128.400390625,2156.14990234375,198.5500030517578,15055.5498046875,3113.199951171875,1420.5,13555.4501953125,14216.0498046875,1271.949951171875,2994.89990234375
2020-08-04,11095.25,21490.25,17808.0,30901.650390625,7353.9501953125,11316.9501953125,2177.35009765625,202.25,15408.150390625,3167.64990234375,1420.199951171875,13635.650390625,14385.599609375,1320.300048828125,3019.64990234375
2020-08-05,11101.650390625,21509.69921875,17869.80078125,30863.599609375,7489.10009765625,11263.75,2263.800048828125,202.39999389648438,15328.2998046875,3178.60009765625,1417.5,13704.2998046875,14381.400390625,1335.3499755859375,3046.800048828125
2020-08-06,11200.150390625,21642.34765625,18188.75,31287.599609375,7498.25,11403.650390625,2294.75,204.60000610351562,15408.150390625,3176.89990234375,1412.949951171875,13737.849609375,14550.4501953125,1336.699951171875,3072.199951171875
2020-08-07,11214.0498046875,21753.748046875,18004.150390625,31490.599609375,7554.4501953125,11333.0,2314.35009765625,203.9499969482422,15498.0498046875,3188.25,1427.0,13908.349609375,14536.5498046875,1336.0,3091.39990234375
2020-08-10,11270.150390625,21899.99609375,18159.55078125,31621.75,7621.2998046875,11941.400390625,2332.0,209.75,15515.349609375,3199.14990234375,1437.9000244140625,13973.0498046875,14609.4501953125,1339.75,3110.85009765625
2020-08-11,11322.5,22226.94140625,18057.099609375,31767.75,7630.35009765625,11772.25,2370.64990234375,208.60000610351562,15588.25,3196.800048828125,1438.8499755859375,13940.2998046875,14691.2998046875,1366.4000244140625,3110.949951171875
2020-08-12,11308.400390625,22263.7421875,18066.0,31636.69921875,7785.0498046875,11590.25,2354.800048828125,207.0500030517578,15549.0,3196.75,1477.699951171875,13929.5498046875,14682.7001953125,1398.8499755859375,3099.35009765625
2020-08-13,11300.4501953125,22196.091796875,18107.19921875,31668.150390625,7879.75,11477.9501953125,2380.64990234375,208.9499969482422,15540.5498046875,3216.800048828125,1462.800048828125,14023.150390625,14646.7001953125,1418.1500244140625,3112.60009765625
2020-08-14,11178.400390625,21679.1484375,18022.650390625,31237.94921875,7677.64990234375,11640.400390625,2405.800048828125,207.10000610351562,15394.9501953125,3183.199951171875,1425.1500244140625,13898.650390625,14441.2998046875,1399.8499755859375,3106.35009765625
2020-08-17,11247.099609375,21700.59765625,18223.599609375,31545.150390625,7865.5498046875,11595.349609375,2464.25,209.14999389648438,15588.4501953125,3203.300048828125,1415.8499755859375,14027.349609375,14517.5498046875,1440.449951171875,3149.300048828125
2020-08-18,11385.349609375,22170.341796875,18270.349609375,31726.150390625,7941.85009765625,11581.7001953125,2507.5,217.60000610351562,15634.349609375,3241.10009765625,1428.75,14176.9501953125,14723.2998046875,1471.5999755859375,3198.64990234375
2020-08-19,11408.400390625,22285.640625,18210.849609375,31586.05078125,7941.35009765625,11537.900390625,2513.14990234375,220.35000610351562,15712.0,3256.550048828125,1462.449951171875,14158.75,14762.4501953125,1550.5,3212.60009765625
2020-08-20,11312.2001953125,21999.193359375,18126.099609375,31439.900390625,7911.60009765625,11540.900390625,2538.89990234375,221.3000030517578,15960.9501953125,3253.39990234375,1457.0999755859375,14148.0498046875,14631.900390625,1598.6500244140625,3249.949951171875
2020-08-21,11371.599609375,22299.33984375,18065.30078125,31604.400390625,7934.7001953125,11614.900390625,2523.60009765625,224.0500030517578,16085.349609375,3260.75,1483.75,14269.849609375,14736.900390625,1575.9000244140625,3265.199951171875
2020-08-24,11466.4501953125,22832.734375,18010.94921875,31642.0,7948.39990234375,11572.25,2526.10009765625,221.8000030517578,16071.0,3260.199951171875,1486.800048828125,14343.4501953125,14932.9501953125,1586.4000244140625,3274.300048828125
2020-08-25,11472.25,23091.8828125,17973.69921875,31460.30078125,7983.60009765625,11500.0,2507.5,217.0500030517578,15980.2001953125,3246.199951171875,1506.75,14316.900390625,14991.7001953125,1591.6500244140625,3256.25
2020-08-26,11549.599609375,23413.927734375,18128.0,31408.44921875,8100.5,11484.5498046875,2527.800048828125,218.8000030517578,16115.0498046875,3249.10009765625,1511.050048828125,14294.5498046875,15071.650390625,1632.1500244140625,3257.39990234375
2020-08-27,11559.25,23600.076171875,18102.650390625,31314.44921875,8183.0,11588.0498046875,2531.050048828125,232.8000030517578,15996.099609375,3238.0,1527.550048828125,14286.400390625,15117.9501953125,1640.699951171875,3256.550048828125
2020-08-28,11647.599609375,24523.515625,18122.0,31253.44921875,8111.85009765625,11622.900390625,2520.35009765625,233.10000610351562,15970.75,3254.449951171875,1601.800048828125,14262.0,15339.4501953125,1670.25,3265.14990234375
2020-08-31,11387.5,23754.07421875,17928.849609375,30595.150390625,7840.35009765625,11079.7998046875,2420.60009765625,222.75,15605.25,3163.5,1525.3499755859375,13828.2998046875,15005.150390625,1572.5,3153.550048828125
2020-09-01,11470.25,23811.72265625,17814.05078125,30988.150390625,7885.9501953125,11339.5,2496.75,224.5,15673.0498046875,3202.89990234375,1521.699951171875,13900.0,15096.7998046875,1594.1500244140625,3196.949951171875
2020-09-02,11535.0,23874.2734375,18077.0,31084.349609375,7976.9501953125,11404.25,2541.35009765625,225.75,15857.25,3235.89990234375,1515.3499755859375,14041.349609375,15162.0,1648.5999755859375,3239.14990234375
2020-09-03,11527.4501953125,23530.576171875,18348.55078125,31316.849609375,8049.5498046875,11511.849609375,2527.300048828125,225.3000030517578,15734.75,3234.14990234375,1502.5,14209.0,15095.099609375,1648.699951171875,3246.949951171875
2020-09-04,11333.849609375,23011.232421875,18073.94921875,30828.650390625,7996.5498046875,11281.4501953125,2451.35009765625,220.0500030517578,15434.7001953125,3171.050048828125,1462.25,14094.75,14832.2998046875,1645.5,3175.449951171875
2020-09-07,11355.0498046875,22944.783203125,18176.80078125,31003.849609375,7957.85009765625,11269.849609375,2450.050048828125,218.0,15356.4501953125,3155.75,1460.800048828125,14162.900390625,14842.150390625,1653.5999755859375,3156.0
2020-09-08,11317.349609375,22744.13671875,18395.75,30818.44921875,7888.0,11093.2001953125,2376.85009765625,214.25,15336.4501953125,3121.60009765625,1437.800048828125,14029.400390625,14805.4501953125,1604.0,3117.25
2020-09-09,11278.0,22266.740234375,18261.5,30633.599609375,7903.10009765625,11304.099609375,2397.199951171875,211.0500030517578,15365.849609375,3132.89990234375,1396.5,14004.7998046875,14612.099609375,1622.8499755859375,3129.949951171875
2020-09-10,11449.25,22465.9375,18395.849609375,30778.75,7945.0,11303.400390625,2369.800048828125,212.25,15978.0498046875,3204.25,1430.9000244140625,14085.25,14704.0,1644.5,3180.300048828125
2020-09-11,11464.4501953125,22479.6875,18633.25,30972.25,7956.7998046875,11313.2998046875,2384.300048828125,214.9499969482422,15942.2998046875,3201.75,1442.199951171875,14097.400390625,14737.0498046875,1629.949951171875,3189.10009765625
2020-09-14,11440.0498046875,22100.9921875,19505.099609375,30760.5,8035.35009765625,11233.2998046875,2387.050048828125,222.9499969482422,15829.150390625,3182.10009765625,1435.0,14207.5,14749.2001953125,1658.8499755859375,3202.0
2020-09-15,11521.7998046875,22465.388671875,19627.30078125,30712.19921875,8033.5,11450.5,2385.550048828125,221.35000610351562,15898.599609375,3212.949951171875,1435.550048828125,14323.2998046875,14906.5498046875,1651.800048828125,3235.35009765625
2020-09-16,11604.5498046875,22573.2890625,19770.349609375,30837.55078125,8156.2001953125,11688.5498046875,2396.35009765625,226.35000610351562,15829.4501953125,3218.25,1428.050048828125,14394.5498046875,15007.400390625,1625.5,3247.0
2020-09-17,11516.099609375,22320.08984375,19817.69921875,30651.75,8128.64990234375,11735.9501953125,2363.300048828125,222.5,15688.4501953125,3193.300048828125,1409.449951171875,14338.849609375,14883.650390625,1629.699951171875,3222.89990234375
2020-09-18,11504.9501953125,22030.794921875,19827.099609375,30460.849609375,8161.7001953125,12320.900390625,2362.199951171875,226.75,15777.099609375,3218.5,1386.5999755859375,14234.0,14788.4501953125,1631.5999755859375,3227.050048828125
2020-09-21,11250.5498046875,21366.552734375,19729.0,29541.75,7832.2001953125,11799.5498046875,2240.35009765625,213.9499969482422,15366.2998046875,3123.550048828125,1328.4000244140625,13803.400390625,14545.349609375,1557.949951171875,3117.5
2020-09-22,11153.650390625,21138.853515625,19866.099609375,29312.400390625,7695.25,11876.849609375,2213.949951171875,210.0,15064.900390625,3073.75,1310.0,13623.650390625,14472.25,1517.5,3077.5
2020-09-23,11131.849609375,21178.25390625,19805.650390625,29322.349609375,7690.89990234375,11685.900390625,2205.25,211.64999389648438,14956.599609375,3037.75,1290.4000244140625,13677.099609375,14401.0,1481.5,3055.550048828125
2020-09-24,10805.5498046875,20456.611328125,18973.05078125,29044.94921875,7418.85009765625,11334.599609375,2111.85009765625,205.10000610351562,14548.4501953125,2960.300048828125,1240.25,13417.25,13911.0498046875,1435.449951171875,2966.699951171875
2020-09-25,11050.25,20982.10546875,19629.349609375,29633.5,7669.5,11595.900390625,2172.64990234375,209.39999389648438,14826.2998046875,3049.800048828125,1276.199951171875,13740.25,14280.7001953125,1484.75,3033.25
2020-09-28,11227.5498046875,21665.248046875,19783.05078125,29886.19921875,7902.5498046875,11796.599609375,2237.0,215.75,15210.2001953125,3111.300048828125,1318.800048828125,13948.0,14549.599609375,1555.550048828125,3107.550048828125
2020-09-29,11222.400390625,21411.052734375,19831.80078125,29434.80078125,7925.2001953125,11709.5,2280.89990234375,213.14999389648438,15175.099609375,3099.75,1290.0,13904.900390625,14511.5498046875,1549.699951171875,3127.64990234375
2020-09-30,11247.5498046875,21451.55078125,19951.349609375,29841.75,7908.10009765625,11772.849609375,2242.550048828125,211.89999389648438,15026.9501953125,3080.949951171875,1277.4000244140625,14011.7001953125,14550.4501953125,1547.800048828125,3110.949951171875
2020-10-01,11416.9501953125,22245.7421875,20110.400390625,30009.55078125,7966.10009765625,11822.900390625,2261.25,215.6999969482422,15049.7001953125,3101.14990234375,1292.25,14059.75,14906.5498046875,1591.0999755859375,3127.550048828125
2020-10-05,11503.349609375,22370.689453125,20809.0,30112.150390625,7957.9501953125,12024.0,2318.85009765625,216.25,14999.0498046875,3085.25,1290.4000244140625,14072.7001953125,15090.2998046875,1588.25,3137.85009765625
2020-10-06,11662.400390625,22853.43359375,20896.75,30054.69921875,8058.10009765625,12009.4501953125,2302.699951171875,221.85000610351562,14966.7998046875,3096.60009765625,1299.1500244140625,14061.400390625,15416.0498046875,1617.300048828125,3143.14990234375
2020-10-07,11738.849609375,22964.533203125,21017.400390625,30168.80078125,8170.0498046875,11915.0,2267.75,217.75,14914.400390625,3108.550048828125,1284.1500244140625,14149.900390625,15463.7998046875,1576.25,3141.10009765625
2020-10-08,11834.599609375,23191.080078125,21697.25,30136.05078125,8183.7001953125,12209.2001953125,2272.39990234375,219.0,14780.150390625,3108.449951171875,1293.300048828125,14221.2998046875,15676.400390625,1568.4000244140625,3145.199951171875
2020-10-09,11914.2001953125,23846.5234375,21837.650390625,29923.900390625,8163.5,12043.9501953125,2260.85009765625,215.4499969482422,14833.7998046875,3119.10009765625,1333.4000244140625,14152.400390625,15888.400390625,1554.8499755859375,3136.300048828125
2020-10-12,11930.9501953125,23712.525390625,22202.099609375,30024.25,8102.5,12154.5498046875,2240.85009765625,213.10000610351562,14754.599609375,3100.39990234375,1310.75,14112.4501953125,15893.0,1518.1500244140625,3123.300048828125
2020-10-13,11934.5,23491.92578125,22492.599609375,29926.69921875,8052.85009765625,11937.099609375,2249.64990234375,212.4499969482422,14911.9501953125,3108.5,1290.5,14061.7998046875,15869.4501953125,1492.9000244140625,3146.050048828125
2020-10-14,11971.0498046875,23874.373046875,22204.05078125,29959.599609375,8031.0498046875,11857.25,2251.949951171875,214.6999969482422,14755.0,3109.75,1303.25,14079.400390625,15948.4501953125,1496.550048828125,3144.449951171875
2020-10-15,11680.349609375,23072.1328125,21567.30078125,29644.80078125,7935.35009765625,11637.900390625,2240.949951171875,209.60000610351562,14460.2001953125,3044.14990234375,1266.199951171875,13931.099609375,15500.599609375,1454.449951171875,3103.10009765625
2020-10-16,11762.4501953125,23532.9765625,21538.150390625,29671.05078125,7959.4501953125,11814.099609375,2329.85009765625,215.10000610351562,14562.5498046875,3075.64990234375,1270.449951171875,14012.150390625,15696.25,1448.8499755859375,3152.75
2020-10-19,11873.0498046875,24266.46875,21391.900390625,30068.849609375,7870.35009765625,11616.650390625,2367.85009765625,218.35000610351562,14743.25,3090.75,1323.449951171875,14125.5,15925.2998046875,1425.699951171875,3186.300048828125
2020-10-20,11896.7998046875,24311.517578125,21694.349609375,29964.599609375,7896.7001953125,11644.400390625,2363.35009765625,226.9499969482422,14529.150390625,3093.14990234375,1304.5999755859375,14069.9501953125,16010.2001953125,1453.699951171875,3170.35009765625
2020-10-21,11937.650390625,24634.763671875,21577.650390625,29684.099609375,7878.0498046875,11645.7001953125,2416.050048828125,236.85000610351562,14643.5498046875,3122.050048828125,1314.1500244140625,13976.9501953125,16142.099609375,1444.8499755859375,3204.949951171875
2020-10-22,11896.4501953125,24483.865234375,21413.5,29715.349609375,7864.14990234375,11545.2998046875,2432.5,237.6999969482422,14789.4501953125,3145.10009765625,1313.5,14056.900390625,16079.2998046875,1455.9000244140625,3225.5
2020-10-23,11930.349609375,24478.015625,21523.599609375,29782.19921875,8094.60009765625,11503.0498046875,2443.0,235.10000610351562,14901.7001953125,3152.39990234375,1319.6500244140625,14148.599609375,16114.650390625,1465.949951171875,3222.75
2020-10-26,11767.75,24075.169921875,21265.69921875,29774.650390625,7833.64990234375,11334.2001953125,2357.550048828125,230.64999389648438,14613.4501953125,3113.199951171875,1304.0,14090.099609375,15973.25,1425.75,3152.5
2020-10-27,11889.400390625,24769.212890625,21023.400390625,30163.69921875,7930.64990234375,11511.5,2359.60009765625,229.0,14752.25,3157.75,1292.0,14336.099609375,16130.400390625,1445.6500244140625,3200.050048828125
2020-10-28,11729.599609375,24232.21875,20810.30078125,29948.099609375,7922.75,11325.099609375,2325.39990234375,224.35000610351562,14688.349609375,3141.60009765625,1271.699951171875,14258.5498046875,15850.349609375,1424.949951171875,3176.14990234375
2020-10-29,11670.7998046875,24091.720703125,20876.94921875,29663.44921875,7846.75,11226.0,2307.699951171875,223.39999389648438,14722.150390625,3124.39990234375,1264.3499755859375,14139.9501953125,15776.099609375,1398.550048828125,3190.949951171875
2020-10-30,11642.400390625,23900.623046875,20916.849609375,29428.44921875,7758.39990234375,11243.75,2343.60009765625,228.1999969482422,14977.7998046875,3129.64990234375,1260.5,14091.150390625,15688.849609375,1419.050048828125,3233.5
2020-11-02,11669.150390625,24892.2109375,20732.30078125,29441.44921875,7732.25,11175.2998046875,2338.89990234375,235.39999389648438,14606.099609375,3098.699951171875,1302.8499755859375,14050.5,16079.9501953125,1417.9000244140625,3207.75
2020-11-03,11813.5,25682.501953125,20736.0,29526.349609375,7848.85009765625,11361.0,2391.199951171875,229.9499969482422,14528.4501953125,3110.25,1325.550048828125,14051.9501953125,16392.400390625,1413.25,3208.39990234375
2020-11-04,11908.5,25771.30078125,21104.55078125,29612.400390625,7901.75,11608.650390625,2383.800048828125,225.6999969482422,14628.5,3120.14990234375,1329.0,14116.400390625,16473.44921875,1415.5999755859375,3211.60009765625
2020-11-05,12120.2998046875,26312.79296875,21385.650390625,30180.05078125,7995.5,11704.9501953125,2488.64990234375,224.5500030517578,15020.349609375,3183.050048828125,1367.0999755859375,14303.900390625,16728.650390625,1472.5999755859375,3306.85009765625
2020-11-06,12263.5498046875,26798.638671875,21492.30078125,30150.650390625,8006.10009765625,11623.349609375,2500.35009765625,226.9499969482422,15180.75,3189.85009765625,1374.75,14255.150390625,16955.400390625,1473.4000244140625,3318.199951171875
2020-11-09,12461.0498046875,27533.779296875,21820.150390625,30453.69921875,8067.64990234375,11674.349609375,2545.25,230.3000030517578,15491.5,3243.64990234375,1388.949951171875,14354.75,17294.05078125,1473.25,3368.39990234375
2020-11-10,12631.099609375,28605.66796875,20978.5,30494.75,8127.25,11168.900390625,2556.699951171875,235.0500030517578,15713.0498046875,3305.75,1439.75,14319.349609375,17587.25,1488.550048828125,3386.35009765625
2020-11-11,12749.150390625,28844.6640625,21330.5,30845.599609375,8255.2001953125,11570.349609375,2645.050048828125,236.85000610351562,15773.5498046875,3338.85009765625,1432.949951171875,14364.150390625,17855.900390625,1484.550048828125,3437.75
2020-11-12,12690.7998046875,28278.47265625,21363.349609375,31240.19921875,8284.0498046875,11600.7998046875,2636.89990234375,238.60000610351562,15743.2001953125,3344.10009765625,1400.199951171875,14435.2998046875,17704.349609375,1494.300048828125,3447.449951171875
2020-11-13,12719.9501953125,28465.369140625,21436.849609375,31222.099609375,8308.900390625,11726.4501953125,2681.0,241.8000030517578,15869.25,3355.300048828125,1412.0,14406.5,17740.30078125,1480.199951171875,3482.25
2020-11-17,12874.2001953125,29180.9609375,21488.55078125,31291.44921875,8425.5498046875,11690.7998046875,2761.35009765625,248.35000610351562,15925.2998046875,3390.449951171875,1449.050048828125,14570.0498046875,18035.0,1467.0,3532.35009765625
2020-11-18,12938.25,29749.50390625,21314.849609375,30952.849609375,8686.599609375,11612.9501953125,2772.5,253.4499969482422,15911.099609375,3421.5,1500.800048828125,14603.7001953125,18150.849609375,1474.8499755859375,3537.949951171875
2020-11-19,12771.7001953125,28902.71484375,21114.44921875,31085.19921875,8628.2998046875,11566.599609375,2752.64990234375,250.0,15951.5498046875,3390.050048828125,1454.300048828125,14622.5,17821.80078125,1478.6500244140625,3509.35009765625
2020-11-20,12859.0498046875,29235.66015625,21409.25,31454.349609375,8684.75,11526.75,2774.75,251.3000030517578,15959.75,3405.300048828125,1469.25,14711.5498046875,18090.099609375,1465.050048828125,3533.75
2020-11-23,12926.4501953125,29023.861328125,22007.05078125,31568.099609375,8738.599609375,11737.2001953125,2808.60009765625,253.75,16405.55078125,3436.5,1466.8499755859375,14789.150390625,18101.30078125,1477.300048828125,3594.75
2020-11-24,13055.150390625,29736.904296875,22064.30078125,31832.19921875,8887.9501953125,11880.7998046875,2839.14990234375,258.29998779296875,16460.55078125,3446.0,1483.0999755859375,14901.5498046875,18289.400390625,1478.0,3607.5
2020-11-25,12858.400390625,29196.060546875,21705.900390625,31441.69921875,8738.4501953125,11635.2001953125,2816.550048828125,252.5,16388.0,3407.35009765625,1509.8499755859375,14714.400390625,17996.05078125,1472.5,3562.35009765625
2020-11-26,12987.0,29549.40625,21859.900390625,31701.30078125,8767.75,11801.25,2925.050048828125,254.4499969482422,16346.0,3431.60009765625,1539.050048828125,14835.4501953125,18208.599609375,1481.25,3604.050048828125
2020-11-27,12968.9501953125,29608.70703125,21764.900390625,31718.80078125,8891.599609375,11839.150390625,2925.75,261.20001220703125,16251.849609375,3424.75,1558.4000244140625,14946.349609375,18192.349609375,1503.1500244140625,3605.89990234375
2020-12-01,13109.0498046875,29817.50390625,22170.900390625,31705.25,8987.150390625,12045.150390625,2974.050048828125,269.8999938964844,16475.349609375,3476.85009765625,1603.25,14963.0498046875,18406.099609375,1530.9000244140625,3665.800048828125
2020-12-02,13113.75,29462.80859375,22319.0,31820.25,9093.7001953125,12088.599609375,3050.199951171875,277.8999938964844,16701.05078125,3501.800048828125,1596.25,14988.650390625,18316.19921875,1538.800048828125,3710.300048828125
2020-12-03,13133.900390625,29448.408203125,22202.19921875,31908.650390625,9245.2998046875,12206.9501953125,3126.10009765625,280.20001220703125,16941.25,3528.550048828125,1673.050048828125,15173.2001953125,18238.19921875,1581.9000244140625,3764.64990234375
2020-12-04,13258.5498046875,30052.05078125,22309.80078125,32356.75,9302.2001953125,12353.599609375,3161.35009765625,283.3999938964844,16923.55078125,3565.89990234375,1697.949951171875,15234.900390625,18431.75,1583.5,3782.199951171875
2020-12-07,13355.75,30211.19921875,22440.900390625,32866.8984375,9311.099609375,12555.9501953125,3161.199951171875,282.45001220703125,16998.599609375,3604.300048828125,1733.949951171875,15290.900390625,18561.55078125,1627.699951171875,3793.64990234375
2020-12-08,13392.9501953125,30261.548828125,22617.400390625,32849.8515625,9297.849609375,12407.2998046875,3122.35009765625,284.79998779296875,16967.55078125,3607.199951171875,1857.550048828125,15304.7998046875,18605.94921875,1612.5,3783.699951171875
2020-12-09,13529.099609375,30709.04296875,22803.44921875,33125.5,9293.2998046875,12443.900390625,3105.89990234375,289.0,17087.75,3623.449951171875,1838.550048828125,15349.349609375,18802.150390625,1673.3499755859375,3779.699951171875
2020-12-10,13478.2998046875,30509.994140625,22755.75,34054.80078125,9200.849609375,12440.599609375,3113.050048828125,290.25,16931.599609375,3600.10009765625,1810.300048828125,15469.099609375,18694.150390625,1646.199951171875,3727.89990234375
2020-12-11,13513.849609375,30604.494140625,22664.0,34364.8515625,9188.9501953125,12366.0,3146.10009765625,292.5,17204.05078125,3618.14990234375,1828.449951171875,15500.2998046875,18739.400390625,1658.699951171875,3762.10009765625
2020-12-14,13558.150390625,30745.54296875,22746.69921875,34411.6484375,9093.099609375,12459.900390625,3189.5,289.8999938964844,17351.349609375,3652.0,1860.75,15611.4501953125,18807.30078125,1691.8499755859375,3801.35009765625
2020-12-15,13567.849609375,30690.693359375,22715.099609375,33967.8984375,9149.75,12432.599609375,3214.14990234375,289.0,17281.349609375,3652.449951171875,1833.5999755859375,15520.400390625,18887.150390625,1722.1500244140625,3815.300048828125
2020-12-16,13682.7001953125,30698.04296875,22906.25,34195.8515625,9239.099609375,12547.5,3271.75,303.8500061035156,17383.150390625,3682.699951171875,1803.75,15609.0498046875,19042.94921875,1727.3499755859375,3841.25
2020-12-17,13740.7001953125,30846.69140625,22892.25,34013.55078125,9185.2001953125,12602.400390625,3227.699951171875,305.6499938964844,17323.55078125,3676.35009765625,1778.0999755859375,15530.5498046875,19181.099609375,1693.8499755859375,3826.64990234375
2020-12-18,13760.5498046875,30714.29296875,23256.599609375,34102.69921875,9168.650390625,12762.349609375,3216.60009765625,303.79998779296875,17231.94921875,3666.89990234375,1765.550048828125,15549.5,19180.099609375,1691.75,3821.800048828125
2020-12-21,13328.400390625,29456.107421875,22844.599609375,33151.1015625,8745.0,12278.150390625,3038.25,287.8500061035156,16377.4501953125,3511.5,1643.25,15137.0498046875,18597.75,1586.8499755859375,3640.550048828125
2020-12-22,13466.2998046875,29625.60546875,23611.599609375,33329.05078125,8818.599609375,12550.9501953125,3079.64990234375,289.1499938964844,16569.0,3562.449951171875,1659.25,15208.5,18826.19921875,1598.5,3676.949951171875
2020-12-23,13601.099609375,29882.953125,24167.75,33966.0,8935.9501953125,12753.25,3134.10009765625,300.54998779296875,16628.19921875,3584.85009765625,1693.4000244140625,15496.900390625,19013.30078125,1650.75,3714.10009765625
2020-12-24,13749.25,30401.845703125,24009.25,34115.6484375,8978.0498046875,12908.9501953125,3144.300048828125,299.25,16860.69921875,3620.949951171875,1703.800048828125,15568.2001953125,19216.0,1638.1500244140625,3738.75
2020-12-28,13873.2001953125,30880.58984375,24100.30078125,34181.1015625,9066.849609375,12874.349609375,3224.85009765625,307.0,17005.5,3656.35009765625,1749.699951171875,15633.0,19410.05078125,1654.3499755859375,3785.800048828125
2020-12-29,13932.599609375,31322.13671875,24274.05078125,34181.94921875,9043.900390625,12843.900390625,3189.85009765625,306.1000061035156,16899.349609375,3645.449951171875,1765.3499755859375,15538.150390625,19585.599609375,1630.300048828125,3765.550048828125
2020-12-30,13981.9501953125,31302.6875,24330.05078125,34313.69921875,9164.7998046875,12823.900390625,3230.89990234375,310.04998779296875,16948.75,3669.25,1761.3499755859375,15678.099609375,19605.25,1633.0,3811.300048828125
2020-12-31,13981.75,31263.6875,24251.349609375,34177.1015625,9193.5,12915.900390625,3254.64990234375,313.8500061035156,16922.5,3650.949951171875,1752.699951171875,15653.4501953125,19625.900390625,1648.949951171875,3800.60009765625
2021-01-01,14018.5,,,,,13001.9501953125,,,,,,,,,
2021-01-04,14132.900390625,31212.0859375,25110.05078125,34619.69921875,9417.9501953125,13149.7998046875,3424.60009765625,317.45001220703125,17176.150390625,3716.10009765625,1829.5999755859375,15886.7001953125,19805.650390625,1675.5999755859375,3902.25
2021-01-05,14199.5,31721.880859375,25769.150390625,34720.25,9416.0498046875,13166.349609375,3376.25,316.3500061035156,17070.55078125,3706.699951171875,1831.4000244140625,15999.900390625,20051.099609375,1686.9000244140625,3881.75
2021-01-06,14146.25,31797.53125,25419.150390625,34327.3515625,9379.5498046875,13118.099609375,3419.800048828125,318.6000061035156,17097.849609375,3728.89990234375,1825.449951171875,15973.4501953125,20027.900390625,1691.0999755859375,3913.35009765625
2021-01-07,14137.349609375,31955.62890625,25251.19921875,34032.3515625,9429.650390625,13060.75,3550.449951171875,322.8999938964844,17042.75,3767.10009765625,1838.25,16024.849609375,20035.55078125,1701.199951171875,3947.0
2021-01-08,14347.25,32083.826171875,26162.400390625,34276.75,9741.25,13271.5498046875,3529.199951171875,327.5,17255.150390625,3833.449951171875,1829.949951171875,16254.2001953125,20327.900390625,1756.5999755859375,3998.75
2021-01-11,14484.75,31998.529296875,27027.75,34681.25,9995.599609375,13412.349609375,3493.89990234375,329.54998779296875,17108.55078125,3819.35009765625,1802.5,16383.400390625,20614.650390625,1729.5999755859375,3974.5
2021-01-12,14563.4501953125,32338.625,26982.099609375,34488.6484375,10119.849609375,13244.7001953125,3509.89990234375,338.6499938964844,17329.599609375,3878.25,1910.1500244140625,16354.5498046875,20715.900390625,1753.4000244140625,3987.800048828125
2021-01-13,14564.849609375,32574.271484375,27004.30078125,34617.6015625,10208.5498046875,13122.5498046875,3523.25,337.6000061035156,17430.150390625,3894.699951171875,1972.6500244140625,16328.5,20688.55078125,1759.050048828125,3999.449951171875
2021-01-14,14595.599609375,32519.37109375,26965.55078125,34885.69921875,10238.2998046875,13232.5498046875,3487.39990234375,337.3999938964844,17669.400390625,3922.60009765625,1978.0999755859375,16388.5,20675.69921875,1754.949951171875,4014.800048828125
2021-01-15,14433.7001953125,32246.42578125,26362.80078125,34630.05078125,10178.2998046875,13014.25,3449.14990234375,331.25,17341.05078125,3890.449951171875,1937.300048828125,16229.0498046875,20434.75,1732.5999755859375,3959.89990234375
2021-01-18,14281.2998046875,31811.380859375,25916.25,34502.8515625,9961.099609375,12653.5,3308.5,324.54998779296875,17200.75,3840.199951171875,1889.949951171875,16049.7998046875,20122.19921875,1693.6500244140625,3888.75
2021-01-19,14521.150390625,32424.47265625,26043.5,34659.8515625,10136.7998046875,12866.0498046875,3405.199951171875,338.1499938964844,17518.55078125,3912.85009765625,1940.699951171875,16236.599609375,20484.30078125,1735.75,3969.10009765625
2021-01-20,14644.7001953125,32543.3203125,26619.69921875,34605.3515625,10369.25,12881.2001953125,3437.0,338.3999938964844,17596.30078125,3941.89990234375,1980.800048828125,16312.650390625,20638.69921875,1754.199951171875,3995.800048828125
2021-01-21,14590.349609375,32186.525390625,26450.150390625,34494.3984375,10367.75,12697.150390625,3362.14990234375,329.75,17564.150390625,3905.5,1916.050048828125,16247.5498046875,20480.05078125,1718.449951171875,3954.64990234375
2021-01-22,14371.900390625,31166.888671875,26489.75,,,12542.099609375,,,,,,,,,
2021-01-25,14238.900390625,31198.037109375,26023.30078125,34178.6015625,10433.5,12756.75,3236.35009765625,317.8999938964844,16772.30078125,3801.75,1843.9000244140625,16075.0,20024.30078125,1680.050048828125,3846.199951171875
2021-01-27,13967.5,30284.19921875,25865.30078125,34281.3984375,10210.25,12495.900390625,3154.800048828125,311.0,16482.900390625,3748.5,1815.9000244140625,15954.0498046875,19597.44921875,1669.75,3774.60009765625
2021-01-28,13817.5498046875,30357.947265625,25301.25,33625.8515625,10105.599609375,12395.9501953125,3138.10009765625,304.1499938964844,16459.75,3743.199951171875,1783.8499755859375,15767.5,19381.900390625,1668.6500244140625,3776.35009765625
2021-01-29,13634.599609375,30565.14453125,24645.75,33121.05078125,9813.150390625,12170.25,3077.449951171875,305.6499938964844,16159.2001953125,3671.85009765625,1814.050048828125,15492.099609375,19205.05078125,1650.0999755859375,3715.300048828125
2021-02-01,14281.2001953125,33088.66796875,24922.69921875,33689.6484375,10227.9501953125,12103.5498046875,3227.25,324.95001220703125,16587.55078125,3853.39990234375,1956.1500244140625,15807.900390625,20286.599609375,1706.5999755859375,3855.64990234375
2021-02-02,14647.849609375,34267.5,25447.80078125,33730.8515625,10638.599609375,12361.5498046875,3289.10009765625,337.25,16950.5,3989.0,2023.949951171875,16098.0,20849.30078125,1762.5,3981.64990234375
2021-02-03,14789.9501953125,34758.046875,25680.900390625,33682.3515625,10749.150390625,12706.650390625,3344.39990234375,335.79998779296875,17221.5,4017.25,2076.699951171875,16125.2001953125,21097.25,1765.1500244140625,4006.0
2021-02-04,14895.650390625,35344.390625,25570.05078125,34507.6484375,10867.099609375,12739.0498046875,3409.550048828125,339.0,17462.94921875,4048.39990234375,2198.75,16285.5,21240.599609375,1801.25,4072.5
2021-02-05,14924.25,35654.0859375,25331.599609375,34644.5,10723.9501953125,12950.650390625,3443.14990234375,341.29998779296875,17415.5,4020.699951171875,2277.949951171875,16159.099609375,21247.5,1720.699951171875,4075.25
2021-02-08,15115.7998046875,35983.23046875,25915.599609375,34452.25,11061.150390625,12971.0,3552.449951171875,348.1499938964844,17664.05078125,4100.64990234375,2254.300048828125,16291.400390625,21517.94921875,1739.300048828125,4149.0
2021-02-09,15109.2998046875,36056.08203125,25779.150390625,34231.30078125,10907.599609375,12812.7998046875,3513.64990234375,345.79998779296875,17685.400390625,4113.64990234375,2245.300048828125,16237.5498046875,21529.55078125,1706.800048828125,4151.2998046875
2021-02-10,15106.5,35782.6875,25885.30078125,34188.0,11010.849609375,12905.5498046875,3510.85009765625,351.45001220703125,17706.400390625,4103.85009765625,2248.449951171875,16227.25,21494.44921875,1707.3499755859375,4149.89990234375
2021-02-11,15173.2998046875,35751.6875,26043.44921875,34463.75,10965.25,12929.7998046875,3546.699951171875,350.54998779296875,17945.900390625,4134.2001953125,2220.25,16325.75,21509.80078125,1703.300048828125,4182.85009765625
2021-02-12,15163.2998046875,36108.48046875,26093.80078125,33928.30078125,10912.25,12785.75,3486.25,350.6000061035156,17753.05078125,4108.10009765625,2226.0,16180.7001953125,21648.25,1687.0,4150.5498046875
2021-02-15,15314.7001953125,37305.81640625,26001.099609375,,,12745.099609375,,,,,,,,,
2021-02-16,15313.4501953125,37097.96875,25613.94921875,33724.5,10944.900390625,12804.150390625,3570.14990234375,356.79998779296875,18129.30078125,4177.60009765625,2315.199951171875,16199.4501953125,21924.69921875,1668.9000244140625,4221.9501953125
2021-02-17,15208.900390625,36910.51953125,25282.94921875,,,12584.349609375,,,,,,,,,
2021-02-18,15118.9501953125,36586.57421875,25618.55078125,33373.8984375,10827.0,12517.5,3623.050048828125,352.6499938964844,18770.650390625,4204.25,2588.199951171875,16048.0,21581.900390625,1692.199951171875,4273.10009765625
2021-02-19,14981.75,35841.18359375,25503.19921875,33336.80078125,10540.349609375,12347.400390625,3552.10009765625,348.04998779296875,18681.5,4159.85009765625,2464.89990234375,15888.7998046875,21365.849609375,1677.6500244140625,4227.0498046875
2021-02-22,14675.7001953125,35256.7890625,24766.44921875,32891.69921875,10300.0,12032.2998046875,3609.10009765625,338.29998779296875,18336.849609375,4077.14990234375,2399.699951171875,15681.599609375,20944.55078125,1620.25,4204.0
2021-02-23,14707.7998046875,35116.54296875,24807.80078125,33025.94921875,10379.5498046875,12029.5,3749.550048828125,347.45001220703125,18717.5,4123.0498046875,2396.300048828125,15744.0498046875,20886.55078125,1622.699951171875,4296.89990234375
2021-02-24,14982.0,36451.87890625,24779.400390625,33091.69921875,10405.5,12035.849609375,3778.64990234375,350.45001220703125,18782.400390625,4182.2998046875,2462.800048828125,15873.25,21380.44921875,1646.1500244140625,4323.4501953125
2021-02-25,15097.349609375,36548.57421875,24872.44921875,33001.80078125,10497.9501953125,12141.7001953125,3928.60009765625,356.3500061035156,19355.69921875,4262.0498046875,2491.199951171875,15934.4501953125,21429.150390625,1668.1500244140625,4435.2998046875
2021-02-26,14529.150390625,34803.1953125,24301.44921875,32443.150390625,10169.900390625,11927.900390625,3822.64990234375,349.79998779296875,18793.349609375,4110.35009765625,2392.35009765625,15757.7998046875,20537.19921875,1625.1500244140625,4304.4501953125
2021-03-01,14761.5498046875,35295.58984375,24556.30078125,32797.6484375,10411.7998046875,12092.7001953125,3896.949951171875,354.45001220703125,19159.099609375,4175.10009765625,2383.800048828125,15962.7001953125,20837.599609375,1695.199951171875,4402.5
2021-03-02,14919.099609375,35419.2890625,25301.849609375,33250.8984375,10744.0498046875,12257.2998046875,3927.60009765625,357.1000061035156,19303.400390625,4220.2998046875,2379.800048828125,16190.4501953125,21040.650390625,1708.9000244140625,4447.7998046875
2021-03-03,15245.599609375,36367.62890625,25772.650390625,33454.3984375,10673.099609375,12379.599609375,4058.60009765625,362.45001220703125,19670.05078125,4282.35009765625,2454.949951171875,16295.4501953125,21555.25,1719.75,4536.5498046875
2021-03-04,15080.75,35802.08203125,25631.849609375,33443.80078125,10625.75,12351.75,3976.85009765625,362.8500061035156,19507.30078125,4279.89990234375,2436.64990234375,16368.349609375,21268.5,1747.25,4538.39990234375
2021-03-05,14938.099609375,35227.73828125,25229.599609375,33360.30078125,10524.400390625,12192.75,3869.39990234375,357.70001220703125,19428.19921875,4244.39990234375,2341.0,16221.2998046875,20984.30078125,1732.1500244140625,4480.7001953125
2021-03-08,14956.2001953125,35275.33984375,25347.94921875,33190.3515625,10507.349609375,12239.849609375,3900.800048828125,353.95001220703125,19650.349609375,4269.89990234375,2378.550048828125,16234.400390625,20974.150390625,1749.699951171875,4502.0498046875
2021-03-09,15098.400390625,35865.23046875,25582.349609375,33215.8515625,10464.25,12133.849609375,3802.699951171875,350.1000061035156,19385.150390625,4247.5,2355.550048828125,16199.150390625,21308.849609375,1724.75,4463.9501953125
2021-03-10,15174.7998046875,35937.8828125,26010.099609375,33402.75,10559.2998046875,12313.25,3873.64990234375,352.25,19331.25,4256.2998046875,2351.89990234375,16276.25,21416.55078125,1730.0999755859375,4491.7998046875
2021-03-12,15030.9501953125,35496.234375,25888.25,33068.5,10383.900390625,12184.25,3840.199951171875,349.3500061035156,19318.30078125,4232.35009765625,2311.89990234375,16131.5498046875,21249.94921875,1715.199951171875,4469.10009765625
2021-03-15,14929.5,35182.140625,26032.05078125,33058.8515625,10335.099609375,12024.5,3880.050048828125,347.95001220703125,19322.900390625,4202.35009765625,2315.64990234375,16038.400390625,21096.94921875,1690.550048828125,4476.25
2021-03-16,14910.4501953125,34804.1953125,26363.849609375,33351.75,10350.7998046875,12013.0,3847.25,346.0,19293.19921875,4198.0498046875,2285.14990234375,16155.900390625,21037.599609375,1689.25,4473.60009765625
2021-03-17,14721.2998046875,34228.8515625,26183.5,33194.6015625,10159.099609375,11787.5,3752.699951171875,335.75,18693.94921875,4100.75,2199.050048828125,15927.9501953125,20820.099609375,1638.9000244140625,4365.85009765625
2021-03-18,14557.849609375,33856.40625,25373.349609375,33222.6015625,10143.9501953125,11514.4501953125,3754.35009765625,330.79998779296875,18404.400390625,4067.64990234375,2155.89990234375,15734.25,20524.349609375,1638.5,4331.5
2021-03-19,14744.0,34161.203125,25562.75,34028.3515625,10186.5,11667.099609375,3832.5,329.04998779296875,18985.400390625,4131.5,2187.5,15916.599609375,20703.75,1653.949951171875,4435.14990234375
2021-03-22,14736.400390625,33603.05859375,26035.349609375,34608.0,10140.4501953125,11850.75,3867.449951171875,337.95001220703125,18991.75,4133.75,2163.800048828125,16048.7001953125,20662.05078125,1637.6500244140625,4480.5
2021-03-23,14814.75,34184.0,26105.69921875,34473.75,10187.650390625,11907.2001953125,3841.949951171875,341.5,19005.55078125,4161.7001953125,2226.75,16157.9501953125,20804.94921875,1632.8499755859375,4507.85009765625
2021-03-24,14549.400390625,33292.86328125,25802.94921875,33987.1015625,9925.25,11916.2998046875,3717.550048828125,331.45001220703125,18676.75,4082.949951171875,2153.199951171875,15988.9501953125,20426.400390625,1592.3499755859375,4417.64990234375
2021-03-25,14324.900390625,33006.06640625,25237.099609375,33213.1484375,9651.349609375,11816.7998046875,3718.300048828125,323.1499938964844,18133.349609375,3994.0,2097.699951171875,15655.7001953125,20176.349609375,1543.6500244140625,4337.10009765625
2021-03-26,14507.2998046875,33317.8125,25385.099609375,33818.44921875,9771.5,11883.2001953125,3855.300048828125,328.6000061035156,18217.650390625,4043.050048828125,2114.550048828125,15845.849609375,20422.099609375,1544.5,4399.2998046875
2021-03-30,14845.099609375,33874.70703125,26121.099609375,34578.8515625,9865.0,12206.599609375,3963.0,328.5,18418.900390625,4104.85009765625,2129.60009765625,16188.5498046875,20891.150390625,1547.3499755859375,4476.7001953125
2021-03-31,14690.7001953125,33303.51171875,25855.0,34931.69921875,9862.4501953125,12272.599609375,3977.199951171875,334.1499938964844,18185.099609375,4087.800048828125,2157.800048828125,16261.400390625,20561.400390625,1545.3499755859375,4473.75
2021-04-01,14867.349609375,33857.60546875,25980.400390625,34874.55078125,10022.599609375,12377.099609375,4189.14990234375,335.79998779296875,18516.19921875,4149.25,2214.64990234375,16273.75,20814.849609375,1580.4000244140625,4590.25
2021-04-05,14637.7998046875,32678.470703125,26491.400390625,34304.55078125,9768.0498046875,12331.5,4226.39990234375,324.45001220703125,18232.19921875,4092.89990234375,2123.85009765625,16105.900390625,20488.900390625,1532.4000244140625,4563.25
2021-04-06,14683.5,32500.97265625,26532.19921875,34619.8515625,9781.349609375,12548.599609375,4286.9501953125,328.25,18217.150390625,4109.14990234375,2123.25,16157.4501953125,20537.5,1527.1500244140625,4589.25
2021-04-07,14819.0498046875,32990.81640625,26831.0,34835.30078125,9937.0,12616.349609375,4325.4501953125,331.3999938964844,18333.349609375,4138.35009765625,2164.699951171875,16313.5,20762.150390625,1538.949951171875,4630.7998046875
2021-04-08,14873.7998046875,32782.46875,27148.400390625,34983.05078125,9959.349609375,12611.7001953125,4494.9501953125,334.1000061035156,18275.55078125,4177.25,2146.300048828125,16481.80078125,20776.849609375,1544.3499755859375,4722.0498046875
2021-04-09,14834.849609375,32447.673828125,27367.05078125,35253.1015625,9922.9501953125,12995.349609375,4467.2998046875,332.04998779296875,18077.150390625,4147.89990234375,2191.25,16459.349609375,20701.0,1556.949951171875,4674.35009765625
2021-04-12,14310.7998046875,30791.642578125,26727.80078125,34561.3515625,9415.650390625,12961.849609375,4196.0,307.1499938964844,17279.44921875,3955.39990234375,1988.300048828125,15929.2001953125,19907.30078125,1430.8499755859375,4448.0
2021-04-13,14504.7998046875,31771.23046875,25851.30078125,34720.3515625,9818.2998046875,12807.5,4337.89990234375,315.6499938964844,17672.80078125,4022.449951171875,2077.64990234375,16032.900390625,20180.05078125,1457.050048828125,4534.35009765625
2021-04-15,14581.4501953125,32112.4765625,26010.849609375,34658.6015625,9691.4501953125,12987.0498046875,4397.4501953125,314.45001220703125,17781.650390625,4025.0,2050.800048828125,15982.849609375,20345.400390625,1447.4000244140625,4543.5
2021-04-16,14617.849609375,31977.078125,26324.900390625,34853.1484375,9808.9501953125,13234.25,4434.0,313.04998779296875,17841.05078125,4042.85009765625,2038.699951171875,16141.7998046875,20354.5,1474.4000244140625,4589.10009765625
2021-04-19,14359.4501953125,31208.037109375,26236.900390625,34519.0,9532.150390625,13256.25,4366.10009765625,300.29998779296875,17357.75,3939.64990234375,1950.8499755859375,15951.599609375,19978.150390625,1435.5,4491.35009765625
2021-04-20,14296.400390625,31112.337890625,25877.599609375,34296.5,9630.7001953125,13426.900390625,4384.39990234375,301.25,17342.0,3937.10009765625,1946.699951171875,15926.5,19859.0,1479.300048828125,4460.60009765625
2021-04-22,14406.150390625,31782.23046875,25826.69921875,34043.05078125,9644.5498046875,13378.9501953125,4460.89990234375,305.1499938964844,17370.94921875,3946.949951171875,1961.25,15853.7998046875,20112.099609375,1506.550048828125,4483.25
2021-04-23,14341.349609375,31721.931640625,25609.099609375,33726.1015625,9596.9501953125,13319.75,4446.85009765625,301.79998779296875,17537.69921875,3932.550048828125,1967.199951171875,15796.5,20062.05078125,1513.6500244140625,4480.25
2021-04-26,14485.0,32274.775390625,25680.30078125,33865.69921875,9641.4501953125,13203.849609375,4536.2998046875,312.04998779296875,17675.0,3976.199951171875,2001.949951171875,15909.7998046875,20262.849609375,1516.050048828125,4543.64990234375
2021-04-27,14653.0498046875,32734.96875,25815.75,34009.3515625,9708.2001953125,13296.75,4659.25,314.29998779296875,17879.19921875,4040.0,2047.9000244140625,15984.099609375,20445.30078125,1541.800048828125,4620.5498046875
2021-04-28,14864.5498046875,33722.41015625,25962.099609375,34129.1484375,9871.5,13252.9501953125,4645.0498046875,312.45001220703125,17990.599609375,4065.64990234375,2100.699951171875,16038.2001953125,20872.599609375,1557.949951171875,4632.25
2021-04-29,14894.900390625,33714.109375,25874.30078125,34009.0,9773.7001953125,13298.650390625,4855.2998046875,312.20001220703125,18063.099609375,4067.35009765625,2076.800048828125,16051.650390625,20863.900390625,1553.550048828125,4714.85009765625
2021-04-30,14631.099609375,32781.41796875,25664.44921875,33623.44921875,9640.849609375,13469.25,4847.9501953125,309.6000061035156,18031.099609375,4053.10009765625,2055.25,15935.75,20387.55078125,1547.949951171875,4699.85009765625
2021-05-03,14634.150390625,32465.373046875,25676.05078125,33994.19921875,9662.9501953125,13507.4501953125,4952.4501953125,307.6499938964844,17983.400390625,4071.89990234375,2042.9000244140625,16050.0498046875,20399.25,1527.0999755859375,4728.64990234375
2021-05-04,14496.5,32269.974609375,25489.0,33822.75,9577.7001953125,13234.75,4921.64990234375,306.25,17947.849609375,4045.199951171875,2113.14990234375,16002.25,20246.5,1525.6500244140625,4706.2001953125
2021-05-05,14617.849609375,32783.31640625,25786.94921875,,,13779.7001953125,,,,,,,,,
2021-05-06,14724.7998046875,32827.41796875,26258.69921875,34048.5,9815.099609375,13747.75,5095.0,305.3500061035156,18178.19921875,4083.39990234375,2119.25,16182.849609375,20582.849609375,1552.949951171875,4825.5
2021-05-07,14823.150390625,32904.1171875,26269.44921875,34123.5,9819.4501953125,13747.099609375,5335.85009765625,307.6499938964844,18295.599609375,4107.2998046875,2116.25,16309.349609375,20704.0,1567.0,4918.14990234375
2021-05-10,14942.349609375,33142.01171875,26273.44921875,34204.25,9973.0498046875,14131.849609375,5503.35009765625,310.04998779296875,18590.05078125,4152.64990234375,2145.39990234375,16396.75,20820.94921875,1606.550048828125,5014.7998046875
2021-05-11,14850.75,32871.81640625,26106.69921875,,,14066.650390625,,,,,,,,,
2021-05-12,14696.5,32451.923828125,25855.44921875,34057.3984375,10013.650390625,14065.0498046875,5290.4501953125,310.3500061035156,18717.400390625,4145.0498046875,2239.699951171875,16381.349609375,20401.900390625,1629.800048828125,4954.9501953125
2021-05-14,14677.7998046875,32169.177734375,25588.19921875,34781.5,9810.4501953125,13885.5,5091.35009765625,300.45001220703125,18652.94921875,4124.89990234375,2194.199951171875,16386.19921875,20256.80078125,1604.3499755859375,4892.5498046875
2021-05-17,14923.150390625,33458.859375,25703.55078125,34807.3984375,10001.7001953125,13858.7001953125,5207.75,304.6499938964844,18847.05078125,4148.75,2277.699951171875,16462.80078125,20720.0,1595.8499755859375,4973.75
2021-05-18,15108.099609375,33922.00390625,25958.25,34741.44921875,10324.0,13832.400390625,5294.39990234375,307.20001220703125,19201.55078125,4198.0498046875,2248.699951171875,16625.650390625,20992.05078125,1622.6500244140625,5050.64990234375
2021-05-19,15030.150390625,33684.80859375,25982.80078125,34729.69921875,10249.099609375,14001.349609375,5245.9501953125,313.79998779296875,19308.099609375,4191.0498046875,2254.0,16659.75,20850.650390625,1655.199951171875,5040.9501953125
2021-05-20,14906.0498046875,33334.1640625,25894.5,,,13970.2001953125,,,,,,,,,
2021-05-21,15175.2998046875,34606.49609375,26105.30078125,34690.55078125,10312.400390625,13993.7001953125,5099.14990234375,320.6499938964844,19326.30078125,4194.64990234375,2348.14990234375,16632.400390625,21179.099609375,1667.5999755859375,5020.85009765625
2021-05-24,15197.7001953125,34943.1953125,26144.19921875,34572.5,10315.75,14034.650390625,5068.60009765625,325.0,19583.55078125,4213.14990234375,2398.14990234375,16660.55078125,21276.55078125,1687.550048828125,5033.2998046875
2021-05-25,15208.4501953125,34661.59765625,26393.900390625,,,14090.099609375,,,,,,,,,
2021-05-26,15301.4501953125,34683.796875,26857.349609375,34815.69921875,10437.7998046875,14127.25,5004.75,335.45001220703125,19321.0,4217.5,2359.85009765625,16758.55078125,21393.55078125,1773.5,5002.35009765625
2021-05-27,15337.849609375,35094.64453125,27164.80078125,34812.30078125,10486.0,14100.0498046875,5043.2998046875,331.45001220703125,19295.349609375,4230.0498046875,2427.0,16814.349609375,21436.55078125,1791.050048828125,5021.4501953125
2021-05-28,15435.650390625,35141.0390625,27122.80078125,34890.5,10510.25,13934.099609375,5055.75,331.6000061035156,19566.80078125,4280.64990234375,2443.199951171875,16767.55078125,21468.099609375,1785.75,5046.0
2021-05-31,15582.7998046875,35526.234375,27115.05078125,,,14051.75,,,,,,,,,
2021-06-01,15574.849609375,35336.7890625,27144.400390625,35241.19921875,10457.849609375,14058.0498046875,5121.64990234375,334.3999938964844,19976.80078125,4332.5498046875,2412.449951171875,16851.5,21603.19921875,1767.0,5091.25
2021-06-02,15576.2001953125,35373.33984375,26939.650390625,35058.6015625,10647.75,14151.849609375,5233.2998046875,339.25,20223.5,4364.0498046875,2485.550048828125,16996.05078125,21555.150390625,1770.550048828125,5148.75
2021-06-03,15690.349609375,35648.5859375,26987.900390625,35266.5,10647.650390625,14114.400390625,5268.0498046875,352.1000061035156,20328.400390625,4414.4501953125,2495.75,17087.349609375,21719.849609375,1799.6500244140625,5180.5498046875
2021-06-04,15670.25,35291.23828125,26996.75,35138.0,10735.75,14101.5498046875,5339.14990234375,353.79998779296875,20368.05078125,4432.64990234375,2491.64990234375,17093.150390625,21676.900390625,1817.949951171875,5206.60009765625
2021-06-07,15751.650390625,35443.23828125,27295.650390625,35375.3515625,10806.5498046875,14069.0,5315.5,352.79998779296875,20743.94921875,4505.14990234375,2500.64990234375,17219.05078125,21740.75,1839.0999755859375,5259.2998046875
2021-06-08,15740.099609375,35084.89453125,27623.80078125,35672.44921875,10873.900390625,14189.849609375,5258.89990234375,355.79998779296875,20745.0,4506.2998046875,2464.5,17274.69921875,21703.30078125,1854.75,5249.5
2021-06-09,15635.349609375,34800.09375,27539.0,35588.94921875,10734.400390625,14118.900390625,5209.4501953125,349.8999938964844,20669.19921875,4455.7001953125,2429.25,17152.75,21591.75,1815.800048828125,5209.0498046875
2021-06-10,15737.75,35130.7890625,27798.0,35731.30078125,10722.7001953125,14313.900390625,5265.2001953125,361.6000061035156,20712.80078125,4473.0498046875,2487.64990234375,17269.05078125,21799.650390625,1900.0999755859375,5234.35009765625
2021-06-11,15799.349609375,35046.9921875,28217.5,35646.94921875,10765.5,14464.0498046875,5406.7998046875,357.8500061035156,20797.19921875,4471.89990234375,2474.300048828125,17335.849609375,21847.650390625,1881.800048828125,5273.10009765625
2021-06-14,15811.849609375,34950.1953125,28314.099609375,35659.94921875,10753.099609375,14449.599609375,5371.60009765625,352.3999938964844,20902.69921875,4472.35009765625,2488.75,17309.849609375,21815.25,1869.8499755859375,5283.14990234375
2021-06-15,15869.25,35247.33984375,28377.849609375,35921.5,10754.400390625,14322.650390625,5368.9501953125,357.04998779296875,20900.099609375,4475.89990234375,2482.39990234375,17412.849609375,21931.849609375,1907.300048828125,5288.85009765625
2021-06-16,15767.5498046875,35003.09375,28448.849609375,36131.25,10669.4501953125,14215.7001953125,5216.2001953125,352.54998779296875,20773.349609375,4422.39990234375,2457.25,17370.25,21816.150390625,1886.5,5233.89990234375
2021-06-17,15691.400390625,34604.99609375,28611.349609375,36183.55078125,10523.0,14081.599609375,5095.10009765625,346.75,20564.5,4391.0498046875,2422.25,17296.150390625,21688.19921875,1865.949951171875,5183.9501953125
2021-06-18,15683.349609375,34557.59765625,28445.599609375,36287.1484375,10443.75,14030.599609375,5048.64990234375,343.8500061035156,20164.19921875,4376.64990234375,2379.449951171875,17212.599609375,21689.94921875,1853.949951171875,5105.89990234375
2021-06-21,15746.5,34870.89453125,28367.0,36377.6015625,10401.150390625,14082.9501953125,5105.2001953125,351.8500061035156,20439.5,4407.10009765625,2477.25,17259.0,21803.849609375,1863.4000244140625,5148.25
2021-06-22,15772.75,34744.59765625,28523.55078125,36299.6484375,10540.4501953125,14095.0,5119.39990234375,349.45001220703125,20491.0,4425.7998046875,2478.64990234375,17331.55078125,21829.30078125,1864.75,5181.25
2021-06-23,15686.9501953125,34573.59765625,28258.5,36188.75,10588.5,14018.0498046875,5061.7998046875,348.20001220703125,20353.55078125,4392.64990234375,2477.5,17363.400390625,21684.0,1855.5999755859375,5154.25
2021-06-24,15790.4501953125,34826.59375,29048.0,36242.55078125,10618.4501953125,13967.9501953125,5090.89990234375,345.54998779296875,20078.94921875,4367.10009765625,2442.699951171875,17440.099609375,21936.75,1834.5,5145.5
2021-06-25,15860.349609375,35364.23828125,29210.55078125,36006.55078125,10706.7998046875,14069.599609375,5223.9501953125,346.54998779296875,19961.05078125,4371.5,2507.25,17517.599609375,22154.75,1835.75,5179.14990234375
2021-06-28,15814.7001953125,35359.0390625,29068.55078125,36054.44921875,10709.900390625,14247.599609375,5290.7998046875,346.70001220703125,19858.5,4362.10009765625,2567.35009765625,17533.55078125,22078.05078125,1824.050048828125,5190.14990234375
2021-06-29,15748.4501953125,35009.89453125,28986.25,36234.55078125,10612.25,14330.2001953125,5226.0498046875,345.45001220703125,19849.150390625,4350.0498046875,2529.25,17476.69921875,21947.0,1811.800048828125,5154.64990234375
2021-06-30,15721.5,34771.796875,29168.0,36093.19921875,10600.349609375,14308.900390625,5215.7998046875,343.95001220703125,19822.400390625,4339.25,2518.800048828125,17506.69921875,21889.75,1797.5,5138.64990234375
2021-07-01,15680.0,34683.59765625,29003.099609375,36234.8984375,10687.7001953125,14442.4501953125,5207.39990234375,342.79998779296875,19708.55078125,4327.35009765625,2522.199951171875,17504.25,21791.099609375,1794.75,5118.2001953125
2021-07-02,15722.2001953125,34809.4921875,29007.94921875,36216.69921875,10685.5,14529.650390625,5130.0498046875,344.6000061035156,19684.099609375,4338.2998046875,2521.85009765625,17479.05078125,21837.69921875,1805.0999755859375,5109.5
2021-07-05,15834.349609375,35211.58984375,28950.599609375,,,14528.5,,,,,,,,,
2021-07-06,15818.25,35578.734375,28649.400390625,36238.5,10559.7001953125,14406.9501953125,5172.7001953125,352.79998779296875,19726.05078125,4371.5,2513.39990234375,17538.599609375,22056.599609375,1832.699951171875,5164.89990234375
2021-07-07,15879.650390625,35770.88671875,28734.650390625,36447.05078125,10552.5,14453.2001953125,5286.4501953125,359.70001220703125,19693.80078125,4377.14990234375,2524.39990234375,17609.19921875,22166.19921875,1829.5,5205.89990234375
2021-07-08,15727.900390625,35273.69140625,28749.0,36179.1015625,10456.0,14269.2998046875,5170.5,357.6499938964844,19597.44921875,4351.0498046875,2475.0,17510.849609375,21978.80078125,1808.0,5152.5498046875
2021-07-09,15689.7998046875,35071.54296875,28662.19921875,36184.3984375,10420.2998046875,14360.2001953125,5273.60009765625,366.1499938964844,19501.19921875,4358.4501953125,2468.949951171875,17573.30078125,21897.55078125,1824.949951171875,5192.25
2021-07-12,15692.599609375,35198.48828125,28532.349609375,36176.6484375,10438.2001953125,14372.2001953125,5262.5498046875,379.3500061035156,19467.30078125,4374.5498046875,2473.39990234375,17601.05078125,21857.94921875,1821.449951171875,5214.5498046875
2021-07-13,15812.349609375,35672.984375,28439.75,36110.30078125,10497.7998046875,14460.0498046875,5295.60009765625,380.79998779296875,19570.599609375,4398.25,2492.64990234375,17605.80078125,22031.80078125,1810.75,5246.75
2021-07-14,15853.9501953125,35667.8359375,29339.849609375,36073.19921875,10467.900390625,14507.0,5299.9501953125,377.20001220703125,19524.75,4402.14990234375,2480.14990234375,17647.94921875,22130.599609375,1814.25,5246.4501953125
2021-07-15,15924.2001953125,35907.23046875,29718.05078125,36182.94921875,10426.0,14467.4501953125,5335.39990234375,393.04998779296875,19436.5,4420.9501953125,2471.949951171875,17676.05078125,22254.25,1807.8499755859375,5264.10009765625
2021-07-16,15923.400390625,35751.38671875,29400.25,36253.55078125,10428.4501953125,14635.0498046875,5391.2998046875,397.54998779296875,19567.900390625,4456.75,2462.64990234375,17720.349609375,22150.5,1800.9000244140625,5297.10009765625
2021-07-19,15752.400390625,35078.79296875,29264.0,36180.3984375,10310.900390625,14669.900390625,5317.85009765625,399.25,19517.30078125,4438.5,2435.050048828125,17636.69921875,21829.55078125,1791.449951171875,5273.35009765625
2021-07-20,15632.099609375,34415.05078125,29252.5,36230.25,10222.2001953125,14479.2001953125,5193.64990234375,389.1499938964844,19309.94921875,4412.5,2388.050048828125,17598.19921875,21591.69921875,1745.300048828125,5227.14990234375
2021-07-22,15824.0498046875,34676.8984375,29779.94921875,36263.6015625,10235.7998046875,14575.400390625,5348.9501953125,395.95001220703125,19600.05078125,4484.5498046875,2410.14990234375,17704.349609375,21920.5,1771.4000244140625,5307.39990234375
2021-07-23,15856.0498046875,35033.9921875,29894.30078125,36558.6484375,10201.349609375,14597.849609375,5353.7998046875,401.04998779296875,19503.80078125,4456.35009765625,2428.050048828125,17755.849609375,22015.30078125,1754.0,5303.25
2021-07-26,15824.4501953125,34949.29296875,29940.400390625,36486.75,10137.9501953125,14652.5498046875,5387.39990234375,397.20001220703125,19300.099609375,4446.5,2408.550048828125,17779.349609375,21989.0,1759.550048828125,5307.0
2021-07-27,15746.4501953125,34797.04296875,29892.55078125,36360.80078125,10094.349609375,14018.650390625,5465.89990234375,394.29998779296875,19116.150390625,4416.0,2417.60009765625,17710.900390625,21917.5,1751.0,5295.4501953125
2021-07-28,15709.400390625,34532.49609375,29954.150390625,36360.3515625,10000.400390625,13964.75,5532.7998046875,391.20001220703125,19011.75,4417.5,2372.10009765625,17675.05078125,21896.099609375,1746.6500244140625,5306.35009765625
2021-07-29,15778.4501953125,34691.09765625,30371.400390625,35990.05078125,9956.650390625,13920.349609375,5810.75,397.5,18975.349609375,4420.2001953125,2449.300048828125,17686.599609375,21961.44921875,1761.699951171875,5407.39990234375
2021-07-30,15763.0498046875,34583.94921875,30480.05078125,36051.8984375,10048.5,14425.2998046875,5770.35009765625,398.6499938964844,18934.150390625,4432.2998046875,2441.35009765625,17762.400390625,21930.599609375,1796.0,5387.0498046875
2021-08-02,15885.150390625,34709.59765625,30803.05078125,36199.94921875,10183.4501953125,14474.9501953125,5781.2998046875,417.75,19229.150390625,4500.0,2461.89990234375,17957.650390625,22058.05078125,1796.699951171875,5448.0
2021-08-03,16130.75,35207.0390625,31165.849609375,36826.05078125,10342.599609375,14647.849609375,5778.2001953125,418.8500061035156,19385.30078125,4551.7001953125,2490.10009765625,18190.30078125,22432.900390625,1781.800048828125,5469.89990234375
2021-08-04,16258.7998046875,36027.6328125,30977.150390625,36482.44921875,10246.7998046875,14594.349609375,5759.89990234375,411.8500061035156,19405.19921875,4520.35009765625,2497.699951171875,17999.19921875,22756.44921875,1760.25,5436.5498046875
2021-08-05,16294.599609375,35834.33203125,31211.19921875,36701.44921875,10224.900390625,14579.849609375,5834.39990234375,407.3500061035156,19432.44921875,4543.2998046875,2442.050048828125,17989.05078125,22753.75,1732.6500244140625,5441.60009765625
2021-08-06,16238.2001953125,35808.83203125,31303.30078125,36669.80078125,10249.5,14517.5,5841.35009765625,403.45001220703125,19411.80078125,4518.0498046875,2443.0,17998.30078125,22743.400390625,1715.8499755859375,5409.10009765625
2021-08-09,16258.25,36028.53125,31441.0,36691.8984375,10239.0,14533.4501953125,5732.0,400.5,19272.75,4476.14990234375,2404.89990234375,17986.44921875,22812.30078125,1734.550048828125,5359.0
2021-08-10,16280.099609375,36033.68359375,31713.400390625,36537.25,10158.75,14502.900390625,5573.2998046875,392.3999938964844,19135.75,4464.2998046875,2342.25,17942.94921875,22931.44921875,1692.75,5280.39990234375
2021-08-11,16282.25,35805.98046875,31670.0,36425.8515625,10140.400390625,14291.150390625,5748.2998046875,393.45001220703125,19400.75,4489.0,2353.75,17995.400390625,22869.400390625,1683.5,5355.0498046875
2021-08-12,16364.400390625,35936.6328125,32245.099609375,36521.8515625,10180.5498046875,14133.0498046875,5769.25,398.20001220703125,19599.05078125,4528.75,2383.449951171875,18073.55078125,23037.650390625,1721.8499755859375,5367.14990234375
2021-08-13,16529.099609375,36168.9296875,32678.80078125,36842.05078125,10178.2998046875,14049.0498046875,5799.2998046875,394.54998779296875,19677.05078125,4565.5498046875,2388.199951171875,18122.099609375,23267.900390625,1705.8499755859375,5396.89990234375
2021-08-16,16563.05078125,36094.08203125,32577.94921875,36954.25,10088.7998046875,13965.400390625,5884.89990234375,393.0,19786.05078125,4569.7998046875,2364.449951171875,18112.099609375,23299.400390625,1681.3499755859375,5428.35009765625
2021-08-17,16614.599609375,35867.03125,33414.75,37478.55078125,10088.2998046875,14041.25,5749.39990234375,390.25,19722.44921875,4568.7998046875,2322.14990234375,18172.650390625,23401.44921875,1670.8499755859375,5378.85009765625
2021-08-18,16568.849609375,35554.0859375,33448.8984375,37738.30078125,10067.9501953125,14071.349609375,5702.60009765625,387.25,19685.0,4573.39990234375,2328.60009765625,18239.69921875,23290.599609375,1666.9000244140625,5385.60009765625
2021-08-20,16450.5,35033.4453125,33351.3515625,38596.05078125,9904.7001953125,13711.150390625,5335.9501953125,373.3999938964844,19348.69921875,4490.89990234375,2248.5,18152.80078125,23139.75,1604.1500244140625,5203.60009765625
2021-08-23,16496.44921875,35123.98828125,33919.80078125,38489.5,9759.150390625,13700.599609375,5291.25,369.70001220703125,19332.150390625,4473.14990234375,2236.699951171875,18140.25,23295.55078125,1576.9000244140625,5163.39990234375
2021-08-24,16624.599609375,35711.6875,33838.3984375,38232.80078125,9832.7998046875,13876.0498046875,5444.7998046875,376.45001220703125,19562.5,4526.2001953125,2277.550048828125,18219.349609375,23480.849609375,1607.75,5250.75
2021-08-25,16634.650390625,35585.8359375,34083.94921875,38448.1015625,9808.650390625,13830.5,5474.0498046875,373.5,19757.25,4526.0,2276.949951171875,18264.75,23501.349609375,1596.699951171875,5272.4501953125
2021-08-26,16636.900390625,35617.13671875,34041.1015625,38670.69921875,9763.099609375,13758.599609375,5404.7001953125,374.5,19865.05078125,4509.5,2258.449951171875,18278.150390625,23493.0,1578.050048828125,5259.25
2021-08-27,16705.19921875,35627.38671875,34309.80078125,38819.5,9793.849609375,13948.7001953125,5492.7001953125,377.25,19942.44921875,4563.2998046875,2272.89990234375,18452.0,23567.0,1593.449951171875,5324.35009765625
2021-08-30,16931.05078125,36347.2265625,34109.25,39150.19921875,9957.900390625,14222.5,5628.10009765625,384.54998779296875,20243.650390625,4640.64990234375,2319.35009765625,18625.25,23843.75,1603.6500244140625,5432.39990234375
2021-08-31,17132.19921875,36424.1796875,34570.25,39529.69921875,10034.4501953125,14344.75,5714.60009765625,386.79998779296875,20289.69921875,4709.85009765625,2335.10009765625,18717.5,24180.650390625,1601.6500244140625,5488.5
2021-09-01,17076.25,36573.875,34110.5,39644.69921875,10043.900390625,14319.849609375,5612.4501953125,408.3500061035156,20356.55078125,4727.75,2355.14990234375,18767.44921875,24051.150390625,1610.550048828125,5460.2001953125
2021-09-02,17234.150390625,36830.87109375,34680.30078125,40296.3984375,10022.4501953125,14458.5,5653.2998046875,413.45001220703125,20466.0,4773.7001953125,2344.449951171875,19041.25,24272.44921875,1615.9000244140625,5517.4501953125
2021-09-03,17323.599609375,36760.72265625,34891.19921875,40226.25,10124.75,14485.650390625,5719.35009765625,417.8500061035156,20934.0,4830.7001953125,2361.10009765625,19070.650390625,24252.69921875,1639.75,5589.5498046875
2021-09-06,17377.80078125,36591.92578125,35415.1015625,40169.05078125,10167.25,14481.5498046875,5742.7001953125,431.04998779296875,21008.55078125,4840.7998046875,2356.64990234375,19098.75,24304.80078125,1661.4000244140625,5610.35009765625
2021-09-07,17362.099609375,36468.375,34951.30078125,40289.8515625,10152.7001953125,14387.349609375,5708.35009765625,421.0,20934.5,4846.60009765625,2327.300048828125,19137.30078125,24253.30078125,1663.0999755859375,5600.2998046875
2021-09-08,17353.5,36767.7734375,34678.19921875,40263.44921875,10100.400390625,14349.4501953125,5720.75,420.70001220703125,21004.69921875,4833.0,2343.75,19074.75,24298.150390625,1652.449951171875,5614.75
2021-09-09,17369.25,36682.7734375,34802.30078125,40577.94921875,10112.599609375,14329.849609375,5765.14990234375,417.6000061035156,21148.349609375,4852.10009765625,2350.0,19283.5,24314.349609375,1701.449951171875,5653.2001953125
2021-09-13,17355.30078125,36471.375,35129.6015625,40592.3515625,10120.150390625,14377.0498046875,5839.2998046875,420.29998779296875,20988.599609375,4842.60009765625,2340.35009765625,19328.900390625,24318.849609375,1724.25,5684.10009765625
2021-09-14,17380.0,36612.625,35431.5,40469.55078125,10209.599609375,14410.9501953125,5810.35009765625,422.04998779296875,21034.900390625,4862.0,2344.60009765625,19317.650390625,24395.849609375,1972.5,5671.2001953125
2021-09-15,17519.44921875,36851.8203125,36075.19921875,40504.5,10297.0,14487.900390625,5859.0498046875,422.70001220703125,21350.650390625,4931.7001953125,2411.0,19418.650390625,24613.599609375,1942.0,5724.5
2021-09-16,17629.5,37668.1640625,35852.44921875,41007.6015625,10351.4501953125,14491.349609375,5822.5,423.5,21665.25,4954.2998046875,2541.949951171875,19439.94921875,24754.69921875,1908.75,5722.64990234375
2021-09-17,17585.150390625,37811.5078125,35646.5,40798.8984375,10351.4501953125,14355.150390625,5683.85009765625,413.54998779296875,21444.650390625,4931.14990234375,2466.60009765625,19286.19921875,24797.599609375,1927.5,5634.64990234375
2021-09-20,17396.900390625,37145.265625,35400.05078125,41169.69921875,10202.650390625,14097.25,5309.0,404.70001220703125,21213.44921875,4876.4501953125,2363.39990234375,19174.69921875,24530.55078125,1918.8499755859375,5444.0
2021-09-21,17562.0,37235.41796875,36086.05078125,41619.94921875,10155.9501953125,14278.9501953125,5444.4501953125,419.1499938964844,21324.5,4909.85009765625,2362.199951171875,19236.849609375,24760.44921875,1941.3499755859375,5517.5
2021-09-22,17546.650390625,36944.21875,36422.44921875,41507.25,10284.599609375,14334.25,5524.64990234375,454.54998779296875,21499.25,4936.64990234375,2373.449951171875,19294.69921875,24697.30078125,2204.75,5569.64990234375
2021-09-23,17822.94921875,37771.26171875,36816.8984375,41548.80078125,10372.9501953125,14380.5,5616.0498046875,493.8999938964844,21893.25,5020.2001953125,2401.64990234375,19442.150390625,25109.599609375,2167.14990234375,5639.9501953125
2021-09-24,17853.19921875,37829.859375,37103.25,41090.8984375,10429.0498046875,14289.150390625,5498.2001953125,501.29998779296875,21716.44921875,4998.64990234375,2357.60009765625,19335.25,25221.69921875,2153.25,5569.7001953125
2021-09-27,17855.099609375,38170.8046875,36034.3984375,40720.6015625,10765.150390625,14156.7001953125,5504.4501953125,516.2999877929688,22006.05078125,5021.60009765625,2369.0,19306.849609375,25129.650390625,2188.449951171875,5600.39990234375
2021-09-28,17748.599609375,37944.55859375,35239.94921875,40682.94921875,10695.9501953125,14171.599609375,5534.60009765625,500.70001220703125,22449.349609375,5024.5,2398.300048828125,19269.55078125,24835.25,2152.10009765625,5642.2998046875
2021-09-29,17711.30078125,37742.5625,35282.6484375,40472.1484375,10655.5,14404.9501953125,5661.25,506.3500061035156,22864.55078125,5043.89990234375,2463.449951171875,19180.650390625,24732.05078125,2157.949951171875,5725.4501953125
2021-09-30,17618.150390625,37424.66796875,35028.0,40426.55078125,10598.4501953125,14466.5,5611.25,513.7999877929688,22858.55078125,5025.35009765625,2483.050048828125,19220.599609375,24619.25,2138.300048828125,5700.2998046875
2021-10-01,17532.05078125,37225.46484375,34780.6015625,40399.0,10596.9501953125,14587.650390625,5638.7998046875,506.04998779296875,23000.19921875,5023.0,2500.800048828125,19145.849609375,24411.44921875,2154.300048828125,5726.9501953125
2021-10-04,17691.25,37579.2109375,35126.1484375,40445.44921875,10641.150390625,14812.400390625,5807.35009765625,517.0499877929688,23334.599609375,5068.9501953125,2553.39990234375,19296.25,24653.849609375,2210.35009765625,5822.35009765625
2021-10-05,17822.30078125,37740.5625,35544.30078125,40427.5,10692.0,14738.25,5800.2998046875,510.0,24006.150390625,5125.2998046875,2542.050048828125,19425.650390625,24811.150390625,2228.64990234375,5885.35009765625
2021-10-06,17646.0,37521.11328125,35075.80078125,40167.44921875,10567.5498046875,14461.9501953125,5627.35009765625,501.75,23898.0,5060.4501953125,2492.800048828125,19255.05078125,24651.94921875,2213.39990234375,5800.4501953125
2021-10-07,17790.349609375,37752.76171875,35703.8515625,40226.3984375,11031.7998046875,14562.2001953125,5659.9501953125,532.6500244140625,23804.400390625,5087.7001953125,2508.64990234375,19458.80078125,24796.44921875,2234.39990234375,5818.64990234375
2021-10-08,17895.19921875,37774.8125,36402.0,39993.3515625,11079.349609375,14514.7998046875,5681.4501953125,520.9000244140625,23902.30078125,5122.85009765625,2550.0,19445.400390625,24880.80078125,2254.050048828125,5842.7001953125
2021-10-11,17945.94921875,38293.35546875,35179.94921875,40318.05078125,11375.5498046875,14615.349609375,5766.39990234375,529.9000244140625,24161.55078125,5147.2001953125,2569.949951171875,19482.400390625,24894.25,2285.800048828125,5911.64990234375
2021-10-12,17991.94921875,38521.05078125,34869.75,40808.75,11476.099609375,14629.2001953125,5829.35009765625,533.75,24265.94921875,5150.0,2649.0,19694.25,24888.55078125,2319.35009765625,5942.75
2021-10-13,18161.75,38635.30078125,35285.6015625,41149.3984375,11870.0,14679.400390625,5914.64990234375,532.4500122070312,24604.400390625,5215.0498046875,2670.14990234375,19653.150390625,25073.099609375,2325.85009765625,6006.7998046875
2021-10-14,18338.55078125,39340.44140625,35744.8515625,41377.19921875,11800.2998046875,14728.650390625,6019.2001953125,539.25,24766.349609375,5269.85009765625,2716.550048828125,19756.5,25388.0,2350.85009765625,6064.25
2021-10-18,18477.05078125,39684.33984375,36306.3515625,41564.1484375,11814.7998046875,14598.2001953125,6253.10009765625,541.7999877929688,25148.69921875,5296.0498046875,2824.550048828125,19969.55078125,25581.650390625,2334.0,6187.14990234375
2021-10-19,18418.75,39540.0390625,37106.3515625,40237.30078125,11626.849609375,14384.349609375,6099.35009765625,516.0999755859375,24785.650390625,5248.75,2719.199951171875,19712.0,25640.69921875,2310.64990234375,6047.75
2021-10-20,18266.599609375,39517.73828125,36846.80078125,39696.3515625,11493.2998046875,14177.349609375,5974.0,504.95001220703125,24381.849609375,5201.35009765625,2761.14990234375,19409.55078125,25509.5,2334.449951171875,5928.4501953125
2021-10-21,18178.099609375,40029.734375,35913.6015625,39354.44921875,11557.400390625,14169.9501953125,5868.39990234375,497.8500061035156,24306.400390625,5159.9501953125,2836.60009765625,19298.30078125,25507.400390625,2333.800048828125,5891.85009765625
2021-10-22,18114.900390625,40323.1796875,35394.6484375,38874.80078125,11433.9501953125,13949.650390625,5690.10009765625,510.6000061035156,24280.5,5141.14990234375,2823.25,19010.69921875,25477.900390625,2281.550048828125,5813.39990234375
2021-10-25,18125.400390625,41191.91796875,35005.3984375,38491.0,11228.2001953125,13943.849609375,5679.64990234375,496.45001220703125,24160.19921875,5098.85009765625,2854.300048828125,18817.55078125,25606.55078125,2276.5,5773.2998046875
2021-10-26,18268.400390625,41237.8203125,35162.3515625,38826.8515625,11452.25,13970.650390625,5830.64990234375,514.4000244140625,24372.44921875,5169.2998046875,2879.25,19012.650390625,25687.30078125,2335.60009765625,5883.5
2021-10-27,18210.94921875,40873.875,35503.8984375,38946.1015625,11395.150390625,14094.25,5741.89990234375,515.9500122070312,24184.849609375,5145.75,2938.199951171875,18997.55078125,25628.900390625,2288.199951171875,5850.75
2021-10-28,17857.25,39508.48828125,34913.6015625,38208.55078125,11260.900390625,13780.599609375,5544.5498046875,496.5,23580.849609375,5082.2001953125,2784.85009765625,18873.75,25039.900390625,2232.0,5744.75
2021-10-29,17671.650390625,39115.1484375,34408.75,38222.1015625,11297.4501953125,13879.349609375,5563.39990234375,498.70001220703125,23236.099609375,5045.10009765625,2825.14990234375,19069.94921875,24740.349609375,2246.0,5737.7998046875
2021-11-01,17929.650390625,39763.2890625,35290.0,38663.6484375,11421.0,14049.4501953125,5733.75,518.7999877929688,23504.5,5135.75,2860.10009765625,19230.150390625,25150.30078125,2303.75,5848.7998046875
2021-11-02,17888.94921875,39937.984375,35177.3515625,38616.19921875,11521.25,13993.2001953125,5643.14990234375,536.3499755859375,23421.69921875,5123.89990234375,2927.89990234375,19348.55078125,25172.349609375,2325.64990234375,5780.0
2021-11-03,17829.19921875,39401.59375,35177.1015625,38370.1015625,11401.2001953125,13888.2998046875,5695.4501953125,546.75,23489.44921875,5157.7001953125,2913.5,19280.099609375,25053.19921875,2301.050048828125,5822.7998046875
2021-11-04,17916.80078125,39573.23828125,35334.25,38710.1015625,11569.7998046875,13948.2001953125,5697.9501953125,548.0499877929688,23584.05078125,5186.0,2952.949951171875,19376.19921875,25146.30078125,2334.800048828125,5845.39990234375
2021-11-08,18068.55078125,39437.79296875,35782.3515625,39094.75,11645.75,13851.25,5780.4501953125,555.5999755859375,23938.80078125,5265.7998046875,3016.449951171875,19650.55078125,25377.849609375,2368.050048828125,5946.9501953125
2021-11-09,18044.25,39368.34375,35815.1015625,38964.25,11766.25,13878.7001953125,5761.60009765625,556.1500244140625,24004.30078125,5289.89990234375,3040.60009765625,19632.650390625,25295.69921875,2372.550048828125,5945.0498046875
2021-11-10,18017.19921875,39022.796875,35722.94921875,38917.3515625,11829.150390625,13911.2998046875,5660.4501953125,548.5999755859375,24041.30078125,5312.4501953125,2969.14990234375,19573.099609375,25227.69921875,2353.89990234375,5910.7998046875
2021-11-11,17873.599609375,38559.75,35583.6484375,38542.55078125,11690.150390625,13717.7998046875,5681.0,535.7999877929688,23894.75,5265.39990234375,2914.449951171875,19421.55078125,24991.75,2325.89990234375,5886.7001953125
2021-11-12,18102.75,38732.90234375,36332.30078125,38912.75,11706.5,13774.650390625,5728.7001953125,544.6500244140625,24209.30078125,5323.0498046875,2912.0,19544.099609375,25362.80078125,2322.949951171875,5927.0
2021-11-15,18109.44921875,38701.90234375,36465.30078125,39278.30078125,11687.650390625,13974.349609375,5624.2998046875,545.8499755859375,24268.849609375,5334.0,2870.300048828125,19644.80078125,25409.0,2317.300048828125,5900.9501953125
2021-11-16,17999.19921875,38306.65625,36643.8984375,39014.6484375,11977.2998046875,13798.7998046875,5586.35009765625,545.0999755859375,23944.650390625,5273.7998046875,2808.89990234375,19700.55078125,25298.400390625,2311.75,5835.2001953125
2021-11-17,17898.650390625,38041.109375,36660.8984375,39013.44921875,12061.7998046875,13621.900390625,5568.10009765625,536.1500244140625,23837.900390625,5245.60009765625,2810.199951171875,19691.94921875,25209.05078125,2320.949951171875,5795.75
2021-11-18,17764.80078125,37975.80859375,36007.0,38866.5,11747.4501953125,13481.400390625,5423.89990234375,526.9000244140625,23794.349609375,5177.14990234375,2812.10009765625,19308.19921875,25044.650390625,2273.25,5714.64990234375
2021-11-22,17416.55078125,37128.37109375,35478.94921875,38351.6484375,11379.75,13245.349609375,5421.60009765625,505.1000061035156,23118.30078125,5075.0498046875,2685.35009765625,19095.30078125,24600.400390625,2184.449951171875,5598.0498046875
2021-11-23,17503.349609375,37272.3671875,35504.3984375,38560.1015625,11455.7001953125,13489.9501953125,5600.39990234375,516.0,23586.94921875,5146.5498046875,2749.5,19357.05078125,24694.650390625,2235.050048828125,5716.5498046875
2021-11-24,17415.05078125,37441.515625,34966.25,38178.19921875,11308.849609375,13408.099609375,5602.60009765625,515.6500244140625,23650.05078125,5134.0498046875,2758.949951171875,19167.44921875,24667.80078125,2279.64990234375,5699.60009765625
2021-11-25,17536.25,37364.31640625,35300.25,38259.75,11247.75,13566.5,5624.0,525.7000122070312,24218.25,5200.10009765625,2744.25,19206.599609375,24724.55078125,2311.64990234375,5747.9501953125
2021-11-26,17026.44921875,36025.08203125,34606.1484375,37547.1484375,10759.599609375,13797.099609375,5323.75,492.79998779296875,23349.400390625,5003.0,2628.75,18695.900390625,24005.849609375,2229.89990234375,5506.35009765625
2021-11-29,17053.94921875,35976.03125,34870.75,37324.8515625,10704.150390625,13648.7998046875,5304.7001953125,484.6000061035156,23052.150390625,4979.10009765625,2575.050048828125,18614.349609375,24053.349609375,2180.050048828125,5463.14990234375
2021-11-30,16983.19921875,35694.88671875,35043.75,37386.94921875,10603.5498046875,13662.7998046875,5201.7001953125,487.6000061035156,22823.44921875,4959.35009765625,2560.14990234375,18540.55078125,23997.30078125,2171.10009765625,5399.10009765625
2021-12-01,17166.900390625,36364.4765625,35429.0,37457.8515625,10758.150390625,13442.099609375,5322.2001953125,494.6499938964844,23110.80078125,4993.0,2628.25,18727.099609375,24255.0,2193.699951171875,5465.9501953125
2021-12-02,17401.650390625,36507.82421875,36157.8515625,37892.6015625,10873.150390625,13557.0,5405.0498046875,497.3500061035156,23491.599609375,5048.7001953125,2640.800048828125,18866.900390625,24618.349609375,2227.64990234375,5535.7001953125
2021-12-03,17196.69921875,36196.7265625,35848.05078125,37498.1015625,10788.75,13443.849609375,5392.39990234375,496.29998779296875,23258.349609375,4997.10009765625,2633.64990234375,18813.900390625,24373.05078125,2266.14990234375,5523.85009765625
2021-12-06,16912.25,35735.484375,34879.3984375,36821.8515625,10589.7998046875,13192.25,5327.89990234375,489.5,22900.5,4903.89990234375,2594.35009765625,18571.69921875,23968.19921875,2240.5,5455.39990234375
2021-12-07,17176.69921875,36617.97265625,35272.30078125,37175.8515625,10759.0,13234.349609375,5494.4501953125,500.45001220703125,23172.5,4960.7001953125,2654.300048828125,18751.30078125,24385.05078125,2273.0,5552.0
2021-12-08,17469.75,37284.265625,35959.05078125,37659.94921875,11007.7001953125,13433.849609375,5594.89990234375,509.04998779296875,23362.80078125,5031.64990234375,2722.550048828125,18976.0,24810.599609375,2330.14990234375,5630.5
2021-12-09,17516.849609375,37082.01953125,35946.3515625,38201.6484375,11058.75,13449.400390625,5629.7998046875,507.6499938964844,23408.30078125,5070.2001953125,2725.14990234375,19136.650390625,24742.599609375,2413.39990234375,5656.5498046875
2021-12-10,17511.30078125,37105.21875,35939.6015625,38189.55078125,11080.0498046875,13446.099609375,5658.89990234375,519.4000244140625,23429.94921875,5083.39990234375,2796.449951171875,19224.80078125,24704.75,2473.050048828125,5670.14990234375
2021-12-13,17368.25,36924.8203125,36050.55078125,37823.55078125,11047.150390625,13432.900390625,5642.7998046875,512.4000244140625,23177.349609375,5039.35009765625,2758.89990234375,19220.75,24512.599609375,2428.35009765625,5645.2001953125
2021-12-14,17324.900390625,36893.51953125,36102.55078125,37642.6015625,10972.150390625,13575.900390625,5666.7998046875,509.20001220703125,23361.400390625,5030.5,2739.64990234375,19243.0,24490.900390625,2466.199951171875,5659.5
2021-12-15,17221.400390625,36789.125,35737.19921875,37424.6484375,11026.0,13512.0498046875,5604.10009765625,499.6000061035156,23185.69921875,5000.2001953125,2702.64990234375,19130.650390625,24294.400390625,2432.949951171875,5625.9501953125
2021-12-16,17248.400390625,36548.22265625,36160.30078125,37244.3515625,10945.75,13393.650390625,5597.14990234375,495.3999938964844,23175.150390625,5005.5,2676.89990234375,19088.80078125,24315.05078125,2389.800048828125,5627.25
2021-12-17,16985.19921875,35618.234375,36647.8984375,36438.0,10678.650390625,13230.7001953125,5476.7998046875,475.95001220703125,22755.75,4891.35009765625,2579.35009765625,18705.30078125,24008.900390625,2276.5,5519.4501953125
2021-12-20,16614.19921875,34439.453125,35916.44921875,36084.6484375,10405.2998046875,13184.4501953125,5269.60009765625,452.6499938964844,22070.44921875,4754.14990234375,2463.89990234375,18355.900390625,23452.75,2186.800048828125,5335.2001953125
2021-12-21,16770.849609375,34607.44921875,36627.1484375,36336.80078125,10483.900390625,13282.849609375,5424.60009765625,459.95001220703125,22325.69921875,4822.9501953125,2463.949951171875,18649.80078125,23636.099609375,2242.39990234375,5444.2998046875
2021-12-22,16955.44921875,35029.09375,36989.1484375,36505.55078125,10652.5498046875,13547.7001953125,5521.10009765625,473.5,22580.30078125,4888.4501953125,2506.800048828125,18811.900390625,23832.44921875,2272.800048828125,5530.75
2021-12-23,17072.599609375,35190.73828125,37362.8515625,36995.1015625,10731.0498046875,13644.5,5519.89990234375,484.45001220703125,22869.650390625,4925.0498046875,2546.0,18949.349609375,24039.0,2247.800048828125,5558.0498046875
2021-12-24,17003.75,34856.64453125,37727.80078125,36913.75,10620.75,13491.25,5492.7001953125,477.29998779296875,22588.849609375,4880.64990234375,2496.60009765625,18833.44921875,23931.849609375,2241.35009765625,5501.64990234375
2021-12-27,17086.25,35057.4921875,37988.5,36883.3984375,10641.650390625,13710.150390625,5489.4501953125,479.6000061035156,22561.44921875,4883.14990234375,2501.800048828125,18817.55078125,24086.5,2217.64990234375,5499.2001953125
2021-12-28,17233.25,35183.390625,38357.80078125,37162.69921875,10783.849609375,13836.150390625,5538.7001953125,483.3999938964844,22816.599609375,4942.35009765625,2527.699951171875,18976.099609375,24232.599609375,2221.449951171875,5580.64990234375
2021-12-29,17213.599609375,35044.9921875,38274.6484375,37028.69921875,10829.5498046875,14072.900390625,5480.5498046875,483.04998779296875,22745.349609375,4933.2998046875,2508.89990234375,18966.650390625,24173.400390625,2199.800048828125,5550.2001953125
2021-12-30,17203.94921875,35063.1953125,38658.80078125,37075.6484375,10755.650390625,14135.5,5416.64990234375,478.3500061035156,22485.400390625,4904.89990234375,2490.199951171875,18934.44921875,24219.30078125,2197.25,5500.60009765625
2021-12-31,17354.05078125,35481.28515625,38701.05078125,37579.94921875,10936.900390625,14223.0,5521.75,484.1499938964844,22631.94921875,4949.89990234375,2530.39990234375,19225.80078125,24396.30078125,2218.800048828125,5580.5498046875
2022-01-03,17625.69921875,36421.4765625,39123.80078125,37606.05078125,11114.5498046875,14156.400390625,5628.10009765625,489.6499938964844,22849.25,5010.2998046875,2584.699951171875,19353.80078125,24838.599609375,2251.199951171875,5671.75
2022-01-04,17805.25,36839.71875,39370.69921875,37800.3515625,11139.400390625,14040.650390625,5606.85009765625,487.04998779296875,23370.349609375,5068.7001953125,2616.75,19387.69921875,25091.150390625,2251.39990234375,5712.5
2022-01-05,17925.25,37695.4609375,38609.1484375,37910.94921875,11256.849609375,13999.849609375,5684.14990234375,492.8999938964844,23518.0,5103.14990234375,2658.35009765625,19445.80078125,25250.400390625,2241.449951171875,5779.5498046875
2022-01-06,17745.900390625,37489.8125,38009.0,37622.5,11316.599609375,13912.25,5656.0,485.6499938964844,23370.599609375,5061.64990234375,2671.050048828125,19402.650390625,25017.349609375,2261.800048828125,5739.60009765625
2022-01-07,17812.69921875,37739.1640625,38139.8515625,37864.44921875,11290.900390625,13857.9501953125,5684.85009765625,485.79998779296875,23577.69921875,5090.7001953125,2673.550048828125,19473.80078125,25079.349609375,2243.10009765625,5822.89990234375
2022-01-10,18003.30078125,38347.453125,38212.19921875,37984.05078125,11501.7001953125,13858.9501953125,5718.7998046875,495.1499938964844,23712.349609375,5133.39990234375,2759.85009765625,19564.80078125,25377.55078125,2293.60009765625,5867.89990234375
2022-01-11,18055.75,38441.75390625,38605.44921875,37849.8984375,11479.7001953125,13854.25,5610.35009765625,497.95001220703125,24003.30078125,5149.64990234375,2753.75,19465.80078125,25510.650390625,2292.64990234375,5847.60009765625
2022-01-12,18212.349609375,38727.1015625,38604.75,37992.94921875,11645.900390625,13833.7001953125,5685.0,507.45001220703125,24515.80078125,5227.39990234375,2770.60009765625,19573.400390625,25675.30078125,2311.39990234375,5937.7001953125
2022-01-13,18257.80078125,38469.50390625,38607.0,38087.25,11686.150390625,14051.150390625,5882.75,503.79998779296875,24817.55078125,5261.85009765625,2786.89990234375,19648.05078125,25639.0,2323.800048828125,6023.0
2022-01-14,18255.75,38369.953125,38826.8515625,37816.0,11643.0498046875,13964.150390625,5871.39990234375,509.6000061035156,24867.849609375,5276.85009765625,2783.35009765625,19560.099609375,25702.650390625,2316.75,6024.60009765625
2022-01-17,18308.099609375,38215.703125,38804.94921875,37988.8984375,11881.25,13862.4501953125,5888.39990234375,516.0999755859375,25184.5,5324.75,2791.050048828125,19601.19921875,25700.05078125,2328.300048828125,6105.7998046875
2022-01-18,18113.05078125,38209.85546875,38091.75,37503.1484375,11598.75,13697.599609375,5755.14990234375,502.6499938964844,25054.94921875,5209.64990234375,2741.199951171875,19251.25,25513.400390625,2301.39990234375,5979.85009765625
2022-01-19,17938.400390625,38040.91015625,37281.69921875,37106.3984375,11681.400390625,13682.7001953125,5801.10009765625,501.8999938964844,25293.94921875,5192.7001953125,2801.64990234375,19130.400390625,25171.0,2324.60009765625,5992.10009765625
2022-01-20,17757.0,37850.41015625,36662.19921875,36681.3984375,11583.2001953125,13454.900390625,5831.14990234375,503.04998779296875,25270.099609375,5185.5,2794.949951171875,19035.849609375,24937.80078125,2308.300048828125,5990.64990234375
2022-01-21,17617.150390625,37573.86328125,36054.6015625,36812.8984375,11561.75,13243.0498046875,5719.5498046875,491.20001220703125,25055.849609375,5100.4501953125,2709.60009765625,19019.150390625,24694.349609375,2228.25,5879.2001953125
2022-01-24,17149.099609375,36947.12109375,34821.6015625,35941.3515625,11261.2001953125,12998.599609375,5420.4501953125,462.20001220703125,24425.25,4952.25,2654.60009765625,18480.69921875,24092.5,2126.050048828125,5657.2998046875
2022-01-25,17277.94921875,37706.3125,34707.44921875,36382.8515625,11522.75,13092.099609375,5485.14990234375,470.6000061035156,24716.400390625,5000.7001953125,2767.10009765625,18809.80078125,24272.25,2172.75,5725.39990234375
2022-01-27,17110.150390625,37981.66015625,33475.05078125,35966.80078125,11561.599609375,12847.900390625,5445.89990234375,462.1000061035156,24557.0,4950.39990234375,2907.300048828125,18629.099609375,24015.849609375,2185.5,5671.64990234375
2022-01-28,17101.94921875,37688.9609375,33851.94921875,36188.30078125,11493.400390625,12983.0498046875,5466.0498046875,465.6499938964844,24677.0,4977.9501953125,2896.949951171875,18681.19921875,24004.0,2204.449951171875,5730.85009765625
2022-01-31,17339.849609375,37974.91015625,34824.55078125,36467.25,11703.5,13179.900390625,5473.4501953125,480.25,24983.94921875,5056.75,2982.25,18827.19921875,24333.349609375,2235.35009765625,5761.64990234375
2022-02-01,17576.849609375,38505.05078125,35371.6484375,37183.80078125,11616.099609375,13477.5,5719.39990234375,488.6499938964844,24888.44921875,5109.89990234375,2964.949951171875,19113.0,24666.150390625,2247.199951171875,5881.7001953125
2022-02-02,17780.0,39330.04296875,35788.75,37581.5,11632.400390625,13643.650390625,5779.7001953125,495.5,24998.94921875,5120.14990234375,3066.10009765625,19202.849609375,25070.650390625,2286.949951171875,5904.85009765625
2022-02-03,17560.19921875,39009.546875,35056.80078125,37467.19921875,11683.400390625,13617.599609375,5761.60009765625,486.8999938964844,24728.94921875,5053.89990234375,3050.75,19135.349609375,24692.5,2273.550048828125,5852.9501953125
2022-02-04,17516.30078125,38788.90234375,35080.1015625,37508.3984375,11560.599609375,13580.2998046875,5829.5,473.45001220703125,24699.150390625,5036.89990234375,2992.300048828125,19108.349609375,24600.30078125,2230.550048828125,5873.0
2022-02-07,17213.599609375,37995.0078125,34621.25,36764.94921875,11407.25,13381.7001953125,5829.0,468.20001220703125,24825.0,4994.85009765625,3019.949951171875,18905.44921875,24126.80078125,2197.39990234375,5883.14990234375
2022-02-08,17266.75,38028.0078125,34521.55078125,36765.94921875,11429.7998046875,13444.7001953125,5875.60009765625,464.25,24500.900390625,4982.10009765625,3044.85009765625,18875.69921875,24100.900390625,2174.800048828125,5876.2998046875
2022-02-09,17463.80078125,38609.80078125,34983.30078125,36852.8515625,11680.150390625,13570.2998046875,5985.0,467.0,24514.349609375,5030.75,3026.0,19158.849609375,24383.400390625,2215.300048828125,5940.35009765625
2022-02-10,17605.849609375,39010.49609375,35341.8515625,36982.55078125,11674.0498046875,13613.0498046875,6059.4501953125,471.20001220703125,24685.55078125,5048.75,3024.550048828125,19183.94921875,24647.099609375,2252.10009765625,5975.0498046875
2022-02-11,17374.75,38516.80078125,34379.05078125,36671.6484375,11552.900390625,13510.2998046875,6023.7998046875,461.8500061035156,24549.69921875,4991.9501953125,2963.64990234375,18923.75,24238.650390625,2221.449951171875,5910.89990234375
2022-02-14,16842.80078125,36908.12109375,33880.6484375,35661.25,11107.150390625,13252.150390625,5719.0,437.3999938964844,23899.80078125,4832.39990234375,2787.39990234375,18379.0,23451.94921875,2127.699951171875,5695.64990234375
2022-02-15,17352.44921875,38169.65625,34913.30078125,36438.69921875,11552.2998046875,13356.900390625,5845.5,450.70001220703125,24363.80078125,4982.0,2898.550048828125,18804.849609375,24168.69921875,2208.0,5840.85009765625
2022-02-16,17322.19921875,37953.359375,34801.94921875,36460.75,11509.7001953125,13425.099609375,5812.14990234375,455.79998779296875,24392.94921875,4977.10009765625,2864.5,18773.94921875,24121.55078125,2194.75,5831.7998046875
2022-02-17,17304.599609375,37531.2109375,34634.1015625,36571.69921875,11492.849609375,13324.400390625,5793.39990234375,454.70001220703125,24757.94921875,4979.2001953125,2830.300048828125,18811.5,24052.400390625,2178.35009765625,5841.39990234375
2022-02-18,17276.30078125,37598.7109375,34483.1015625,36498.69921875,11420.4501953125,13208.7998046875,5778.39990234375,449.0,24540.69921875,4942.85009765625,2825.5,18671.849609375,24039.5,2163.35009765625,5793.0
2022-02-21,17206.650390625,37685.1640625,34472.05078125,36200.30078125,11361.599609375,13029.900390625,5658.9501953125,442.8999938964844,24174.400390625,4893.25,2786.550048828125,18615.69921875,24023.75,2104.75,5699.4501953125
2022-02-22,17092.19921875,37371.21484375,34129.55078125,35879.8515625,11343.0498046875,12954.5,5595.89990234375,430.0,24166.349609375,4855.89990234375,2745.39990234375,18552.30078125,23877.55078125,2035.199951171875,5652.4501953125
2022-02-23,17063.25,37391.6171875,34114.30078125,35933.1015625,11318.7001953125,12976.2998046875,5608.89990234375,443.54998779296875,24164.75,4842.39990234375,2773.89990234375,18596.349609375,23871.30078125,2050.10009765625,5640.39990234375
2022-02-24,16247.9501953125,35227.69140625,32547.900390625,34735.1484375,10609.7998046875,12500.099609375,5313.64990234375,411.75,22928.099609375,4581.64990234375,2544.699951171875,17886.19921875,22695.150390625,1907.5999755859375,5329.7001953125
2022-02-25,16658.400390625,36430.328125,33476.94921875,35292.55078125,10895.2998046875,12899.849609375,5618.7001953125,433.75,23590.599609375,4699.75,2664.14990234375,18259.80078125,23365.05078125,1997.0999755859375,5533.14990234375
2022-02-28,16793.900390625,36204.87890625,33847.8515625,35515.3984375,10820.5498046875,12927.599609375,5896.85009765625,436.3999938964844,24212.099609375,4798.75,2667.60009765625,18357.849609375,23387.150390625,2010.6500244140625,5669.75
2022-03-02,16605.94921875,35372.390625,33720.0,35364.44921875,10500.4501953125,12689.5498046875,6136.7001953125,431.25,24520.650390625,4774.75,2639.199951171875,18216.94921875,23026.150390625,2048.199951171875,5732.7998046875
2022-03-03,16498.05078125,34943.89453125,34130.30078125,35019.6015625,10261.099609375,12643.75,6210.25,429.0,24968.25,4741.7998046875,2620.550048828125,17995.150390625,22965.0,2056.14990234375,5732.75
2022-03-04,16245.349609375,34407.40234375,34177.69921875,34627.8515625,9896.650390625,12600.150390625,6010.14990234375,416.45001220703125,24491.349609375,4655.7001953125,2579.0,17557.349609375,22657.849609375,1997.0999755859375,5607.25
2022-03-07,15863.150390625,32870.8671875,34135.8984375,33657.44921875,9480.4501953125,12546.849609375,6136.14990234375,393.6499938964844,24207.599609375,4578.5,2460.949951171875,17066.099609375,22090.55078125,1987.800048828125,5599.25
2022-03-08,16013.4501953125,33157.71484375,35055.55078125,34006.8984375,9560.0,12844.849609375,6045.2998046875,406.45001220703125,24229.0,4620.7001953125,2524.10009765625,17133.44921875,22392.599609375,2042.5999755859375,5590.89990234375
2022-03-09,16345.349609375,33815.0546875,35440.55078125,34486.94921875,9832.349609375,13059.25,6024.60009765625,418.8500061035156,24459.099609375,4708.5498046875,2572.64990234375,17403.05078125,22770.80078125,2125.35009765625,5632.39990234375
2022-03-10,16594.900390625,34475.19921875,35399.1015625,35530.30078125,10019.349609375,13077.0498046875,6161.9501953125,428.20001220703125,24816.650390625,4773.9501953125,2632.64990234375,17746.05078125,23062.75,2132.25,5733.5498046875
2022-03-11,16630.44921875,34545.84765625,35348.69921875,35613.6484375,9979.7001953125,13399.0,6190.0498046875,430.20001220703125,25004.30078125,4797.4501953125,2656.949951171875,17695.599609375,23068.099609375,2131.550048828125,5761.5
2022-03-14,16871.30078125,35311.73828125,36028.0,35589.3984375,10074.2998046875,13351.900390625,6161.0498046875,422.95001220703125,24889.80078125,4811.0498046875,2709.699951171875,17727.650390625,23536.900390625,2183.699951171875,5751.2001953125
2022-03-15,16663.0,35022.2421875,35097.8515625,35649.94921875,10131.2998046875,13318.849609375,5910.10009765625,421.70001220703125,24347.94921875,4754.2998046875,2682.89990234375,17640.099609375,23223.400390625,2133.449951171875,5630.2998046875
2022-03-16,16975.349609375,35747.8359375,35729.6484375,36273.6015625,10350.099609375,13374.5,6065.7001953125,437.04998779296875,24783.80078125,4843.35009765625,2720.60009765625,17942.19921875,23675.69921875,2147.449951171875,5769.4501953125
2022-03-17,17287.05078125,36428.12890625,35643.6015625,36782.69921875,10576.0,13546.0498046875,6183.7998046875,450.75,25304.80078125,4917.39990234375,2745.14990234375,18183.19921875,24024.5,2171.75,5876.7998046875
2022-03-21,17117.599609375,36018.08203125,35377.75,36149.3515625,10448.400390625,13549.5498046875,6276.35009765625,447.6000061035156,24936.650390625,4834.14990234375,2711.800048828125,18066.25,23762.69921875,2181.75,5864.89990234375
2022-03-22,17315.5,36348.12890625,36070.44921875,35887.05078125,10572.900390625,13513.150390625,6323.7001953125,443.1000061035156,25359.5,4890.9501953125,2716.35009765625,17949.650390625,24037.099609375,2187.64990234375,5913.7998046875
2022-03-23,17245.650390625,36146.9296875,36082.0,35789.8515625,10463.4501953125,13569.650390625,6399.9501953125,441.54998779296875,25569.75,4882.85009765625,2702.89990234375,17900.80078125,23883.75,2192.25,5957.89990234375
2022-03-24,17222.75,35526.6875,36516.75,35797.1484375,10412.400390625,13724.5,6498.2001953125,443.75,25789.099609375,4916.7998046875,2690.64990234375,17871.099609375,23741.400390625,2321.75,6015.5
2022-03-25,17153.0,35409.69140625,36152.30078125,35522.75,10354.150390625,13607.0498046875,6500.2001953125,449.1499938964844,25833.55078125,4921.14990234375,2703.85009765625,17713.55078125,23641.650390625,2322.75,6012.85009765625
2022-03-28,17222.0,35710.0859375,36026.05078125,35659.44921875,10421.599609375,13562.25,6559.39990234375,451.0,25989.30078125,4949.2001953125,2736.89990234375,17698.0,23703.25,2336.449951171875,6028.0498046875
2022-03-29,17325.30078125,35846.98046875,36146.75,35640.1484375,10416.25,13771.400390625,6571.85009765625,455.3999938964844,25889.94921875,4981.35009765625,2714.199951171875,17817.44921875,23898.650390625,2307.949951171875,6048.5
2022-03-30,17498.25,36333.87890625,36463.55078125,35858.25,10542.150390625,13745.599609375,6428.9501953125,462.3500061035156,25856.19921875,5029.5498046875,2746.89990234375,17970.44921875,24200.94921875,2360.5,6004.64990234375
2022-03-31,17464.75,36373.1796875,36317.19921875,36287.75,10552.099609375,13584.099609375,6423.7001953125,463.54998779296875,25822.0,5018.5498046875,2725.64990234375,18107.30078125,24210.900390625,2379.60009765625,5995.2001953125
2022-04-01,17670.44921875,37148.06640625,36343.3984375,36712.1484375,10676.849609375,13579.900390625,6477.2001953125,474.54998779296875,26454.5,5095.75,2834.5,18270.80078125,24566.349609375,2420.60009765625,6074.7998046875
2022-04-04,18053.400390625,38634.75,36442.8984375,37191.75,10803.849609375,13789.25,6606.10009765625,476.1499938964844,26841.0,5152.2998046875,2861.60009765625,18524.099609375,25299.30078125,2454.64990234375,6171.2001953125
2022-04-05,17957.400390625,38067.45703125,36466.55078125,37656.80078125,10936.5,13809.25,6640.4501953125,474.8999938964844,27150.650390625,5183.5,2875.050048828125,18660.80078125,25098.30078125,2448.199951171875,6232.0498046875
2022-04-06,17807.650390625,37632.36328125,35871.5,37588.8984375,10906.7998046875,13758.4501953125,6730.0,473.70001220703125,27472.05078125,5218.60009765625,2932.300048828125,18711.94921875,24778.55078125,2427.39990234375,6292.85009765625
2022-04-07,17639.55078125,37556.9140625,35423.25,37561.69921875,10820.7001953125,13815.0,6618.35009765625,473.8500061035156,27005.150390625,5149.75,2921.800048828125,18666.599609375,24536.80078125,2396.60009765625,6220.85009765625
2022-04-08,17784.349609375,37751.61328125,35394.44921875,38322.6484375,10894.2998046875,13838.599609375,6755.5498046875,474.5,27512.69921875,5209.64990234375,2945.14990234375,18802.599609375,24660.69921875,2412.5,6346.7001953125
2022-04-11,17674.94921875,37613.36328125,34895.8984375,38236.25,10882.099609375,13837.849609375,6774.89990234375,479.8500061035156,28235.25,5214.5,2932.10009765625,18859.30078125,24602.94921875,2445.35009765625,6428.25
2022-04-12,17530.30078125,37746.9609375,34379.5,37931.3984375,10788.7998046875,13744.650390625,6589.25,466.6000061035156,28059.05078125,5130.89990234375,2896.14990234375,18632.349609375,24506.650390625,2408.300048828125,6311.5498046875
2022-04-13,17475.650390625,37462.96484375,34354.80078125,38191.3984375,10698.2998046875,13772.75,6627.0,464.1000061035156,28193.69921875,5142.60009765625,2900.699951171875,18627.44921875,24389.5,2389.699951171875,6349.35009765625
2022-04-18,17173.650390625,36728.57421875,32780.05078125,38422.1015625,10745.75,13717.2998046875,6648.9501953125,458.20001220703125,28423.19921875,5110.39990234375,2828.39990234375,18583.30078125,23750.349609375,2355.0,6358.75
2022-04-19,16958.650390625,36341.1796875,31804.19921875,37337.3984375,10615.150390625,13522.4501953125,6578.0,446.8999938964844,28440.849609375,5102.85009765625,2820.199951171875,18244.650390625,23250.80078125,2309.75,6327.2998046875
2022-04-20,17136.55078125,36314.4765625,32173.400390625,37722.80078125,10848.7001953125,13660.650390625,6556.10009765625,449.3500061035156,28690.69921875,5169.2998046875,2814.89990234375,18483.0,23386.80078125,2299.199951171875,6375.5
2022-04-21,17392.599609375,36815.671875,32611.599609375,38005.8984375,11090.5498046875,13821.2998046875,6570.2001953125,454.3999938964844,29026.0,5237.85009765625,2846.449951171875,18678.599609375,23706.55078125,2296.449951171875,6425.7998046875
2022-04-22,17171.94921875,36044.33203125,32426.69921875,37775.44921875,11028.150390625,13569.849609375,6440.64990234375,448.1000061035156,28877.650390625,5197.0498046875,2786.75,18552.5,23397.900390625,2290.60009765625,6348.5
2022-04-25,16953.94921875,36081.93359375,31744.0,37167.3984375,10916.5,13296.75,6256.7998046875,431.25,28155.099609375,5090.25,2750.35009765625,18289.69921875,23225.30078125,2241.0,6183.2998046875
2022-04-26,17200.80078125,36404.37890625,31840.05078125,37866.69921875,11221.75,13444.099609375,6336.85009765625,446.6499938964844,28902.599609375,5195.2998046875,2814.14990234375,18499.69921875,23510.25,2283.60009765625,6266.10009765625
2022-04-27,17038.400390625,36028.43359375,31594.349609375,37634.5,11158.849609375,13358.150390625,6321.5498046875,445.29998779296875,28527.599609375,5149.39990234375,2790.89990234375,18387.5,23184.650390625,2285.199951171875,6206.10009765625
2022-04-28,17245.05078125,36421.77734375,31914.349609375,38460.25,11192.0498046875,13480.0,6362.39990234375,449.1000061035156,29046.099609375,5207.5498046875,2805.35009765625,18588.900390625,23441.94921875,2213.14990234375,6277.5498046875
2022-04-29,17102.55078125,36087.73046875,31622.400390625,38204.1484375,11078.099609375,13462.849609375,6327.2998046875,443.75,28594.150390625,5127.85009765625,2758.550048828125,18456.75,23236.94921875,2149.699951171875,6209.85009765625
2022-05-02,17069.099609375,36163.328125,31138.80078125,38285.30078125,10938.2998046875,13460.25,6363.10009765625,444.70001220703125,28573.650390625,5122.10009765625,2745.89990234375,18360.900390625,23210.0,2158.64990234375,6219.35009765625
2022-05-04,16677.599609375,35264.140625,30794.599609375,37621.80078125,10661.0,13108.7998046875,6158.5498046875,430.1499938964844,28201.400390625,5014.85009765625,2668.800048828125,17984.599609375,22703.849609375,2066.050048828125,6073.64990234375
2022-05-05,16682.650390625,35232.44140625,31432.44921875,37408.05078125,10705.7001953125,13008.5,6196.60009765625,423.20001220703125,28284.900390625,4980.85009765625,2649.75,17974.25,22880.400390625,2060.64990234375,6082.64990234375
2022-05-06,16411.25,34590.796875,30719.44921875,37279.30078125,10518.4501953125,12820.900390625,6066.0,408.1499938964844,28339.0,4932.25,2635.89990234375,17759.05078125,22434.75,2020.699951171875,5991.85009765625
2022-05-09,16301.849609375,34275.0,30733.30078125,36732.0,10483.5,12785.0,5942.7998046875,402.95001220703125,27570.25,4872.2998046875,2574.300048828125,17547.599609375,22373.69921875,1967.0999755859375,5872.14990234375
2022-05-10,16240.0498046875,34482.24609375,30427.19921875,36911.8984375,10472.4501953125,12596.2998046875,5633.85009765625,391.1000061035156,26581.349609375,4819.14990234375,2553.85009765625,17507.0,22308.400390625,1960.1500244140625,5680.14990234375
2022-05-11,16167.099609375,34692.74609375,30050.25,36658.3984375,10377.400390625,12557.650390625,5634.14990234375,393.95001220703125,26464.69921875,4783.64990234375,2540.300048828125,17406.400390625,22267.400390625,1955.75,5698.5
2022-05-12,15808.0,33531.7578125,29756.849609375,36221.75,10164.349609375,12424.4501953125,5425.89990234375,385.5,25719.150390625,4678.7998046875,2403.449951171875,17162.69921875,21704.150390625,1924.5,5534.60009765625
2022-05-13,15782.150390625,33120.96484375,29624.849609375,36887.1484375,10412.349609375,12629.5,5313.0498046875,384.45001220703125,25347.650390625,4669.14990234375,2404.35009765625,17199.69921875,21457.650390625,1945.3499755859375,5434.35009765625
2022-05-16,15842.2998046875,33597.2109375,29403.5,36759.5,10649.099609375,12608.25,5359.9501953125,394.5,25657.400390625,4696.39990234375,2474.199951171875,17267.69921875,21641.94921875,1952.199951171875,5469.85009765625
2022-05-17,16259.2998046875,34301.5,30218.75,37518.75,10911.150390625,12745.9501953125,5727.4501953125,402.20001220703125,26455.849609375,4835.2001953125,2524.14990234375,17678.599609375,22104.099609375,2010.949951171875,5689.89990234375
2022-05-18,16240.2998046875,34163.30078125,30077.69921875,37989.05078125,10909.4501953125,12881.5498046875,5708.9501953125,395.1499938964844,26314.900390625,4797.10009765625,2484.5,17761.0,22009.19921875,2006.9000244140625,5697.4501953125
2022-05-19,15809.400390625,33315.26171875,28352.150390625,37740.44921875,10618.0,12600.849609375,5476.25,384.8500061035156,25839.75,4700.7001953125,2416.75,17378.650390625,21302.349609375,1931.75,5552.64990234375
2022-05-20,16266.150390625,34276.0,28789.400390625,38546.3515625,10914.599609375,13065.5,5706.35009765625,401.04998779296875,26433.5,4828.9501953125,2489.64990234375,17772.099609375,21761.55078125,2018.1500244140625,5662.5
2022-05-23,16214.7001953125,34247.203125,29079.30078125,38510.80078125,11115.2001953125,12889.2001953125,5241.60009765625,396.79998779296875,26052.0,4804.5,2481.10009765625,17912.80078125,21733.19921875,1998.4000244140625,5468.64990234375
2022-05-24,16125.150390625,34289.75,28531.5,38010.8515625,11116.2998046875,12691.599609375,5180.2998046875,392.0,25824.19921875,4772.2998046875,2475.35009765625,17814.599609375,21649.849609375,1947.050048828125,5397.35009765625
2022-05-25,16025.7998046875,34339.1015625,27566.099609375,37930.94921875,11011.5,12543.849609375,5079.25,380.70001220703125,25778.0,4733.39990234375,2425.199951171875,17651.599609375,21557.349609375,1891.300048828125,5345.25
2022-05-26,16170.150390625,35094.4921875,27932.55078125,37849.19921875,11097.150390625,12557.5,5214.75,386.0,25760.44921875,4748.39990234375,2501.85009765625,17787.5,21925.099609375,1911.0,5405.0498046875
2022-05-27,16352.4501953125,35612.88671875,28641.599609375,38242.69921875,11270.25,12669.9501953125,5211.5,387.8500061035156,25511.849609375,4744.35009765625,2521.5,17989.05078125,22269.5,1958.5,5396.4501953125
2022-05-30,16661.400390625,35826.53125,29753.30078125,38610.3984375,11491.400390625,12671.150390625,5264.0498046875,403.6000061035156,25921.099609375,4863.39990234375,2602.35009765625,18279.099609375,22667.349609375,2021.449951171875,5486.25
2022-05-31,16584.55078125,35486.984375,29679.05078125,38713.44921875,11586.599609375,12604.4501953125,5332.75,411.70001220703125,25641.099609375,4877.2998046875,2575.60009765625,18355.30078125,22464.400390625,2052.64990234375,5477.39990234375
2022-06-01,16522.75,35620.38671875,29260.75,38434.55078125,11563.0,12443.75,5336.7001953125,407.1000061035156,25456.44921875,4853.7998046875,2593.550048828125,18193.30078125,22354.55078125,2037.3499755859375,5460.39990234375
2022-06-02,16628.0,35613.234375,29792.400390625,38497.30078125,11491.400390625,12500.349609375,5397.5498046875,410.79998779296875,25968.650390625,4887.0,2620.0,18283.69921875,22439.650390625,2060.10009765625,5523.5
2022-06-03,16584.30078125,35274.640625,29903.80078125,38273.8984375,11282.150390625,12418.7998046875,5328.7998046875,406.8500061035156,25882.400390625,4852.7998046875,2582.699951171875,18006.69921875,22320.44921875,2028.8499755859375,5424.75
2022-06-06,16569.55078125,35309.7890625,29819.80078125,38238.44921875,11303.150390625,12412.400390625,5388.64990234375,403.5,25830.349609375,4830.85009765625,2574.60009765625,17944.900390625,22318.55078125,2003.550048828125,5414.0
2022-06-07,16416.349609375,34995.59375,29351.69921875,37648.8515625,11362.2001953125,12279.650390625,5340.85009765625,396.75,26101.900390625,4821.85009765625,2566.800048828125,17749.25,22095.80078125,1971.550048828125,5403.7001953125
2022-06-08,16356.25,34945.7421875,29472.150390625,37254.3515625,11382.349609375,12317.7998046875,5348.2001953125,404.25,25976.25,4783.35009765625,2585.0,17689.900390625,22069.94921875,2000.9000244140625,5387.5
2022-06-09,16478.099609375,35085.04296875,29761.55078125,37440.6484375,11419.25,12465.900390625,5278.2001953125,405.29998779296875,26287.69921875,4831.9501953125,2577.60009765625,17726.099609375,22207.05078125,2007.800048828125,5382.9501953125
2022-06-10,16201.7998046875,34483.3984375,29114.30078125,37428.69921875,11394.0,12419.2001953125,5199.9501953125,400.45001220703125,25808.5,4784.10009765625,2564.800048828125,17676.75,21737.150390625,1980.25,5331.85009765625
2022-06-13,15774.400390625,33405.46484375,27914.599609375,37078.1015625,11165.650390625,12191.849609375,5000.0,387.8500061035156,25317.400390625,4671.5,2473.0,17476.80078125,21087.19921875,1901.550048828125,5204.7998046875
2022-06-14,15732.099609375,33310.96484375,27953.349609375,36999.1484375,11104.150390625,12218.5,5018.2998046875,391.0,25177.69921875,4674.25,2462.64990234375,17404.80078125,21081.400390625,1898.4000244140625,5183.7001953125
2022-06-15,15692.150390625,33338.61328125,27812.44921875,36830.8984375,11206.75,12261.349609375,4982.2998046875,388.6000061035156,24877.0,4663.9501953125,2453.35009765625,17411.099609375,21046.80078125,1892.8499755859375,5146.7998046875
2022-06-16,15360.599609375,32616.720703125,27136.44921875,36621.1484375,10956.599609375,12066.650390625,4721.2998046875,377.70001220703125,24370.0,4542.9501953125,2387.199951171875,17174.25,20585.05078125,1832.25,4970.0498046875
2022-06-17,15293.5,32742.669921875,26732.44921875,36264.55078125,10830.900390625,11803.9501953125,4724.85009765625,377.6499938964844,24155.150390625,4498.10009765625,2368.199951171875,16919.05078125,20481.44921875,1833.800048828125,4936.7998046875
2022-06-20,15350.150390625,32684.419921875,26966.19921875,36915.75,10754.7001953125,11847.900390625,4540.5498046875,370.75,23701.30078125,4444.5498046875,2309.300048828125,16897.150390625,20643.19921875,1786.3499755859375,4843.75
2022-06-21,15638.7998046875,33191.36328125,27810.650390625,37317.75,10974.2001953125,12098.349609375,4720.75,384.29998779296875,24355.94921875,4537.7001953125,2403.10009765625,17157.80078125,21099.55078125,1884.3499755859375,4973.4501953125
2022-06-22,15413.2998046875,32844.91796875,27488.400390625,36963.30078125,10881.400390625,11939.0498046875,4490.75,375.8999938964844,23792.05078125,4466.7998046875,2401.85009765625,16983.849609375,20844.5,1818.4000244140625,4839.89990234375
2022-06-23,15556.650390625,33134.61328125,28027.80078125,37316.5,11359.5,12127.2001953125,4523.0,382.1499938964844,23692.55078125,4481.39990234375,2412.60009765625,17296.94921875,21049.0,1846.050048828125,4862.60009765625
2022-06-24,15699.25,33627.05859375,27777.80078125,37778.8515625,11583.25,12178.400390625,4596.60009765625,383.20001220703125,24021.30078125,4522.14990234375,2460.39990234375,17481.150390625,21226.5,1892.9000244140625,4924.0498046875
2022-06-27,15832.0498046875,33810.85546875,28345.94921875,38103.19921875,11686.0498046875,12221.5498046875,4666.2998046875,386.5,24238.150390625,4572.5,2472.050048828125,17649.900390625,21407.94921875,1893.0999755859375,4999.4501953125
2022-06-28,15850.2001953125,33642.05859375,28509.099609375,38173.1015625,11832.5498046875,12214.5498046875,4744.0,389.1000061035156,24477.94921875,4603.39990234375,2483.5,17705.5,21364.599609375,1903.300048828125,5046.7998046875
2022-06-29,15799.099609375,33269.51171875,28140.099609375,37688.3515625,11850.5,12210.9501953125,4755.39990234375,389.95001220703125,24972.650390625,4633.39990234375,2460.550048828125,17614.599609375,21207.650390625,1899.699951171875,5066.60009765625
2022-06-30,15780.25,33424.71484375,27843.349609375,37664.55078125,11701.150390625,12159.349609375,4660.89990234375,385.29998779296875,25108.5,4619.7998046875,2434.75,17594.650390625,21243.05078125,1897.550048828125,5021.4501953125
2022-07-01,15752.0498046875,33539.05859375,28064.25,38725.8515625,11711.9501953125,12260.900390625,4696.5,391.3999938964844,24122.849609375,4540.35009765625,2447.89990234375,17727.599609375,21384.650390625,1910.4000244140625,4983.0498046875
2022-07-04,15835.349609375,33940.50390625,27890.650390625,39755.6484375,11692.099609375,12218.2001953125,4649.9501953125,392.6000061035156,24078.19921875,4561.7998046875,2488.449951171875,17974.349609375,21502.19921875,1918.6500244140625,4956.39990234375
2022-07-05,15810.849609375,33815.50390625,27695.150390625,39690.6015625,11649.7998046875,12233.75,4663.75,391.8500061035156,24229.0,4568.35009765625,2488.300048828125,17943.650390625,21458.44921875,1901.4000244140625,4955.14990234375
2022-07-06,15989.7998046875,34323.8515625,28007.599609375,40740.1484375,11952.2001953125,12331.150390625,4665.2998046875,400.75,24079.19921875,4582.60009765625,2514.64990234375,18428.150390625,21762.05078125,1936.449951171875,4965.2001953125
2022-07-07,16132.900390625,34919.89453125,28196.349609375,40708.69921875,12114.099609375,12389.7001953125,4842.2001953125,411.25,24109.150390625,4616.0498046875,2600.75,18489.599609375,21972.44921875,1945.9000244140625,5052.60009765625
2022-07-08,16220.599609375,35123.640625,28250.30078125,40925.25,12124.599609375,12449.4501953125,4799.5498046875,411.0,24347.650390625,4669.64990234375,2609.949951171875,18476.900390625,22113.400390625,1947.050048828125,5060.0498046875
2022-07-11,16216.0,35469.234375,27380.55078125,41043.1484375,12252.5,12564.849609375,4893.89990234375,417.04998779296875,25005.5,4657.39990234375,2659.050048828125,18523.0,22070.30078125,1951.4000244140625,5157.7001953125
2022-07-12,16058.2998046875,35131.83984375,27063.75,40574.80078125,12107.349609375,12450.650390625,4834.0498046875,417.45001220703125,25098.44921875,4642.0498046875,2656.35009765625,18329.25,21877.75,1929.050048828125,5136.64990234375
2022-07-13,15966.650390625,34827.39453125,26949.75,40954.3984375,12099.349609375,12622.2998046875,4872.5498046875,418.6000061035156,24727.19921875,4613.10009765625,2658.10009765625,18374.099609375,21647.05078125,1938.699951171875,5125.9501953125
2022-07-14,15938.650390625,34650.796875,26523.30078125,40897.30078125,12115.2998046875,12721.0,4870.35009765625,417.6499938964844,24975.349609375,4621.60009765625,2599.449951171875,18409.25,21588.650390625,1931.5999755859375,5109.10009765625
2022-07-15,16049.2001953125,34682.24609375,26484.75,41498.80078125,12361.650390625,12732.0,4830.7001953125,420.0,24964.5,4661.64990234375,2588.35009765625,18663.94921875,21673.75,1938.1500244140625,5114.0498046875
2022-07-18,16278.5,35358.2890625,27322.94921875,41460.30078125,12408.7001953125,12713.4501953125,4950.9501953125,425.1000061035156,25279.150390625,4722.75,2660.14990234375,18691.400390625,22077.849609375,1963.1500244140625,5200.0498046875
2022-07-19,16340.5498046875,35719.9375,27346.150390625,41479.8515625,12538.900390625,12682.2001953125,4991.0,435.95001220703125,25372.69921875,4744.0,2721.199951171875,18700.75,22176.400390625,1956.4000244140625,5227.64990234375
2022-07-20,16520.849609375,35971.68359375,28146.349609375,41950.1484375,12511.2998046875,12711.5,5046.7001953125,435.20001220703125,25608.19921875,4776.14990234375,2726.949951171875,18880.44921875,22372.0,1947.9000244140625,5257.5
2022-07-21,16605.25,36200.578125,28342.900390625,42283.0,12581.349609375,12651.75,5090.10009765625,438.0,25719.599609375,4814.7001953125,2771.35009765625,19082.150390625,22537.5,1971.0,5306.9501953125
2022-07-22,16719.44921875,36738.5234375,28168.150390625,42502.75,12634.2001953125,12617.5498046875,5094.10009765625,439.5,25621.650390625,4830.14990234375,2787.89990234375,19140.650390625,22664.30078125,1976.9000244140625,5341.64990234375
2022-07-25,16631.0,36725.97265625,28216.0,42386.94921875,12423.7001953125,12488.7998046875,5168.5498046875,437.5,25360.849609375,4797.35009765625,2771.25,19030.94921875,22661.599609375,1962.9000244140625,5347.39990234375
2022-07-26,16483.849609375,36408.078125,27418.849609375,41799.05078125,12276.5,12341.900390625,5153.39990234375,433.1000061035156,25273.349609375,4773.4501953125,2752.10009765625,18770.900390625,22428.849609375,1979.8499755859375,5324.2001953125
2022-07-27,16641.80078125,36783.32421875,27878.80078125,42036.30078125,12326.349609375,12628.9501953125,5193.64990234375,437.75,25278.650390625,4805.7998046875,2807.39990234375,18844.900390625,22648.55078125,2021.9000244140625,5363.4501953125
2022-07-28,16929.599609375,37377.71484375,28663.05078125,42271.6484375,12383.7001953125,12660.650390625,5282.10009765625,446.79998779296875,25555.55078125,4825.35009765625,2818.050048828125,18969.69921875,23158.349609375,2049.85009765625,5414.10009765625
2022-07-29,17158.25,37490.9609375,29152.30078125,42487.3984375,12543.2001953125,12776.5498046875,5485.7998046875,450.95001220703125,26018.400390625,4890.5498046875,2784.949951171875,19200.55078125,23452.05078125,2079.050048828125,5547.2001953125
2022-08-01,17340.05078125,37902.7578125,29220.0,42526.75,12953.650390625,12766.849609375,5578.14990234375,452.6499938964844,26746.44921875,4979.2998046875,2831.199951171875,19334.400390625,23677.19921875,2126.89990234375,5641.9501953125
2022-08-02,17345.44921875,38023.55859375,29024.650390625,42798.5,13023.650390625,12780.400390625,5563.4501953125,445.0,27038.5,4976.89990234375,2906.949951171875,19423.94921875,23653.349609375,2125.199951171875,5648.5498046875
2022-08-03,17388.150390625,37988.80859375,29416.94921875,42624.1484375,12919.400390625,12682.0,5553.14990234375,441.6000061035156,27052.25,4971.0,2891.60009765625,19231.400390625,23736.0,2116.199951171875,5618.64990234375
2022-08-04,17382.0,37755.11328125,29782.900390625,42830.25,12945.7001953125,12982.349609375,5620.35009765625,436.54998779296875,26803.75,4934.85009765625,2841.0,19323.650390625,23738.599609375,2097.449951171875,5612.85009765625
2022-08-05,17397.5,37920.16015625,29973.55078125,42930.8984375,12804.349609375,12939.75,5595.85009765625,437.8999938964844,26418.650390625,4950.64990234375,2829.39990234375,19294.30078125,23785.80078125,2086.550048828125,5642.7001953125
2022-08-08,17525.099609375,38236.953125,29967.69921875,42978.5,12927.9501953125,12940.25,5668.0,438.6000061035156,26728.849609375,4974.60009765625,2816.800048828125,19329.400390625,23979.900390625,2103.199951171875,5665.2998046875
2022-08-10,17534.75,38287.40625,29701.150390625,42821.6015625,12951.650390625,12950.7001953125,5759.60009765625,434.79998779296875,26664.75,4986.25,2803.800048828125,19294.75,23937.55078125,2092.949951171875,5688.85009765625
2022-08-11,17659.0,38879.3984375,30233.69921875,42478.5,12923.5498046875,13014.2001953125,5758.85009765625,440.3999938964844,26661.75,4983.75,2870.64990234375,19330.80078125,24243.099609375,2072.550048828125,5677.10009765625
2022-08-12,17698.150390625,39041.84765625,29885.900390625,42457.30078125,12923.75,12864.0,5853.4501953125,443.25,27163.94921875,5020.60009765625,2879.60009765625,19311.55078125,24271.099609375,2043.25,5759.0498046875
2022-08-16,17825.25,39239.19140625,29909.0,42964.1015625,13250.0,12933.849609375,5893.39990234375,452.0,27462.30078125,5064.64990234375,2868.85009765625,19610.150390625,24419.349609375,2037.199951171875,5803.2001953125
2022-08-17,17944.25,39461.2421875,30256.900390625,43275.8515625,13194.25,12979.25,5922.7998046875,452.3500061035156,27609.25,5094.0,2933.550048828125,19677.44921875,24622.75,2066.949951171875,5835.35009765625
2022-08-18,17956.5,39655.6875,30018.900390625,43522.30078125,13131.900390625,12935.75,5977.14990234375,459.3500061035156,27630.80078125,5122.5498046875,2926.699951171875,19669.19921875,24652.94921875,2065.39990234375,5847.7001953125
2022-08-19,17758.44921875,38985.49609375,30036.099609375,42945.3515625,12946.4501953125,12799.9501953125,5883.25,450.3999938964844,27468.05078125,5097.10009765625,2848.89990234375,19514.099609375,24440.94921875,2063.60009765625,5788.64990234375
2022-08-22,17490.69921875,38297.3046875,29478.900390625,42890.6484375,12695.75,12588.25,5708.10009765625,439.1000061035156,27234.5,5009.64990234375,2788.60009765625,19303.400390625,24028.94921875,2058.60009765625,5691.7001953125
2022-08-23,17577.5,38697.19921875,28957.849609375,42937.6484375,12925.75,12683.5498046875,5789.2001953125,440.8500061035156,27492.25,5056.5,2853.85009765625,19341.900390625,24053.150390625,2062.5,5743.0
2022-08-24,17604.94921875,39038.046875,28859.849609375,42999.69921875,12913.349609375,12644.0,5830.0498046875,448.8500061035156,27561.5,5078.0,2867.800048828125,19412.94921875,24146.25,2098.35009765625,5738.85009765625
2022-08-25,17522.44921875,38950.296875,28608.650390625,42830.05078125,12877.900390625,12593.25,5800.10009765625,455.45001220703125,27514.900390625,5060.89990234375,2946.300048828125,19390.94921875,24010.75,2097.39990234375,5737.7998046875
2022-08-26,17558.900390625,38986.6953125,28691.599609375,42768.94921875,12929.150390625,12580.4501953125,5902.7001953125,453.75,27724.650390625,5096.39990234375,2975.25,19419.099609375,24072.400390625,2083.550048828125,5800.89990234375
2022-08-29,17312.900390625,38276.25390625,27678.94921875,42933.8984375,12886.400390625,12545.75,5812.25,447.6000061035156,27557.44921875,5045.39990234375,2926.85009765625,19407.400390625,23619.30078125,2041.1500244140625,5743.39990234375
2022-08-30,17759.30078125,39536.2890625,28407.900390625,43821.1484375,13217.349609375,12699.400390625,5934.60009765625,463.20001220703125,28104.5,5127.5498046875,3003.35009765625,19768.650390625,24345.349609375,2069.199951171875,5866.0
2022-09-01,17542.80078125,39300.79296875,27846.80078125,43497.3515625,13266.150390625,12555.0,5878.9501953125,468.20001220703125,27565.80078125,5089.5,3024.64990234375,19748.150390625,24049.30078125,2071.75,5805.4501953125
2022-09-02,17539.44921875,39420.54296875,27745.80078125,43666.55078125,13220.650390625,12506.150390625,5887.7001953125,467.3500061035156,27358.849609375,5078.10009765625,3004.25,19701.69921875,24102.099609375,2082.199951171875,5759.5
2022-09-05,17665.80078125,39805.2890625,27836.599609375,43755.8515625,13246.099609375,12565.5498046875,5985.75,471.5,27531.69921875,5113.60009765625,3032.89990234375,19648.69921875,24220.44921875,2139.5,5804.64990234375
2022-09-06,17655.599609375,39666.0390625,27742.80078125,43528.8984375,13225.2998046875,12598.0,6064.7001953125,473.20001220703125,27885.5,5164.10009765625,3048.25,19612.69921875,24223.69921875,2130.949951171875,5850.9501953125
2022-09-07,17624.400390625,39455.44140625,27832.400390625,43614.94921875,13072.650390625,12696.2998046875,6066.39990234375,473.6000061035156,27718.80078125,5184.64990234375,3043.199951171875,19655.900390625,24151.69921875,2162.0,5887.4501953125
2022-09-08,17798.75,40208.48046875,28102.400390625,43786.44921875,13151.400390625,12689.9501953125,6011.5,472.25,27783.599609375,5229.4501953125,3119.64990234375,19726.5,24453.30078125,2152.300048828125,5908.25
2022-09-09,17833.349609375,40415.23046875,28724.05078125,43837.69921875,13219.599609375,12689.2998046875,6025.2998046875,470.04998779296875,27692.94921875,5205.25,3134.60009765625,19744.349609375,24566.650390625,2148.10009765625,5892.2001953125
2022-09-12,17936.349609375,40573.52734375,29131.19921875,43921.8515625,13256.099609375,12715.25,6080.9501953125,480.3999938964844,27946.599609375,5256.75,3172.85009765625,19843.55078125,24720.650390625,2190.64990234375,5967.75
2022-09-13,18070.05078125,40872.625,29116.849609375,44251.55078125,13264.150390625,12745.599609375,6158.89990234375,479.54998779296875,28047.69921875,5299.0,3172.60009765625,20007.30078125,24906.19921875,2198.75,5998.39990234375
2022-09-14,18003.75,41404.91796875,28137.650390625,44182.6484375,13222.25,12682.2001953125,6256.2998046875,476.25,27954.75,5290.2998046875,3227.64990234375,20165.55078125,24823.75,2217.800048828125,6041.2001953125
2022-09-15,17877.400390625,41208.71875,27734.349609375,44041.6015625,13315.5,12518.849609375,6263.89990234375,471.8999938964844,28172.099609375,5302.7998046875,3227.699951171875,20234.44921875,24689.69921875,2169.550048828125,6033.89990234375
2022-09-16,17530.849609375,40776.328125,26706.44921875,43192.6484375,12954.4501953125,12346.849609375,6137.64990234375,454.3500061035156,27728.80078125,5174.9501953125,3152.0,19678.349609375,24236.19921875,2081.35009765625,5859.85009765625
2022-09-19,17622.25,40903.921875,26810.150390625,43655.6484375,13074.0,12369.599609375,6110.10009765625,450.04998779296875,27586.75,5180.35009765625,3215.949951171875,19857.19921875,24379.55078125,2107.64990234375,5854.0498046875
2022-09-20,17816.25,41467.8203125,27020.599609375,43981.25,13291.349609375,12750.7001953125,6205.60009765625,457.20001220703125,27724.349609375,5222.60009765625,3231.449951171875,19987.55078125,24666.44921875,2127.25,5915.60009765625
2022-09-21,17718.349609375,41202.96875,26843.25,44500.1484375,13223.4501953125,12573.5498046875,6076.10009765625,451.29998779296875,27310.099609375,5139.60009765625,3208.449951171875,19928.849609375,24448.150390625,2121.199951171875,5824.35009765625
2022-09-22,17629.80078125,40630.12890625,26782.650390625,45080.44921875,13320.75,12612.849609375,6100.75,450.04998779296875,27223.349609375,5119.2001953125,3179.89990234375,20044.94921875,24247.650390625,2160.35009765625,5804.0498046875
2022-09-23,17327.349609375,39545.7890625,26592.349609375,44854.6484375,13093.5,12610.650390625,6027.35009765625,436.75,26500.099609375,5004.89990234375,3053.699951171875,19855.900390625,23728.400390625,2086.050048828125,5709.9501953125
2022-09-26,17016.30078125,38615.80078125,26743.650390625,43937.3984375,12594.349609375,12475.5,5778.25,418.20001220703125,25684.19921875,4888.39990234375,2941.14990234375,19438.05078125,23331.55078125,2022.4000244140625,5524.2998046875
2022-09-27,17007.400390625,38358.703125,27004.150390625,44218.1484375,12529.7998046875,12598.0,5728.64990234375,417.04998779296875,25682.30078125,4904.4501953125,2935.0,19455.19921875,23241.099609375,2029.4000244140625,5512.7998046875
2022-09-28,16858.599609375,37759.4140625,27067.650390625,43964.6484375,12537.349609375,12705.400390625,5617.64990234375,414.25,25281.25,4861.75,2874.14990234375,19428.69921875,23064.55078125,2009.0999755859375,5418.7998046875
2022-09-29,16818.099609375,37647.3125,26819.05078125,44356.25,12497.349609375,12874.2998046875,5645.9501953125,415.79998779296875,25070.400390625,4867.4501953125,2907.35009765625,19465.650390625,22930.25,2033.300048828125,5446.10009765625
2022-09-30,17094.349609375,38631.5,26981.150390625,44405.6484375,12699.2998046875,12971.900390625,5768.2001953125,424.0,25581.30078125,4957.85009765625,2995.0,19707.75,23379.900390625,2062.89990234375,5562.14990234375
2022-10-03,16887.349609375,38029.20703125,26729.099609375,43477.30078125,12441.0498046875,13118.9501953125,5593.9501953125,418.75,25192.599609375,4917.89990234375,2914.89990234375,19343.05078125,23048.0,2039.0999755859375,5489.5498046875
2022-10-04,17274.30078125,39109.59765625,27496.94921875,44287.05078125,12690.5498046875,13233.4501953125,5769.2998046875,428.25,25717.650390625,5007.7001953125,3001.60009765625,19681.150390625,23666.0,2095.449951171875,5617.39990234375
2022-10-06,17331.80078125,39282.39453125,27928.75,44097.19921875,12784.5498046875,13188.0,5956.9501953125,437.1499938964844,25865.25,5018.35009765625,3026.050048828125,19786.55078125,23735.94921875,2152.60009765625,5701.85009765625
2022-10-07,17314.650390625,39177.59375,27733.599609375,43813.30078125,12761.9501953125,13134.7001953125,5931.5498046875,438.54998779296875,25884.0,5036.25,3019.0,19849.099609375,23655.69921875,2160.800048828125,5698.0
2022-10-10,17241.0,39092.6484375,28027.599609375,43329.19921875,12693.599609375,13028.400390625,5916.39990234375,434.25,25621.599609375,4998.5,2988.5,19764.349609375,23615.0,2137.64990234375,5662.10009765625
2022-10-11,16983.55078125,38712.0,27469.5,42564.6484375,12488.349609375,12826.7998046875,5785.9501953125,420.8999938964844,25209.75,4912.25,2938.10009765625,19325.5,23296.849609375,2094.5,5542.39990234375
2022-10-12,17123.599609375,39118.09765625,27694.650390625,43196.8515625,12598.2998046875,12839.349609375,5798.14990234375,427.70001220703125,25455.400390625,4961.14990234375,2982.550048828125,19486.69921875,23477.30078125,2093.10009765625,5598.39990234375
2022-10-13,17014.349609375,38623.55078125,27506.19921875,43036.6484375,12562.75,12867.150390625,5804.25,423.45001220703125,25319.900390625,4922.0498046875,2935.300048828125,19416.25,23249.75,2098.699951171875,5578.85009765625
2022-10-14,17185.69921875,39305.14453125,27954.05078125,43153.05078125,12478.25,12950.4501953125,5767.2001953125,420.04998779296875,25066.94921875,4923.85009765625,2948.75,19403.94921875,23568.69921875,2082.10009765625,5562.2001953125
2022-10-17,17311.80078125,39919.984375,28019.150390625,43182.8984375,12562.5498046875,12982.400390625,5711.39990234375,418.25,25449.150390625,4944.85009765625,3050.949951171875,19480.44921875,23801.44921875,2065.5,5605.2998046875
2022-10-18,17486.94921875,40318.28125,28315.19921875,43715.75,12732.650390625,13008.25,5775.0498046875,425.45001220703125,25779.55078125,5004.75,3172.050048828125,19607.900390625,24003.900390625,2109.75,5629.85009765625
2022-10-19,17512.25,40372.73046875,28060.349609375,43890.55078125,12721.0498046875,13021.75,5736.14990234375,427.1499938964844,25721.44921875,5022.4501953125,3153.75,19602.900390625,23985.349609375,2103.800048828125,5615.39990234375
2022-10-20,17563.94921875,40099.0859375,28432.19921875,44281.1484375,12729.599609375,13089.2001953125,5801.7001953125,426.6000061035156,26080.349609375,5048.89990234375,3213.10009765625,19637.099609375,24077.80078125,2104.10009765625,5666.0498046875
2022-10-21,17576.30078125,40783.578125,28336.94921875,44269.19921875,12695.650390625,12979.400390625,5748.35009765625,426.79998779296875,25907.55078125,5018.9501953125,3272.699951171875,19574.80078125,24168.650390625,2063.550048828125,5617.0498046875
2022-10-24,17730.75,41304.41796875,28534.30078125,44210.1015625,12794.650390625,13061.099609375,5789.0498046875,428.0,26056.25,5054.4501953125,3311.0,19655.30078125,24429.44921875,2070.39990234375,5654.14990234375
2022-10-25,17656.349609375,41122.2734375,28722.849609375,43752.8515625,12952.7998046875,13112.2001953125,5812.4501953125,425.3500061035156,25793.150390625,5058.85009765625,3427.0,19584.05078125,24331.75,2059.14990234375,5650.10009765625
2022-10-27,17736.94921875,41298.8203125,28572.19921875,43954.6015625,12979.400390625,13228.0498046875,5970.25,437.95001220703125,26130.19921875,5115.2998046875,3454.449951171875,19635.349609375,24453.05078125,2073.050048828125,5737.10009765625
2022-10-28,17786.80078125,40990.375,28318.349609375,43944.1015625,13190.900390625,13048.2998046875,5883.35009765625,436.1499938964844,26493.25,5164.5498046875,3438.89990234375,19742.099609375,24398.30078125,2055.550048828125,5725.0
2022-10-31,18012.19921875,41307.41796875,28727.599609375,44296.30078125,13381.650390625,13212.25,5896.35009765625,438.6499938964844,26672.650390625,5234.7001953125,3461.050048828125,19909.599609375,24726.400390625,2062.35009765625,5786.85009765625
2022-11-01,18145.400390625,41289.0703125,29270.650390625,44564.8984375,13416.900390625,13492.0498046875,6036.9501953125,442.70001220703125,26899.650390625,5272.89990234375,3437.699951171875,20036.69921875,24950.150390625,2056.75,5853.2998046875
2022-11-02,18082.849609375,41146.171875,29138.650390625,44533.3515625,13318.25,13556.900390625,6075.7001953125,439.1499938964844,26917.900390625,5243.85009765625,3410.199951171875,19968.849609375,24806.400390625,2074.25,5859.14990234375
2022-11-03,18052.69921875,41297.87109375,28795.75,44661.8515625,13262.650390625,13559.9501953125,6068.75,441.70001220703125,26769.44921875,5236.10009765625,3496.14990234375,19946.44921875,24726.55078125,2078.5,5844.39990234375
2022-11-04,18117.150390625,41257.96875,28693.05078125,44509.55078125,13271.7001953125,13422.150390625,6324.14990234375,443.04998779296875,26896.05078125,5268.14990234375,3532.550048828125,20052.099609375,24736.05078125,2100.699951171875,5924.89990234375
2022-11-07,18202.80078125,41686.21484375,28741.30078125,44709.44921875,13443.900390625,13230.0,6423.85009765625,447.70001220703125,27102.349609375,5301.7998046875,3690.14990234375,20213.05078125,24868.900390625,2105.050048828125,5971.75
2022-11-09,18157.0,41782.71484375,28626.80078125,44826.55078125,13341.400390625,13079.5,6364.0498046875,441.54998779296875,26941.599609375,5263.89990234375,3835.199951171875,20136.900390625,24811.55078125,2098.699951171875,5949.75
2022-11-10,18028.19921875,41603.265625,28505.75,44586.8984375,13080.75,12983.099609375,6318.75,440.8999938964844,26712.25,5222.0,3786.0,20029.150390625,24691.75,2088.800048828125,5873.75
2022-11-11,18349.69921875,42136.5625,29591.94921875,44520.5,13040.900390625,13015.650390625,6447.2001953125,448.25,26955.650390625,5265.2998046875,3760.800048828125,20072.30078125,25269.75,2104.25,5939.7001953125
2022-11-14,18329.150390625,42076.26171875,29849.30078125,43919.1484375,13071.400390625,13019.849609375,6558.5,453.29998779296875,26866.30078125,5272.5498046875,3738.39990234375,20110.0,25302.5,2053.85009765625,5972.10009765625
2022-11-15,18403.400390625,42372.20703125,29865.30078125,43911.05078125,13155.5498046875,13036.900390625,6589.5498046875,452.79998779296875,26994.94921875,5298.5,3750.800048828125,20143.25,25441.30078125,2049.699951171875,5999.9501953125
2022-11-16,18409.650390625,42534.8046875,29951.5,43910.30078125,13105.9501953125,12998.5,6461.60009765625,448.1499938964844,26760.099609375,5277.2001953125,3761.60009765625,20079.099609375,25483.400390625,2020.1500244140625,5932.7998046875
2022-11-17,18343.900390625,42457.55859375,29681.400390625,43845.1015625,12927.400390625,12948.25,6455.7001953125,448.3500061035156,26584.19921875,5283.89990234375,3791.25,19980.30078125,25342.69921875,1999.9000244140625,5903.5
2022-11-18,18307.650390625,42436.95703125,29669.25,43747.0,12774.900390625,12861.400390625,6444.39990234375,448.79998779296875,26489.30078125,5262.5498046875,3849.25,19912.650390625,25304.349609375,1991.1500244140625,5867.75
2022-11-21,18159.94921875,42346.05859375,29209.55078125,43611.0,12696.099609375,12794.599609375,6392.25,443.1000061035156,26141.900390625,5240.9501953125,3903.449951171875,19858.849609375,25098.44921875,1996.0999755859375,5816.39990234375
2022-11-22,18244.19921875,42456.55859375,29446.900390625,43854.1484375,12745.5,12836.349609375,6448.85009765625,437.70001220703125,26050.150390625,5262.2998046875,3968.39990234375,19875.849609375,25170.349609375,2008.0,5849.14990234375
2022-11-23,18267.25,42728.60546875,29405.650390625,43854.19921875,12774.75,12876.9501953125,6422.85009765625,438.79998779296875,26080.19921875,5260.5498046875,4008.800048828125,19864.900390625,25253.94921875,2030.949951171875,5873.25
2022-11-24,18484.099609375,43074.8984375,30178.650390625,44241.75,12845.599609375,12888.150390625,6440.7001953125,439.75,26312.94921875,5315.85009765625,4046.89990234375,19980.0,25584.80078125,2047.449951171875,5906.2001953125
2022-11-25,18512.75,42983.44921875,30334.599609375,44102.6015625,12958.0,12968.4501953125,6455.14990234375,444.8999938964844,26452.599609375,5352.7998046875,4048.800048828125,20032.44921875,25533.599609375,2099.10009765625,5941.89990234375
2022-11-28,18562.75,43019.94921875,30309.650390625,44251.05078125,13036.400390625,12993.9501953125,6381.35009765625,445.20001220703125,26804.80078125,5396.5498046875,4056.89990234375,20078.55078125,25469.400390625,2097.949951171875,5961.4501953125
2022-11-29,18618.05078125,43052.94921875,30345.650390625,45078.55078125,13007.650390625,13087.349609375,6447.35009765625,443.70001220703125,26884.44921875,5383.9501953125,4055.449951171875,20223.25,25514.5,2100.60009765625,5981.10009765625
2022-11-30,18758.349609375,43230.49609375,30391.69921875,45536.55078125,13231.849609375,13144.2001953125,6564.2001953125,450.1499938964844,27354.0,5447.39990234375,4000.75,20371.30078125,25693.44921875,2116.550048828125,6083.9501953125
2022-12-01,18812.5,43260.14453125,31120.5,45370.6484375,13191.75,13120.650390625,6664.85009765625,459.04998779296875,27183.150390625,5471.10009765625,4085.300048828125,20451.94921875,25788.80078125,2160.5,6135.64990234375
2022-12-02,18696.099609375,43103.25,31052.099609375,45154.19921875,13046.349609375,13086.9501953125,6694.5,463.3500061035156,27028.05078125,5467.0,4102.60009765625,20394.44921875,25610.44921875,2186.89990234375,6144.2001953125
2022-12-05,18701.05078125,43332.4453125,30891.5,45151.1484375,13007.5498046875,13052.900390625,6819.75,466.54998779296875,26931.650390625,5451.2001953125,4151.89990234375,20361.900390625,25642.150390625,2191.5,6182.75
2022-12-06,18642.75,43138.05078125,30443.0,45287.8515625,12973.7998046875,12955.349609375,6768.85009765625,463.3999938964844,27021.05078125,5450.0,4204.35009765625,20345.30078125,25546.05078125,2169.10009765625,6155.60009765625
2022-12-07,18560.5,43098.19921875,30187.05078125,45724.6015625,12870.650390625,12869.7998046875,6709.2998046875,457.8999938964844,26714.5,5431.5498046875,4215.25,20404.55078125,25428.349609375,2137.64990234375,6101.64990234375
2022-12-08,18609.349609375,43596.34375,30115.0,45767.05078125,12908.150390625,12728.7001953125,6756.9501953125,454.3500061035156,26643.19921875,5450.0,4375.85009765625,20476.69921875,25506.94921875,2153.75,6128.85009765625
2022-12-09,18496.599609375,43632.94140625,29168.44921875,46159.5,12869.400390625,12774.7001953125,6681.5498046875,447.54998779296875,26370.44921875,5412.64990234375,4298.4501953125,20493.44921875,25312.5,2139.89990234375,6069.60009765625
2022-12-12,18497.150390625,43708.2421875,29050.5,46215.19921875,12874.349609375,12758.0498046875,6708.14990234375,449.6000061035156,26450.30078125,5431.25,4358.7998046875,20543.400390625,25287.349609375,2143.199951171875,6092.39990234375
2022-12-13,18608.0,43946.0390625,29376.55078125,46145.55078125,12931.0,12797.75,6722.0,446.0,26482.349609375,5448.75,4525.0,20529.30078125,25466.900390625,2142.39990234375,6092.0498046875
2022-12-14,18660.30078125,44048.58984375,29713.900390625,45949.3515625,13004.099609375,12883.599609375,6805.85009765625,452.45001220703125,26648.0,5472.5,4550.14990234375,20502.349609375,25567.099609375,2164.89990234375,6142.2001953125
2022-12-15,18414.900390625,43497.6953125,29087.94921875,45544.55078125,12912.900390625,12816.099609375,6708.5498046875,446.54998779296875,26489.19921875,5420.39990234375,4464.5,20277.849609375,25224.94921875,2119.89990234375,6074.0
2022-12-16,18269.0,43218.99609375,28702.19921875,45320.75,12775.25,12636.2001953125,6657.7001953125,439.79998779296875,26302.0,5363.7001953125,4334.0498046875,20094.75,25032.849609375,2092.39990234375,6017.39990234375
2022-12-19,18420.44921875,43413.24609375,28556.44921875,45981.44921875,12978.7998046875,12646.4501953125,6742.4501953125,443.04998779296875,26578.69921875,5425.14990234375,4328.7998046875,20342.5,25184.150390625,2099.10009765625,6060.0498046875
2022-12-20,18385.30078125,43358.99609375,28612.5,45694.69921875,12879.400390625,12618.4501953125,6750.2998046875,437.70001220703125,26619.5,5405.64990234375,4313.7998046875,20281.05078125,25137.75,2082.0,6037.5498046875
2022-12-21,18199.099609375,42617.453125,28764.25,45284.69921875,12695.4501953125,12920.400390625,6593.64990234375,430.6000061035156,26125.30078125,5326.9501953125,4190.7998046875,20043.55078125,24845.650390625,2018.8499755859375,5949.39990234375
2022-12-22,18127.349609375,42408.30859375,28763.900390625,45085.55078125,12554.7001953125,12892.75,6519.25,424.5,25879.19921875,5298.14990234375,4139.2998046875,19980.05078125,24776.5,2004.25,5909.5
2022-12-23,17806.80078125,41667.56640625,28237.05078125,44314.8984375,12236.0,12784.4501953125,6228.0,409.8500061035156,24879.94921875,5157.0,3888.60009765625,19503.80078125,24311.349609375,1904.199951171875,5701.25
2022-12-26,18014.599609375,,,,,12677.099609375,,,,,,,,,
2022-12-27,18132.30078125,42859.0,28636.25,44559.3984375,12522.75,12694.75,6633.9501953125,425.04998779296875,25641.69921875,5274.89990234375,4225.7001953125,19761.849609375,24825.75,1981.800048828125,5930.14990234375
2022-12-28,18122.5,42827.203125,28583.44921875,44589.1484375,12605.4501953125,12624.150390625,6615.75,427.1499938964844,25725.349609375,5264.64990234375,4224.14990234375,19774.19921875,24821.55078125,1994.0,5923.14990234375
2022-12-29,18191.0,43251.84765625,28687.19921875,44508.0,12634.599609375,12634.2998046875,6687.10009765625,427.75,25863.599609375,5267.5,4254.4501953125,19748.099609375,25016.94921875,1981.1500244140625,5930.2001953125
2022-12-30,18105.30078125,42985.94921875,28621.69921875,44171.44921875,12611.7001953125,12597.599609375,6723.39990234375,431.79998779296875,25869.849609375,5252.10009765625,4318.5498046875,19701.30078125,24842.400390625,1992.050048828125,5944.10009765625
2023-01-02,18197.44921875,43203.1015625,28737.30078125,44192.8515625,12667.75,12551.400390625,6886.64990234375,436.1000061035156,26031.0,5293.60009765625,4348.85009765625,19720.55078125,24924.5,2015.3499755859375,6020.0
2023-01-03,18232.55078125,43425.25,28962.30078125,44013.6484375,12614.75,12641.75,6850.0498046875,436.6499938964844,26005.30078125,5291.0498046875,4380.2001953125,19719.099609375,25068.099609375,2001.1500244140625,6004.5
2023-01-04,18042.94921875,42958.80078125,28677.80078125,43723.55078125,12512.0498046875,12622.75,6705.85009765625,427.70001220703125,25605.55078125,5231.5498046875,4300.14990234375,19610.650390625,24784.55078125,1971.199951171875,5901.2998046875
2023-01-05,17992.150390625,42608.69921875,28527.75,44401.5,12656.650390625,12753.2001953125,6761.2001953125,428.70001220703125,25717.849609375,5256.5,4309.9501953125,19809.75,24587.349609375,1975.0999755859375,5940.7998046875
2023-01-06,17859.44921875,42188.80078125,27956.44921875,44412.8515625,12627.7998046875,12654.9501953125,6697.2998046875,425.8500061035156,25728.849609375,5245.14990234375,4273.5498046875,19779.94921875,24275.75,1946.4000244140625,5907.0498046875
2023-01-09,18101.19921875,42582.75,28748.150390625,44796.6484375,12783.0,12770.599609375,6792.89990234375,428.45001220703125,26163.94921875,5317.64990234375,4322.2001953125,19926.25,24612.650390625,1955.800048828125,5975.2001953125
2023-01-10,17914.150390625,42014.75,28502.69921875,44626.05078125,12819.099609375,12766.599609375,6741.7001953125,425.1499938964844,26092.900390625,5259.89990234375,4206.7001953125,19844.150390625,24335.849609375,1936.949951171875,5956.89990234375
2023-01-11,17895.69921875,42232.69921875,28596.349609375,44123.0,12753.0498046875,12682.25,6792.14990234375,424.95001220703125,25876.599609375,5230.75,4236.2001953125,19802.400390625,24369.0,1945.050048828125,5948.14990234375
2023-01-12,17858.19921875,42082.25,28720.30078125,43966.3515625,12769.400390625,12671.4501953125,6783.64990234375,425.1499938964844,25699.599609375,5214.5,4223.10009765625,19808.599609375,24377.650390625,1960.5999755859375,5942.35009765625
2023-01-13,17956.599609375,42371.25,28933.75,43955.6015625,12832.400390625,12668.7998046875,6869.7998046875,426.3999938964844,25862.55078125,5231.25,4279.9501953125,19831.69921875,24559.599609375,1972.3499755859375,5984.85009765625
2023-01-16,17894.849609375,42167.55078125,29264.650390625,44006.75,12748.7998046875,12659.400390625,6779.25,425.79998779296875,26026.900390625,5202.5498046875,4347.0,19741.900390625,24543.150390625,1945.5,5978.0
2023-01-17,18053.30078125,42235.05078125,29498.0,44536.1015625,12821.849609375,12648.0,6793.5,430.79998779296875,26331.099609375,5258.4501953125,4267.10009765625,19863.400390625,24733.099609375,1928.8499755859375,6012.7001953125
2023-01-18,18165.349609375,42458.0,29617.80078125,44711.44921875,12817.599609375,12734.5,6905.7998046875,430.95001220703125,26272.55078125,5294.25,4213.89990234375,19969.25,24872.25,1933.5999755859375,6049.7001953125
2023-01-19,18107.849609375,42328.8515625,29632.349609375,44326.05078125,12763.0,12699.0498046875,6867.2998046875,430.54998779296875,26163.0,5293.0498046875,4227.7001953125,19910.75,24796.75,1914.3499755859375,6038.0
2023-01-20,18027.650390625,42506.80078125,29529.650390625,43899.6015625,12691.7001953125,12606.4501953125,6805.25,427.45001220703125,26135.05078125,5257.35009765625,4229.64990234375,19673.349609375,24803.900390625,1888.300048828125,5995.10009765625
2023-01-23,18118.55078125,42821.25,30086.0,44261.8984375,12797.0498046875,12718.4501953125,6777.85009765625,424.75,26137.44921875,5238.39990234375,4248.2001953125,19692.55078125,24982.650390625,1891.0,5939.35009765625
2023-01-24,18118.30078125,42733.44921875,30316.900390625,44324.3515625,12960.849609375,12593.849609375,6717.60009765625,420.45001220703125,25962.25,5205.2001953125,4190.2998046875,19732.400390625,25006.94921875,1898.75,5888.35009765625
2023-01-25,17891.94921875,41647.6484375,30043.900390625,44284.1484375,12957.150390625,12440.099609375,6703.7998046875,412.75,25450.30078125,5124.9501953125,4040.300048828125,19500.75,24533.05078125,1874.75,5818.9501953125
2023-01-27,17604.349609375,40345.30078125,29766.44921875,44486.6484375,13089.7001953125,12508.0498046875,6389.25,407.54998779296875,24169.94921875,5020.25,3821.050048828125,19199.400390625,23821.0,1861.199951171875,5660.85009765625
2023-01-30,17648.94921875,40387.44921875,30094.849609375,44220.3515625,13076.849609375,12484.0,6371.64990234375,407.0,23434.69921875,5012.14990234375,3842.10009765625,19200.599609375,23736.44921875,1854.699951171875,5625.2001953125
2023-01-31,17662.150390625,40655.05078125,29740.349609375,44456.8984375,13323.900390625,12360.25,6468.39990234375,411.54998779296875,23713.5,5061.35009765625,4006.550048828125,19364.900390625,23671.25,1898.5999755859375,5701.7001953125
2023-02-01,17616.30078125,40513.0,30018.25,44958.30078125,13206.849609375,12355.7998046875,6177.0498046875,407.70001220703125,23402.75,5009.4501953125,3778.89990234375,19113.599609375,23626.44921875,1847.300048828125,5657.85009765625
2023-02-02,17610.400390625,40669.30078125,30566.75,45981.55078125,13213.25,12306.2998046875,5908.2001953125,409.25,22874.0,4997.2998046875,3772.64990234375,19358.650390625,23584.099609375,1856.5,5602.14990234375
2023-02-03,17854.05078125,41499.69921875,30597.650390625,46037.19921875,13377.9501953125,12184.599609375,5901.9501953125,405.8999938964844,22638.400390625,5042.39990234375,3888.60009765625,19486.150390625,23955.55078125,1848.3499755859375,5616.85009765625
2023-02-06,17764.599609375,41374.6484375,30411.099609375,46293.6015625,13360.150390625,12193.099609375,5772.39990234375,408.0,22478.05078125,5055.64990234375,3898.199951171875,19531.80078125,23811.25,1862.800048828125,5579.39990234375
2023-02-07,17721.5,41490.94921875,30310.69921875,45758.1015625,13226.0498046875,12191.400390625,5757.35009765625,411.6000061035156,22386.5,5055.10009765625,3890.25,19531.400390625,23796.75,1853.25,5533.35009765625
2023-02-08,17871.69921875,41537.6484375,30774.05078125,45771.6015625,13257.349609375,12357.2998046875,5975.14990234375,411.6499938964844,22559.80078125,5079.85009765625,3906.949951171875,19595.0,23962.5,1863.5999755859375,5586.35009765625
2023-02-09,17893.44921875,41554.30078125,30990.849609375,45671.25,13187.849609375,12302.5,5880.7001953125,409.25,22499.75,5064.14990234375,3903.550048828125,19570.94921875,24011.599609375,1874.8499755859375,5563.64990234375
2023-02-10,17856.5,41559.3984375,30870.19921875,45488.1015625,13235.0498046875,12327.0,5773.60009765625,414.79998779296875,22325.849609375,5075.10009765625,3919.5,19561.69921875,23968.44921875,1882.25,5537.7998046875
2023-02-13,17770.900390625,41282.19921875,30289.650390625,45508.3984375,13154.349609375,12268.099609375,5704.75,407.8500061035156,22258.94921875,5062.64990234375,3820.75,19434.69921875,23747.849609375,1836.050048828125,5512.0498046875
2023-02-14,17929.849609375,41648.3515625,30588.75,45976.94921875,13106.5498046875,12248.7998046875,5762.85009765625,400.3500061035156,22273.849609375,5074.60009765625,3860.35009765625,19415.599609375,23930.30078125,1833.199951171875,5521.64990234375
2023-02-15,18015.849609375,41731.05078125,30934.349609375,45799.19921875,13235.2001953125,12237.099609375,5789.64990234375,405.54998779296875,22349.150390625,5118.4501953125,3878.800048828125,19524.400390625,24005.94921875,1840.9000244140625,5556.2001953125
2023-02-16,18035.849609375,41631.3515625,31434.849609375,45758.19921875,13206.0498046875,12298.599609375,5860.75,410.95001220703125,22427.650390625,5138.7001953125,3871.050048828125,19601.349609375,24010.30078125,1844.199951171875,5612.0
2023-02-17,17944.19921875,41131.75,31054.849609375,45617.30078125,13140.0,12154.0498046875,5807.7001953125,403.6499938964844,22469.19921875,5161.5,3810.949951171875,19480.30078125,23782.44921875,1830.0999755859375,5631.0
2023-02-20,17844.599609375,40701.69921875,31222.349609375,45501.19921875,13177.400390625,12055.400390625,5762.9501953125,400.8500061035156,22249.05078125,5152.25,3768.550048828125,19372.69921875,23638.349609375,1819.050048828125,5618.75
2023-02-21,17826.69921875,40673.6015625,30947.25,45551.94921875,13148.75,12019.5,5744.14990234375,396.04998779296875,22339.0,5161.14990234375,3701.199951171875,19377.69921875,23586.30078125,1803.3499755859375,5611.2998046875
2023-02-22,17554.30078125,39995.8984375,30608.19921875,45412.8515625,12989.9501953125,11991.849609375,5592.2998046875,389.45001220703125,21916.44921875,5065.5498046875,3630.39990234375,19221.19921875,23195.900390625,1768.550048828125,5505.64990234375
2023-02-23,17511.25,40001.55078125,30598.400390625,45530.1015625,12982.25,11968.2001953125,5611.7998046875,382.5,21801.80078125,5039.64990234375,3649.75,19188.099609375,23132.349609375,1737.25,5499.10009765625
2023-02-24,17465.80078125,39909.3984375,30514.900390625,45372.5,12869.099609375,11996.2001953125,5443.60009765625,380.45001220703125,21946.650390625,5050.25,3617.550048828125,19137.0,23077.94921875,1731.199951171875,5468.5
2023-02-27,17392.69921875,40307.1015625,29919.19921875,45040.75,12675.2998046875,11902.5,5313.75,388.75,21900.599609375,5031.5498046875,3643.949951171875,18950.599609375,23061.400390625,1663.8499755859375,5412.0498046875
2023-02-28,17303.94921875,40269.05078125,29663.94921875,44940.44921875,12731.7998046875,11747.099609375,5269.10009765625,393.20001220703125,21682.25,5016.89990234375,3658.35009765625,19009.599609375,22972.900390625,1704.800048828125,5372.2001953125
2023-03-01,17450.900390625,40698.1484375,30097.75,45062.55078125,12849.2998046875,11764.599609375,5477.7001953125,397.75,21874.599609375,5051.60009765625,3767.199951171875,19175.19921875,23171.150390625,1737.5999755859375,5457.75
2023-03-02,17321.900390625,40389.80078125,29717.44921875,44831.6015625,12738.7998046875,11761.099609375,5473.35009765625,405.95001220703125,21900.05078125,5049.5,3766.75,19061.099609375,22979.349609375,1728.4000244140625,5461.0498046875
2023-03-03,17594.349609375,41251.3515625,29817.05078125,45410.0,12787.0498046875,11781.7998046875,5667.89990234375,412.0,22268.75,5131.7001953125,3970.14990234375,19228.05078125,23347.099609375,1750.4000244140625,5522.64990234375
2023-03-06,17711.44921875,41350.3984375,30179.75,45552.1015625,12909.5,11807.900390625,5679.5498046875,409.8500061035156,22698.5,5163.5498046875,3961.199951171875,19267.5,23539.400390625,1750.5,5542.5
2023-03-08,17754.400390625,41577.1015625,30065.75,45722.0,13019.5,11750.150390625,5679.25,407.04998779296875,22887.75,5201.7998046875,3988.699951171875,19348.25,23572.150390625,1759.949951171875,5566.9501953125
2023-03-09,17589.599609375,41256.75,29742.349609375,45260.44921875,12781.2001953125,11700.400390625,5682.75,402.29998779296875,22682.150390625,5168.2001953125,3943.5,19221.55078125,23415.150390625,1745.5999755859375,5548.7001953125
2023-03-10,17412.900390625,40485.44921875,29545.5,45334.75,12741.599609375,11683.9501953125,5635.7001953125,398.1499938964844,22696.75,5139.60009765625,3857.10009765625,19166.0,23146.44921875,1727.9000244140625,5539.5
2023-03-13,17154.30078125,39564.69921875,29267.0,44953.6015625,12456.0,11597.349609375,5585.25,390.25,22561.650390625,5068.0,3746.550048828125,18960.0,22804.05078125,1684.449951171875,5472.35009765625
2023-03-14,17043.30078125,39411.3984375,28784.69921875,44714.94921875,12345.5498046875,11597.9501953125,5517.35009765625,386.29998779296875,22403.30078125,5054.0,3675.449951171875,18875.94921875,22631.05078125,1687.0999755859375,5450.64990234375
2023-03-15,16972.150390625,39051.5,28716.5,44464.3515625,12282.0,11633.9501953125,5616.5,383.0,22393.69921875,5053.4501953125,3630.949951171875,18829.30078125,22500.80078125,1666.449951171875,5470.64990234375
2023-03-16,16985.599609375,39132.6015625,28517.25,44971.19921875,12304.900390625,11743.2001953125,5471.75,387.25,22621.349609375,5068.2001953125,3651.5,18953.0,22501.900390625,1735.8499755859375,5458.75
2023-03-17,17100.05078125,39598.1015625,28854.44921875,44858.30078125,12245.9501953125,11676.150390625,5602.60009765625,399.0,22659.0,5090.25,3681.949951171875,19018.94921875,22742.25,1720.6500244140625,5514.5498046875
2023-03-20,16988.400390625,39361.94921875,28442.94921875,45213.05078125,12131.7001953125,11663.2998046875,5470.85009765625,395.0,22585.69921875,5057.10009765625,3618.050048828125,18934.400390625,22557.150390625,1722.75,5472.39990234375
2023-03-21,17107.5,39894.69921875,28164.849609375,44913.3984375,12141.9501953125,11633.75,5494.5,394.70001220703125,22792.900390625,5099.9501953125,3677.64990234375,18925.150390625,22716.650390625,1743.949951171875,5514.9501953125
2023-03-22,17151.900390625,39999.05078125,28217.599609375,45109.5,12201.349609375,11754.7001953125,5492.35009765625,394.29998779296875,22835.75,5103.9501953125,3708.300048828125,18952.849609375,22784.599609375,1738.3499755859375,5528.2001953125
2023-03-23,17076.900390625,39616.8984375,27999.25,45267.44921875,12205.7001953125,11780.849609375,5497.85009765625,390.04998779296875,22821.75,5086.9501953125,3643.60009765625,18947.80078125,22675.05078125,1737.050048828125,5522.2998046875
2023-03-24,16945.05078125,39395.3515625,27935.650390625,45060.0,12113.400390625,11755.349609375,5372.89990234375,380.95001220703125,22613.400390625,5024.35009765625,3565.64990234375,18848.44921875,22581.5,1695.6500244140625,5454.89990234375
2023-03-27,16985.69921875,39431.30078125,27948.75,45188.0,12035.099609375,11882.75,5372.85009765625,376.54998779296875,22514.55078125,5019.64990234375,3574.89990234375,18786.80078125,22561.400390625,1677.3499755859375,5459.25
2023-03-28,16951.69921875,39567.8984375,27702.80078125,45044.25,11917.9501953125,11873.2001953125,5330.2998046875,372.0,22388.849609375,4981.4501953125,3567.35009765625,18725.69921875,22519.94921875,1649.0999755859375,5432.39990234375
2023-03-29,17080.69921875,39910.1484375,28011.30078125,45421.6484375,12121.2998046875,11942.5,5460.2001953125,381.1499938964844,22373.05078125,5013.5498046875,3682.199951171875,18941.0,22672.400390625,1692.800048828125,5483.5498046875
2023-03-31,17359.75,40608.6484375,28698.599609375,45904.8984375,12243.7998046875,12017.0498046875,5497.4501953125,387.3500061035156,22814.44921875,5090.9501953125,3716.14990234375,19134.900390625,23037.0,1700.0999755859375,5554.2001953125
2023-04-03,17398.05078125,40813.05078125,28633.0,45738.44921875,12425.849609375,12067.9501953125,5477.85009765625,390.8500061035156,22805.900390625,5105.7998046875,3755.5,19265.69921875,23103.0,1711.699951171875,5555.25
2023-04-05,17557.05078125,40999.1484375,28977.19921875,46361.25,12357.650390625,12181.849609375,5496.2998046875,392.8500061035156,22707.900390625,5142.0,3725.699951171875,19319.55078125,23318.25,1723.1500244140625,5567.85009765625
2023-04-06,17599.150390625,41041.0,28764.55078125,46109.1484375,12469.349609375,12274.349609375,5528.10009765625,404.0,22816.05078125,5164.2998046875,3738.0,19355.55078125,23356.650390625,1732.800048828125,5580.39990234375
2023-04-10,17624.05078125,40834.6484375,29041.599609375,45909.6484375,12616.75,12298.75,5570.25,421.3500061035156,23060.05078125,5207.75,3714.5,19301.75,23374.44921875,1734.9000244140625,5627.75
2023-04-11,17722.30078125,41366.5,28675.75,46269.69921875,12742.0498046875,12300.0,5668.25,420.1499938964844,23297.19921875,5224.7001953125,3774.35009765625,19327.30078125,23490.849609375,1745.4000244140625,5687.5498046875
2023-04-12,17812.400390625,41557.94921875,28980.349609375,46112.6015625,12862.2001953125,12574.2001953125,5695.5498046875,420.45001220703125,23233.099609375,5221.7998046875,3750.25,19333.5,23643.650390625,1735.3499755859375,5690.9501953125
2023-04-13,17828.0,42132.55078125,28342.80078125,46211.94921875,12918.650390625,12478.900390625,5710.0498046875,425.20001220703125,23215.650390625,5209.89990234375,3804.75,19317.69921875,23657.75,1722.5,5678.60009765625
2023-04-17,17706.849609375,42262.55078125,27008.19921875,46688.6015625,12996.150390625,12403.599609375,5734.5,429.3999938964844,23363.75,5209.64990234375,3923.89990234375,19420.5,23335.0,1715.800048828125,5701.14990234375
2023-04-18,17660.150390625,42265.19921875,27166.94921875,46536.3515625,13005.099609375,12607.349609375,5749.0,433.8500061035156,23211.849609375,5185.25,3953.550048828125,19408.150390625,23287.0,1710.0999755859375,5693.7998046875
2023-04-19,17618.75,42154.0,26687.44921875,46421.44921875,13002.5498046875,12625.2998046875,5779.64990234375,434.54998779296875,23159.400390625,5177.89990234375,3920.199951171875,19363.80078125,23175.650390625,1680.8499755859375,5681.7001953125
2023-04-20,17624.44921875,42269.5,26637.150390625,46256.05078125,13032.349609375,12485.25,5756.9501953125,432.70001220703125,23185.25,5192.39990234375,3916.0,19325.349609375,23213.5,1684.199951171875,5675.7001953125
2023-04-21,17624.05078125,42118.0,26822.099609375,46669.69921875,12898.75,12545.75,5677.89990234375,423.5,23185.44921875,5170.0498046875,3883.0,19245.30078125,23206.80078125,1706.6500244140625,5645.0498046875
2023-04-24,17743.400390625,42635.75,27013.650390625,46943.05078125,12893.349609375,12454.349609375,5703.2998046875,428.0,23207.400390625,5194.0,3984.199951171875,19299.849609375,23406.80078125,1684.300048828125,5669.25
2023-04-25,17769.25,42678.5,26985.80078125,47051.8515625,12904.5498046875,12456.599609375,5738.25,430.1000061035156,23385.75,5226.5498046875,4036.35009765625,19404.849609375,23419.75,1672.25,5686.89990234375
2023-04-26,17813.599609375,42829.8984375,27065.0,47387.5,12972.75,12457.849609375,5713.2001953125,435.95001220703125,23365.80078125,5246.5,4057.449951171875,19559.349609375,23478.5,1675.5,5678.64990234375
2023-04-27,17915.05078125,43000.8515625,27355.25,47360.1484375,13071.7998046875,12519.349609375,5753.75,442.6000061035156,23443.650390625,5279.10009765625,4068.0,19593.099609375,23603.44921875,1684.3499755859375,5712.7998046875
2023-04-28,18065.0,43233.8984375,27708.19921875,47814.1015625,13189.25,12613.9501953125,5799.39990234375,445.1000061035156,23734.55078125,5356.2001953125,4167.64990234375,19811.55078125,23733.75,1714.8499755859375,5781.64990234375
2023-05-02,18147.650390625,43352.1015625,28025.0,47750.19921875,13283.150390625,12590.2998046875,5882.0,444.95001220703125,24046.94921875,5387.2001953125,4184.10009765625,19854.25,23828.94921875,1723.0999755859375,5845.25
2023-05-03,18089.849609375,43312.69921875,27743.75,48120.6484375,13278.599609375,12586.7998046875,5824.25,446.20001220703125,23901.150390625,5363.60009765625,4143.2001953125,19905.75,23734.69921875,1727.9000244140625,5828.39990234375
2023-05-04,18255.80078125,43685.44921875,27883.19921875,48057.3515625,13292.5498046875,12654.650390625,5895.0498046875,446.3999938964844,24042.400390625,5396.14990234375,4194.35009765625,20018.05078125,24009.349609375,1737.949951171875,5861.2001953125
2023-05-05,18069.0,42661.19921875,27719.94921875,48186.1484375,13345.7998046875,12608.349609375,5807.0498046875,445.04998779296875,23946.75,5405.89990234375,4153.60009765625,20102.400390625,23574.94921875,1707.6500244140625,5823.4501953125
2023-05-08,18264.400390625,43284.0,27920.94921875,48538.44921875,13584.25,12663.099609375,5845.64990234375,452.3500061035156,24129.650390625,5454.0,4115.10009765625,20236.30078125,23864.69921875,1697.449951171875,5875.14990234375
2023-05-09,18265.94921875,43198.1484375,28125.5,48369.1015625,13648.5,12716.7001953125,5836.85009765625,448.5,24099.099609375,5454.5,4001.800048828125,20238.94921875,23864.099609375,1693.550048828125,5867.5
2023-05-10,18315.099609375,43331.05078125,28091.75,48643.3515625,13750.849609375,12716.900390625,5822.10009765625,452.3500061035156,24268.94921875,5480.5498046875,3959.300048828125,20345.05078125,23926.30078125,1716.550048828125,5880.64990234375
2023-05-11,18297.0,43475.30078125,28102.0,48865.0,13803.75,12557.0498046875,5797.2998046875,454.5,24316.5,5442.7998046875,3967.60009765625,20511.25,23982.19921875,1720.75,5877.7998046875
2023-05-12,18314.80078125,43793.55078125,28028.400390625,48950.75,13910.5,12486.7001953125,5690.89990234375,452.8999938964844,24040.19921875,5408.89990234375,3975.89990234375,20535.849609375,24023.849609375,1701.449951171875,5816.5
2023-05-15,18398.849609375,44072.1015625,28165.400390625,49506.55078125,14007.849609375,12487.400390625,5701.75,472.45001220703125,24040.19921875,5436.89990234375,4020.800048828125,20580.849609375,24095.599609375,1736.550048828125,5817.9501953125
2023-05-16,18286.5,43903.69921875,28216.0,49406.1015625,13877.7001953125,12454.5,5683.4501953125,472.1000061035156,24027.80078125,5411.64990234375,4049.699951171875,20575.900390625,23956.69921875,1712.5999755859375,5818.0
2023-05-17,18181.75,43698.69921875,27942.94921875,49434.0,13889.900390625,12398.5498046875,5632.85009765625,465.79998779296875,23901.150390625,5397.2001953125,4035.800048828125,20587.400390625,23758.94921875,1676.8499755859375,5786.2998046875
2023-05-18,18129.94921875,43752.30078125,27892.55078125,48889.30078125,13767.7001953125,12241.349609375,5601.64990234375,454.75,23692.150390625,5348.0498046875,3959.14990234375,20450.69921875,23768.69921875,1662.9000244140625,5734.5
2023-05-19,18203.400390625,43969.3984375,28303.650390625,48874.25,13863.5498046875,12124.25,5618.0498046875,458.70001220703125,23723.349609375,5361.5,3971.550048828125,20396.599609375,23913.650390625,1666.550048828125,5749.9501953125
2023-05-22,18314.400390625,43885.1015625,29007.30078125,49052.25,13890.5,12244.2001953125,5797.5,461.95001220703125,23898.19921875,5401.0,3991.550048828125,20364.349609375,24033.75,1665.0,5795.39990234375
2023-05-23,18348.0,43954.44921875,28873.69921875,49118.80078125,13982.599609375,12314.2001953125,5947.7001953125,461.6000061035156,24028.44921875,5396.75,4007.800048828125,20369.05078125,24066.30078125,1683.6500244140625,5819.7998046875
2023-05-24,18285.400390625,43677.8515625,28890.80078125,49355.25,13989.599609375,12440.4501953125,5855.14990234375,461.54998779296875,24085.25,5379.5498046875,3987.300048828125,20352.0,23960.69921875,1692.949951171875,5808.89990234375
2023-05-25,18321.150390625,43681.3984375,28928.75,49657.0,14029.5,12455.5,5872.5498046875,466.70001220703125,24071.69921875,5415.7001953125,3969.25,20419.55078125,23983.099609375,1692.0,5800.64990234375
2023-05-26,18499.349609375,44018.0,29355.900390625,50388.0,14130.4501953125,12601.5498046875,5935.39990234375,472.54998779296875,24238.900390625,5459.89990234375,4017.199951171875,20667.75,24151.94921875,1729.949951171875,5860.7001953125
2023-05-29,18598.650390625,44311.8984375,29240.19921875,50626.3984375,14219.599609375,12624.2001953125,5991.2001953125,476.20001220703125,24261.30078125,5475.0,4040.64990234375,20676.94921875,24271.55078125,1738.449951171875,5903.75
2023-05-30,18633.849609375,44436.3515625,29297.650390625,50927.19921875,14177.849609375,12604.7001953125,5936.5498046875,475.20001220703125,24218.150390625,5473.25,4039.449951171875,20743.900390625,24321.5,1750.3499755859375,5898.75
2023-05-31,18534.400390625,44128.1484375,29319.75,51042.75,14199.0,12678.400390625,5890.0498046875,478.79998779296875,23875.55078125,5459.7998046875,4029.699951171875,20801.400390625,24192.099609375,1755.8499755859375,5845.39990234375
2023-06-01,18487.75,43790.19921875,29446.25,50998.94921875,14257.0,12812.7998046875,5884.2001953125,484.0,23825.30078125,5446.75,4053.60009765625,20835.80078125,24115.55078125,1768.25,5828.35009765625
2023-06-02,18534.099609375,43937.8515625,29328.150390625,51288.6484375,14388.599609375,12900.599609375,5956.0,490.8500061035156,23785.69921875,5472.39990234375,4093.199951171875,20986.55078125,24117.349609375,1784.5,5860.60009765625
2023-06-05,18593.849609375,44101.6484375,29238.75,51058.3984375,14570.25,12934.5,5975.89990234375,492.54998779296875,23901.69921875,5495.75,4075.39990234375,21031.599609375,24170.5,1800.1500244140625,5886.75
2023-06-06,18599.0,44164.55078125,28689.05078125,51038.3984375,14729.5,13012.900390625,5967.4501953125,498.3999938964844,23867.30078125,5521.9501953125,4067.449951171875,21121.400390625,24107.05078125,1797.550048828125,5918.2001953125
2023-06-07,18726.400390625,44275.30078125,28913.69921875,51609.3984375,14819.4501953125,13045.650390625,6057.75,506.29998779296875,24125.150390625,5583.2998046875,4096.89990234375,21414.19921875,24234.0,1805.699951171875,5986.75
2023-06-08,18634.55078125,43995.25,28591.099609375,51143.5,14692.0,12911.349609375,6067.7001953125,498.25,24215.0,5570.9501953125,4084.800048828125,21249.650390625,24106.650390625,1778.25,5966.2998046875
2023-06-09,18563.400390625,43989.0,28355.349609375,50674.8515625,14626.0,12861.0498046875,6039.35009765625,498.45001220703125,24169.5,5574.25,4035.300048828125,21228.099609375,24052.099609375,1763.5,5928.4501953125
2023-06-12,18601.5,43944.19921875,28784.0,50762.55078125,14673.849609375,12856.0498046875,6076.2998046875,505.5,24269.05078125,5588.2998046875,4054.60009765625,21279.19921875,24127.599609375,1783.5,5959.10009765625
2023-06-13,18716.150390625,44079.8515625,28899.30078125,51462.69921875,14658.2998046875,12993.75,6127.64990234375,520.7000122070312,24399.19921875,5624.2998046875,4062.949951171875,21480.05078125,24197.30078125,1815.25,6008.35009765625
2023-06-14,18755.900390625,43988.0,28855.05078125,51767.8984375,14682.7001953125,12976.7998046875,6214.75,522.1500244140625,24638.599609375,5662.64990234375,4064.300048828125,21609.19921875,24160.75,1805.0,6073.2998046875
2023-06-15,18688.099609375,43443.6015625,28699.0,52046.44921875,14707.849609375,13160.599609375,6203.0498046875,518.2000122070312,24633.349609375,5668.5,3983.550048828125,21616.849609375,23983.44921875,1786.9000244140625,6066.5
2023-06-16,18826.0,43938.1484375,28588.80078125,52440.19921875,14768.4501953125,13241.9501953125,6231.5,517.0999755859375,24733.150390625,5702.10009765625,4041.550048828125,21782.650390625,24184.400390625,1806.199951171875,6095.85009765625
2023-06-19,18755.44921875,43633.75,28708.30078125,52123.8515625,14676.7001953125,13264.650390625,6203.5,513.3499755859375,24539.099609375,5661.0,4080.35009765625,21729.400390625,24131.099609375,1790.0999755859375,6066.10009765625
2023-06-20,18816.69921875,43766.5,28930.80078125,52164.69921875,14785.650390625,13238.849609375,6246.64990234375,515.8499755859375,24659.0,5680.10009765625,4090.60009765625,21782.30078125,24247.69921875,1768.300048828125,6080.85009765625
2023-06-21,18856.849609375,43859.19921875,29025.69921875,51934.25,14777.7001953125,13247.7001953125,6187.75,514.1500244140625,24865.44921875,5709.5,4108.5498046875,21729.150390625,24384.25,1777.949951171875,6079.89990234375
2023-06-22,18771.25,43724.8515625,28811.150390625,51557.80078125,14702.099609375,13166.849609375,6190.9501953125,510.04998779296875,24607.900390625,5672.25,4040.10009765625,21518.900390625,24284.80078125,1778.699951171875,6031.5498046875
2023-06-23,18665.5,43622.8984375,28554.30078125,51283.75,14550.2001953125,13186.2998046875,6037.2001953125,506.8999938964844,24332.19921875,5620.35009765625,3992.25,21373.25,24178.599609375,1740.8499755859375,5944.75
2023-06-26,18691.19921875,43641.05078125,28590.099609375,51635.0,14717.849609375,13388.599609375,6083.10009765625,508.54998779296875,24226.650390625,5609.39990234375,3984.89990234375,21560.25,24192.650390625,1742.4000244140625,5955.5
2023-06-27,18817.400390625,44121.5,28800.150390625,51598.6015625,14729.900390625,13426.900390625,6127.64990234375,514.8499755859375,24284.849609375,5634.85009765625,4025.699951171875,21572.150390625,24442.69921875,1753.5,5974.4501953125
2023-06-28,18972.099609375,44327.80078125,28843.0,51893.3984375,14840.5498046875,13622.75,6211.0498046875,517.25,24554.44921875,5698.64990234375,4027.35009765625,21719.5,24596.349609375,1741.699951171875,6020.14990234375
2023-06-30,19189.05078125,44747.3515625,29563.0,52194.75,15147.650390625,13767.5,6209.10009765625,520.0,24696.5,5738.7001953125,4110.2001953125,21839.55078125,24873.150390625,1743.800048828125,6034.25
2023-07-03,19322.55078125,45158.1015625,29424.80078125,52741.5,15106.849609375,13614.0,6275.4501953125,523.9000244140625,25020.900390625,5784.7998046875,4258.5498046875,21779.05078125,25000.69921875,1752.75,6108.9501953125
2023-07-04,19389.0,45301.44921875,29729.849609375,52814.80078125,15035.0498046875,13675.4501953125,6275.2001953125,522.9500122070312,24940.19921875,5753.14990234375,4339.0,21742.55078125,25169.599609375,1767.1500244140625,6094.39990234375
2023-07-05,19398.5,45151.80078125,29841.849609375,53776.19921875,15281.900390625,13772.0,6292.2998046875,525.9000244140625,25034.80078125,5776.14990234375,4383.60009765625,22031.400390625,25061.69921875,1793.5,6103.60009765625
2023-07-06,19497.30078125,45339.8984375,29805.19921875,53765.6484375,15453.7001953125,13871.599609375,6325.35009765625,537.75,25575.25,5856.14990234375,4415.64990234375,22122.75,25123.05078125,1824.199951171875,6163.2001953125
2023-07-07,19331.80078125,44925.0,29560.44921875,52942.44921875,15498.849609375,13769.0,6279.25,531.4000244140625,25331.400390625,5794.2001953125,4459.10009765625,21883.94921875,24877.75,1895.550048828125,6098.7998046875
2023-07-10,19355.900390625,44860.8515625,29194.75,52536.1484375,15403.2001953125,13751.7998046875,6385.10009765625,526.9000244140625,25496.900390625,5829.39990234375,4433.5,21735.400390625,24799.05078125,1877.550048828125,6131.64990234375
2023-07-11,19439.400390625,44745.05078125,29324.80078125,53184.3984375,15617.4501953125,13895.400390625,6369.10009765625,526.8499755859375,25720.150390625,5888.25,4425.25,21962.69921875,24799.849609375,1881.0,6129.39990234375
2023-07-12,19384.30078125,44639.44921875,29118.05078125,53279.5,15614.900390625,13936.7001953125,6363.25,528.2000122070312,25700.650390625,5882.25,4462.0,22018.650390625,24706.25,1889.8499755859375,6127.60009765625
2023-07-13,19413.75,44665.05078125,29628.19921875,53029.94921875,15519.7001953125,13876.5498046875,6379.7001953125,533.5999755859375,25334.400390625,5829.25,4355.64990234375,21897.69921875,24861.349609375,1854.3499755859375,6091.75
2023-07-14,19564.5,44819.30078125,30945.5,53453.69921875,15576.099609375,13945.650390625,6469.4501953125,539.7999877929688,25332.5,5842.39990234375,4390.2998046875,22089.150390625,25136.25,1927.4000244140625,6128.2001953125
2023-07-17,19711.44921875,45449.75,31041.599609375,53471.6015625,15526.7998046875,14053.7001953125,6500.5498046875,539.6500244140625,25521.400390625,5870.0,4489.14990234375,22197.849609375,25342.75,1988.1500244140625,6161.2001953125
2023-07-18,19749.25,45410.8515625,31371.150390625,53340.6484375,15513.7998046875,14017.150390625,6446.75,535.0499877929688,25612.75,5868.4501953125,4433.9501953125,22159.05078125,25413.400390625,1951.550048828125,6140.10009765625
2023-07-19,19833.150390625,45669.30078125,31353.55078125,53517.30078125,15513.150390625,14092.599609375,6474.5498046875,536.1500244140625,25820.69921875,5910.7001953125,4520.4501953125,22182.75,25502.30078125,1973.5999755859375,6178.75
2023-07-20,19979.150390625,46186.8984375,31145.94921875,54239.69921875,15577.0,14299.0498046875,6485.25,536.2999877929688,26003.0,5940.64990234375,4553.0498046875,22204.44921875,25635.05078125,1974.8499755859375,6193.9501953125
2023-07-21,19745.0,46075.19921875,29871.05078125,53697.44921875,15590.349609375,14274.0,6442.2998046875,536.0999755859375,25843.099609375,5937.35009765625,4564.25,22170.5,25302.349609375,1984.1500244140625,6152.7998046875
2023-07-24,19672.349609375,45923.05078125,29843.44921875,52771.69921875,15617.5498046875,14332.0498046875,6395.5498046875,537.1500244140625,25749.900390625,5937.5,4569.0,22065.599609375,25279.599609375,1980.5,6130.85009765625
2023-07-25,19680.599609375,45845.0,29761.150390625,52315.94921875,15765.599609375,14383.25,6583.64990234375,535.0,26078.75,5948.10009765625,4502.10009765625,22095.25,25356.150390625,2010.5,6232.60009765625
2023-07-26,19778.30078125,46062.3515625,29800.400390625,52865.30078125,15763.25,14478.349609375,6604.9501953125,541.3499755859375,26293.75,6012.2998046875,4569.5498046875,22188.400390625,25393.349609375,2029.1500244140625,6270.4501953125
2023-07-27,19659.900390625,45679.30078125,29745.0,52499.8984375,15572.0,14919.9501953125,6581.5498046875,552.8499755859375,26097.69921875,6003.39990234375,4592.2001953125,22190.19921875,25247.400390625,2024.5999755859375,6230.2998046875
2023-07-28,19646.05078125,45468.1015625,29490.25,52964.05078125,15537.900390625,14962.5498046875,6640.7998046875,562.9500122070312,26433.69921875,6052.89990234375,4605.85009765625,22364.150390625,25144.099609375,2052.550048828125,6278.5
2023-07-31,19753.80078125,45651.1015625,29928.44921875,52636.8515625,15708.0498046875,14992.150390625,6758.2001953125,566.75,26853.650390625,6115.35009765625,4620.5498046875,22491.0,25294.099609375,2061.5,6360.25
2023-08-01,19733.55078125,45592.5,30288.650390625,52501.1484375,15688.7001953125,15001.2998046875,6770.14990234375,556.7000122070312,26783.44921875,6076.5498046875,4596.39990234375,22440.75,25324.25,2058.699951171875,6405.0498046875
2023-08-02,19526.55078125,44995.69921875,30043.599609375,52368.69921875,15428.900390625,14943.400390625,6633.4501953125,548.4000244140625,26352.349609375,5997.0498046875,4476.4501953125,22257.94921875,25027.400390625,2026.449951171875,6306.5498046875
2023-08-03,19381.650390625,44513.44921875,29971.150390625,52062.3515625,15379.7998046875,15099.2001953125,6602.2001953125,538.6500244140625,26221.849609375,5973.2998046875,4450.25,22105.55078125,24826.05078125,2044.8499755859375,6267.4501953125
2023-08-04,19517.0,44879.5,30436.099609375,52050.6484375,15328.400390625,15241.0,6622.89990234375,539.1500244140625,26252.05078125,6010.5,4419.10009765625,22042.94921875,25057.349609375,2047.4000244140625,6278.7001953125
2023-08-07,19597.30078125,44837.5,30779.25,52072.5,15390.900390625,15479.25,6622.14990234375,542.2999877929688,26266.30078125,6029.0498046875,4392.7998046875,22044.25,25131.80078125,2043.3499755859375,6284.0498046875
2023-08-08,19570.849609375,44964.44921875,30824.94921875,51924.3984375,15343.650390625,15578.5,6544.7998046875,541.3499755859375,26174.650390625,6006.35009765625,4540.7998046875,22020.44921875,25156.400390625,2058.39990234375,6262.0
2023-08-09,19632.55078125,44880.69921875,30940.05078125,52206.19921875,15486.2001953125,15696.849609375,6677.85009765625,534.6500244140625,26328.150390625,6026.39990234375,4536.2001953125,22007.30078125,25133.849609375,2101.699951171875,6314.7001953125
2023-08-10,19543.099609375,44541.80078125,30867.0,51728.6484375,15444.7998046875,15580.7001953125,6723.2998046875,533.25,26418.94921875,6014.89990234375,4499.5,21884.55078125,24982.75,2241.050048828125,6307.2998046875
2023-08-11,19428.30078125,44199.1015625,30819.150390625,51351.69921875,15378.099609375,15355.5,6688.85009765625,531.1500244140625,26367.75,6002.7001953125,4555.75,21743.150390625,24794.599609375,2200.10009765625,6286.14990234375
2023-08-14,19434.55078125,44090.94921875,31028.900390625,51604.3984375,15327.4501953125,15305.400390625,6545.9501953125,527.6500244140625,26375.599609375,5995.0498046875,4523.4501953125,21609.349609375,24754.55078125,2219.14990234375,6216.60009765625
2023-08-16,19465.0,43946.3984375,31212.099609375,51815.3984375,15425.0,15398.7998046875,6484.10009765625,533.4500122070312,26541.75,6016.25,4528.64990234375,21662.69921875,24770.099609375,2245.800048828125,6225.0498046875
2023-08-17,19365.25,43891.3515625,31060.19921875,51353.75,15399.25,15358.4501953125,6480.5,534.0999755859375,26266.94921875,5978.75,4593.4501953125,21679.19921875,24687.900390625,2236.89990234375,6193.35009765625
2023-08-18,19310.150390625,43851.05078125,30604.05078125,51464.75,15391.75,15271.5,6493.7001953125,530.2000122070312,26302.19921875,5975.25,4603.85009765625,21684.44921875,24571.650390625,2251.550048828125,6181.7998046875
2023-08-21,19393.599609375,44002.0,30937.599609375,51799.0,15427.599609375,15333.349609375,6578.39990234375,535.4500122070312,26462.349609375,6008.9501953125,4574.5,21797.44921875,24769.099609375,2245.050048828125,6235.2998046875
2023-08-22,19396.44921875,43993.25,30902.400390625,52141.6484375,15507.900390625,15302.599609375,6634.39990234375,536.5999755859375,26522.099609375,6024.64990234375,4552.25,21862.099609375,24756.400390625,2258.35009765625,6251.14990234375
2023-08-23,19444.0,44479.05078125,30924.099609375,51888.30078125,15498.099609375,15282.5,6625.5498046875,538.9000244140625,26370.19921875,6023.10009765625,4630.4501953125,21889.0,24860.94921875,2273.699951171875,6243.39990234375
2023-08-24,19386.69921875,44496.19921875,31112.150390625,52036.75,15459.2998046875,15193.150390625,6602.85009765625,540.0,26171.30078125,5989.7001953125,4600.5,21962.05078125,24874.400390625,2277.85009765625,6227.2001953125
2023-08-25,19265.80078125,44231.44921875,30914.55078125,51506.80078125,15363.599609375,15025.2001953125,6519.35009765625,532.9500122070312,25981.599609375,5938.35009765625,4530.89990234375,21768.5,24753.849609375,2265.85009765625,6172.35009765625
2023-08-28,19306.05078125,44494.6484375,30773.599609375,51390.80078125,15475.25,15161.7998046875,6533.2998046875,537.9500122070312,26015.80078125,5969.35009765625,4564.89990234375,21822.900390625,24836.44921875,2273.550048828125,6190.2998046875
2023-08-29,19342.650390625,44495.25,30866.05078125,51223.05078125,15578.900390625,15121.099609375,6616.7001953125,547.0499877929688,26056.650390625,5981.14990234375,4542.4501953125,21862.30078125,24887.599609375,2291.10009765625,6258.0
2023-08-30,19347.44921875,44232.6015625,31103.900390625,51513.55078125,15678.099609375,15125.5,6677.7998046875,554.7999877929688,25959.05078125,5984.85009765625,4527.4501953125,21975.599609375,24838.599609375,2302.25,6270.9501953125
2023-08-31,19253.80078125,43989.1484375,31164.900390625,51092.6484375,15670.25,15095.900390625,6659.35009765625,558.4000244140625,25722.94921875,5947.0,4467.2001953125,21926.650390625,24709.19921875,2293.10009765625,6227.5
2023-09-01,19435.30078125,44436.1015625,31514.349609375,51240.5,15928.2998046875,15011.7998046875,6851.0,563.6500244140625,26332.900390625,6016.0498046875,4538.7001953125,22038.849609375,24977.19921875,2296.10009765625,6353.35009765625
2023-09-04,19528.80078125,44578.30078125,32163.94921875,51171.75,15943.599609375,15052.599609375,7007.0498046875,570.1500244140625,26633.05078125,6064.14990234375,4648.7998046875,22127.400390625,25124.400390625,2332.699951171875,6475.7001953125
2023-09-05,19574.900390625,44532.1484375,32365.30078125,51548.44921875,15942.75,15218.25,7039.14990234375,576.2000122070312,26743.0,6088.2998046875,4683.10009765625,22215.349609375,25141.599609375,2407.14990234375,6494.35009765625
2023-09-06,19611.05078125,44409.1015625,32312.30078125,52064.8515625,15921.25,15355.2998046875,6983.7001953125,570.6500244140625,26819.900390625,6108.39990234375,4636.14990234375,22307.099609375,25184.5,2411.89990234375,6486.89990234375
2023-09-07,19727.05078125,44878.3515625,32448.349609375,51853.1015625,15995.849609375,15306.150390625,6981.14990234375,579.0999755859375,27062.849609375,6158.25,4691.2998046875,22318.44921875,25353.75,2438.25,6524.89990234375
2023-09-08,19819.94921875,45156.3984375,32415.650390625,51778.30078125,16102.900390625,15250.5498046875,6977.89990234375,591.4000244140625,27438.05078125,6229.14990234375,4706.39990234375,22399.849609375,25490.349609375,2414.60009765625,6563.64990234375
2023-09-11,19996.349609375,45570.69921875,32642.80078125,52239.05078125,16374.9501953125,15309.9501953125,7104.39990234375,596.5999755859375,27716.599609375,6284.10009765625,4853.85009765625,22608.400390625,25726.400390625,2406.75,6628.25
2023-09-12,19993.19921875,45511.3515625,32977.8984375,52065.8984375,16070.0498046875,15328.650390625,6914.5498046875,577.25,27025.099609375,6208.5,4738.14990234375,22276.400390625,25783.849609375,2303.300048828125,6505.4501953125
2023-09-13,20070.0,45909.44921875,32886.69921875,52223.6484375,15995.9501953125,15448.9501953125,6943.64990234375,581.1500244140625,27275.349609375,6244.5,4938.5498046875,22208.44921875,25881.400390625,2338.449951171875,6561.9501953125
2023-09-14,20103.099609375,46000.8515625,33045.3984375,52143.19921875,16169.650390625,15489.2998046875,7046.89990234375,589.25,27420.55078125,6281.89990234375,5019.64990234375,22306.349609375,25918.25,2329.14990234375,6614.39990234375
2023-09-15,20192.349609375,46231.5,33355.05078125,51895.1484375,16425.80078125,15583.5498046875,7035.7998046875,586.9500122070312,27338.150390625,6283.35009765625,5046.25,22338.05078125,26075.75,2326.85009765625,6611.9501953125
2023-09-18,20133.30078125,45979.8515625,33129.5,52198.6015625,16563.900390625,15503.4501953125,6957.7998046875,578.9000244140625,27536.19921875,6268.9501953125,5217.2998046875,22326.80078125,25929.80078125,2297.25,6590.0
2023-09-20,19901.400390625,45384.6015625,32949.19921875,51924.1484375,16479.69921875,15460.2001953125,6844.0498046875,572.1500244140625,27440.30078125,6211.0,5155.9501953125,22146.849609375,25616.599609375,2291.35009765625,6514.2001953125
2023-09-21,19742.349609375,44623.8515625,32919.94921875,51672.6484375,16200.400390625,15306.7001953125,6806.60009765625,565.25,27226.599609375,6185.2998046875,5038.25,22024.30078125,25380.69921875,2292.0,6477.5
2023-09-22,19674.25,44612.05078125,32906.30078125,51608.5,16234.349609375,15069.099609375,6761.7998046875,561.5,27102.400390625,6162.35009765625,5215.0498046875,22046.349609375,25270.69921875,2292.050048828125,6438.4501953125
2023-09-25,19674.55078125,44766.1015625,32648.599609375,51642.44921875,16221.5498046875,15017.400390625,6754.25,570.0499877929688,27105.5,6168.5,5223.2998046875,22074.94921875,25292.849609375,2275.300048828125,6449.7001953125
2023-09-26,19664.69921875,44624.19921875,32471.0,51912.8515625,16278.25,14981.650390625,6775.2998046875,571.7999877929688,27134.400390625,6180.2001953125,5190.0,22111.94921875,25227.599609375,2255.64990234375,6470.7001953125
2023-09-27,19716.44921875,44588.30078125,32594.650390625,52329.5,16283.400390625,15159.7998046875,6777.2998046875,576.0,27231.44921875,6220.10009765625,5233.0498046875,22174.150390625,25216.05078125,2256.14990234375,6469.2998046875
2023-09-28,19523.55078125,44300.94921875,31879.599609375,51329.1015625,16092.2001953125,15023.150390625,6712.0,570.4000244140625,27062.75,6186.2001953125,5173.7998046875,21777.80078125,25024.0,2224.550048828125,6387.7998046875
2023-09-29,19638.30078125,44584.55078125,31784.400390625,51602.6484375,16184.400390625,15422.75,6839.2998046875,575.6500244140625,27321.75,6242.85009765625,5258.2998046875,21962.80078125,25124.900390625,2268.199951171875,6487.0498046875
2023-10-03,19528.75,44399.05078125,31717.25,51320.8515625,15990.599609375,15281.2998046875,6798.0,578.2999877929688,26973.05078125,6233.2998046875,5383.25,21871.400390625,25038.0,2290.89990234375,6429.5
2023-10-04,19436.099609375,43964.05078125,31811.5,51435.75,15782.599609375,15067.150390625,6725.9501953125,568.2999877929688,26738.44921875,6171.7001953125,5230.89990234375,21823.19921875,24928.650390625,2251.5,6341.5
2023-10-05,19545.75,44213.3515625,32125.400390625,51384.55078125,15916.099609375,15021.400390625,6709.10009765625,569.9500122070312,26688.25,6209.5498046875,5204.2998046875,21901.650390625,25077.900390625,2287.14990234375,6339.75
2023-10-06,19653.5,44360.6015625,32341.69921875,51577.8984375,15990.650390625,15128.4501953125,6744.39990234375,587.5,26731.650390625,6230.2001953125,5218.25,21989.599609375,25231.94921875,2286.75,6363.0
2023-10-09,19512.349609375,43886.5,32308.55078125,51502.8515625,15832.849609375,15103.849609375,6647.14990234375,582.8499755859375,26472.94921875,6170.2001953125,5057.14990234375,21872.0,25029.75,2236.85009765625,6288.39990234375
2023-10-10,19689.849609375,44360.1484375,32569.44921875,51803.94921875,16028.7001953125,15106.7001953125,6783.14990234375,606.2000122070312,26751.900390625,6231.0498046875,5162.5498046875,22054.69921875,25284.599609375,2259.35009765625,6374.4501953125
2023-10-11,19811.349609375,44516.8984375,32548.05078125,52254.44921875,16175.7998046875,15176.599609375,6812.14990234375,611.2999877929688,27002.5,6288.10009765625,5124.89990234375,22225.349609375,25389.75,2278.75,6445.9501953125
2023-10-12,19794.0,44599.19921875,32003.650390625,52363.94921875,16301.7001953125,15186.2001953125,6863.0498046875,610.2000122070312,27176.05078125,6303.5,5120.2998046875,22322.400390625,25307.55078125,2347.5,6475.39990234375
2023-10-13,19751.05078125,44287.94921875,31807.94921875,52520.69921875,16444.94921875,15235.0498046875,6820.7998046875,612.7999877929688,27201.349609375,6310.25,5048.9501953125,22345.599609375,25184.599609375,2319.85009765625,6460.7001953125
2023-10-16,19731.75,44225.8984375,31750.400390625,52401.94921875,16519.349609375,15164.75,6882.7998046875,610.7000122070312,27258.05078125,6309.89990234375,5085.5498046875,22319.349609375,25137.19921875,2314.449951171875,6482.2001953125
2023-10-17,19811.5,44409.5,31794.900390625,52665.30078125,16522.75,15211.9501953125,6902.0,610.9000244140625,27510.25,6327.7001953125,5113.25,22335.150390625,25277.80078125,2316.85009765625,6515.0498046875
2023-10-18,19671.099609375,43888.69921875,31606.650390625,52442.05078125,16535.400390625,15331.2998046875,6863.39990234375,608.0499877929688,27246.400390625,6274.85009765625,5027.9501953125,22216.55078125,25035.849609375,2323.14990234375,6466.10009765625
2023-10-19,19624.69921875,43754.5,31540.05078125,52516.3515625,16618.0,15273.400390625,6803.2998046875,605.9000244140625,27089.05078125,6260.39990234375,5029.25,22289.849609375,24926.5,2326.300048828125,6448.2001953125
2023-10-20,19542.650390625,43723.05078125,31469.349609375,51823.3515625,16497.849609375,15107.150390625,6712.75,599.3499755859375,26955.69921875,6208.5,4950.2001953125,22108.5,24928.349609375,2304.10009765625,6381.7998046875
2023-10-23,19281.75,43151.19921875,30848.400390625,51421.6484375,16277.849609375,14911.650390625,6494.0,584.4000244140625,26449.650390625,6108.0498046875,4763.7998046875,21776.55078125,24598.599609375,2189.449951171875,6230.25
2023-10-25,19122.150390625,42832.0,30530.5,51216.8515625,16210.4501953125,14800.150390625,6503.64990234375,578.7999877929688,26328.5,6055.60009765625,4772.0498046875,21774.25,24333.400390625,2153.0,6206.64990234375
2023-10-26,18857.25,42280.1484375,30225.650390625,50941.1015625,15953.0498046875,14648.5498046875,6398.0498046875,571.8499755859375,26045.0,5976.5,4726.25,21524.05078125,24008.80078125,2125.699951171875,6128.4501953125
2023-10-27,19047.25,42782.0,30599.69921875,51395.0,16169.150390625,14738.5,6453.10009765625,583.0,26522.650390625,6049.39990234375,4920.5498046875,21741.05078125,24274.19921875,2180.5,6202.0498046875
2023-10-30,19140.900390625,43039.1484375,30641.0,51180.69921875,16023.4501953125,14775.599609375,6467.9501953125,595.4500122070312,26840.900390625,6115.10009765625,4927.39990234375,21684.75,24402.650390625,2179.300048828125,6249.7001953125
2023-10-31,19079.599609375,42845.94921875,30582.25,51262.6015625,15916.2001953125,14683.650390625,6452.4501953125,603.0,26785.05078125,6095.39990234375,4934.39990234375,21713.25,24331.94921875,2199.050048828125,6260.89990234375
2023-11-01,18989.150390625,42700.94921875,30344.849609375,51087.80078125,15835.650390625,14735.25,6359.89990234375,612.3499755859375,26679.19921875,6070.0498046875,4950.0498046875,21573.44921875,24200.69921875,2218.449951171875,6208.35009765625
2023-11-02,19133.25,43017.19921875,30582.75,51589.0,15948.650390625,14834.4501953125,6448.9501953125,627.7999877929688,26960.80078125,6140.89990234375,5024.2998046875,21817.5,24377.69921875,2236.0,6293.7998046875
2023-11-03,19230.599609375,43318.25,30779.94921875,51901.5,16045.400390625,14882.349609375,6479.14990234375,643.75,27085.80078125,6175.2998046875,5055.35009765625,21897.44921875,24527.05078125,2266.75,6329.60009765625
2023-11-06,19411.75,43619.3984375,30972.94921875,52075.69921875,16172.75,15072.2998046875,6567.10009765625,651.5,27448.900390625,6251.5498046875,5000.4501953125,22015.30078125,24749.900390625,2282.0,6421.75
2023-11-07,19406.69921875,43737.8984375,30981.599609375,52130.0,16143.75,15271.75,6576.85009765625,642.7999877929688,27508.349609375,6253.2001953125,5023.5,22060.05078125,24773.5,2267.300048828125,6440.0
2023-11-08,19443.5,43658.6484375,30917.19921875,52455.19921875,16220.7998046875,15497.25,6626.2998046875,652.5499877929688,27622.849609375,6291.75,5022.0498046875,22231.30078125,24729.30078125,2265.699951171875,6481.7001953125
2023-11-09,19395.30078125,43683.6015625,30717.69921875,51983.0,16355.2998046875,15491.849609375,6599.64990234375,660.5999755859375,27541.80078125,6279.7001953125,5012.10009765625,22077.400390625,24659.55078125,2260.25,6462.85009765625
2023-11-10,19425.349609375,43820.1015625,30639.05078125,52076.05078125,16286.7001953125,15516.5,6646.0498046875,662.0999755859375,27738.0,6309.5498046875,5025.5,22076.599609375,24715.5,2232.449951171875,6502.5498046875
2023-11-13,19443.55078125,43891.25,30635.849609375,52025.6015625,16365.2998046875,15497.150390625,6714.10009765625,663.4500122070312,28066.25,6324.39990234375,5177.85009765625,22057.099609375,24696.05078125,2237.800048828125,6547.85009765625
2023-11-15,19675.44921875,44201.69921875,31429.349609375,52383.44921875,16648.5,15516.25,6792.39990234375,683.0499877929688,28352.5,6393.0,5201.2001953125,22186.650390625,24989.400390625,2254.800048828125,6630.5
2023-11-16,19765.19921875,44161.55078125,32273.349609375,52305.75,16788.900390625,15651.099609375,6792.39990234375,689.3499755859375,28447.80078125,6411.2998046875,5188.89990234375,22260.0,25156.150390625,2273.25,6653.7998046875
2023-11-17,19731.80078125,43583.94921875,32191.349609375,52756.1015625,16905.5,15804.5,6803.89990234375,692.7000122070312,28312.650390625,6429.60009765625,5064.9501953125,22413.5,24999.30078125,2275.89990234375,6641.7998046875
2023-11-20,19694.0,43584.94921875,32383.19921875,52550.1015625,16777.30078125,15806.75,6771.5498046875,691.0,28287.19921875,6419.10009765625,5070.25,22420.349609375,24996.44921875,2262.14990234375,6619.4501953125
2023-11-21,19783.400390625,43689.1484375,32325.69921875,52466.19921875,16860.099609375,15968.900390625,6854.2001953125,698.7999877929688,28356.25,6438.7998046875,5052.5,22442.599609375,25084.94921875,2287.550048828125,6649.2998046875
2023-11-22,19811.849609375,43449.6015625,32564.400390625,52691.19921875,16972.19921875,16069.7998046875,6792.64990234375,693.9500122070312,28504.650390625,6451.60009765625,4995.0,22401.30078125,25098.150390625,2267.550048828125,6643.7001953125
2023-11-23,19802.0,43577.5,32370.650390625,52823.05078125,17033.55078125,15817.4501953125,6828.35009765625,701.0999755859375,28594.849609375,6452.39990234375,4994.14990234375,22465.25,25092.150390625,2278.14990234375,6670.10009765625
2023-11-24,19794.69921875,43769.1015625,32055.150390625,52576.8984375,17040.349609375,15954.5,6874.25,702.9500122070312,28558.75,6438.39990234375,4977.2001953125,22368.94921875,25082.94921875,2283.449951171875,6667.85009765625
2023-11-28,19889.69921875,43880.94921875,32118.5,52489.5,17202.75,15900.2998046875,7001.64990234375,706.9500122070312,29252.94921875,6507.2998046875,5044.35009765625,22439.44921875,25221.5,2288.85009765625,6795.64990234375
2023-11-29,20096.599609375,44566.44921875,32608.400390625,52725.44921875,17482.44921875,15990.099609375,7016.39990234375,703.4500122070312,29311.849609375,6543.0498046875,5097.0498046875,22526.30078125,25548.25,2285.85009765625,6814.5498046875
2023-11-30,20133.150390625,44481.75,32582.19921875,53013.80078125,17551.849609375,16238.900390625,7017.4501953125,713.5999755859375,29294.900390625,6585.60009765625,5041.0,22664.849609375,25596.349609375,2296.550048828125,6856.10009765625
2023-12-01,20267.900390625,44814.19921875,32598.69921875,53851.44921875,17489.05078125,16257.0498046875,7087.0,723.0499877929688,29559.75,6651.64990234375,5134.5498046875,22852.150390625,25725.19921875,2355.64990234375,6924.89990234375
2023-12-04,20686.80078125,46431.3984375,32665.55078125,54237.69921875,17687.25,16228.400390625,7202.60009765625,737.75,30330.5,6822.60009765625,5332.39990234375,23068.0,26382.25,2337.300048828125,7081.14990234375
2023-12-05,20855.099609375,47012.25,32479.150390625,54110.8984375,17792.099609375,16229.650390625,7423.39990234375,734.3499755859375,31311.900390625,6912.5,5407.4501953125,23246.25,26676.25,2323.75,7220.7998046875
2023-12-06,20937.69921875,46834.55078125,33022.6015625,54662.55078125,17788.400390625,16169.5498046875,7425.35009765625,732.2000122070312,31797.25,6950.4501953125,5441.7001953125,23292.0,26783.5,2372.699951171875,7275.2001953125
2023-12-07,20901.150390625,46841.3984375,32961.6015625,54173.1484375,17867.349609375,16294.2001953125,7369.85009765625,734.7999877929688,32188.80078125,6962.14990234375,5468.89990234375,23301.599609375,26805.099609375,2394.5,7309.89990234375
2023-12-08,20969.400390625,47262.0,33392.8984375,53636.3515625,17769.099609375,16163.150390625,7362.89990234375,738.7000122070312,31896.25,6951.25,5479.4501953125,23148.80078125,26994.94921875,2396.0,7267.5
2023-12-11,20997.099609375,47314.25,33514.25,53976.8984375,17852.30078125,16039.900390625,7439.7001953125,744.9500122070312,32023.05078125,6991.85009765625,5554.10009765625,23265.150390625,27033.599609375,2426.699951171875,7323.75
2023-12-12,20906.400390625,47097.55078125,33493.8984375,53837.0,17726.5,15963.5,7462.60009765625,731.9500122070312,31603.19921875,6943.10009765625,5554.9501953125,23083.099609375,26936.650390625,2440.949951171875,7283.4501953125
2023-12-13,20926.349609375,47092.25,33066.6484375,54215.3515625,17917.900390625,16142.400390625,7528.2001953125,743.7000122070312,31812.099609375,7015.35009765625,5595.0498046875,23237.400390625,26846.650390625,2450.800048828125,7317.9501953125
2023-12-14,21182.69921875,47732.30078125,34223.3515625,54361.44921875,18045.05078125,16155.7001953125,7574.25,772.5499877929688,32075.80078125,7082.14990234375,5628.0,23333.349609375,27309.69921875,2441.5,7397.35009765625
2023-12-15,21456.650390625,48143.55078125,35782.44921875,54186.19921875,18038.25,16179.7998046875,7735.35009765625,767.0499877929688,32580.650390625,7141.2998046875,5762.60009765625,23328.349609375,27695.849609375,2437.050048828125,7506.75
2023-12-18,21418.650390625,47867.69921875,35685.55078125,54017.05078125,18068.25,16332.150390625,7768.5498046875,759.7000122070312,32521.25,7158.2998046875,5720.35009765625,23485.25,27576.55078125,2465.75,7504.9501953125
2023-12-19,21453.099609375,47870.8984375,35345.0,54776.55078125,17932.69921875,16391.25,7716.64990234375,755.6500244140625,33036.1484375,7185.60009765625,5765.75,23579.099609375,27530.849609375,2447.449951171875,7543.2998046875
2023-12-20,21150.150390625,47445.30078125,34741.05078125,54597.8984375,17523.55078125,16121.25,7421.5498046875,737.2999877929688,32151.599609375,7004.9501953125,5532.85009765625,23127.19921875,27142.69921875,2322.35009765625,7321.35009765625
2023-12-21,21255.05078125,47840.1484375,34846.05078125,54803.30078125,17537.849609375,16238.150390625,7524.0,744.0999755859375,32720.099609375,7087.2998046875,5623.7001953125,23289.80078125,27299.650390625,2380.199951171875,7422.35009765625
2023-12-22,21349.400390625,47491.8515625,35637.80078125,55101.05078125,17778.900390625,16394.349609375,7652.64990234375,763.0499877929688,32810.1484375,7134.9501953125,5584.9501953125,23564.25,27341.599609375,2390.5,7470.4501953125
2023-12-26,21441.349609375,47724.8515625,35493.44921875,55484.3984375,17953.55078125,16562.599609375,7739.7998046875,764.9000244140625,33246.25,7196.25,5576.75,23718.099609375,27415.5,2376.60009765625,7565.9501953125
2023-12-27,21654.75,48282.19921875,35741.0,55750.3515625,18224.849609375,16655.94921875,7847.75,770.0999755859375,33212.6015625,7252.0498046875,5691.60009765625,23846.150390625,27677.0,2379.5,7640.64990234375
2023-12-28,21778.69921875,48508.55078125,35691.6484375,56504.5,18408.599609375,16860.849609375,7926.35009765625,777.4000244140625,33721.3984375,7313.35009765625,5750.4501953125,23956.19921875,27771.0,2379.699951171875,7728.5498046875
2023-12-29,21731.400390625,48292.25,35515.0,56987.19921875,18618.19921875,16831.80078125,7978.0,783.0499877929688,33468.05078125,7303.39990234375,5713.4501953125,24208.349609375,27687.80078125,2388.14990234375,7715.7998046875
2024-01-01,21741.900390625,,,,,16858.75,,,,,,,,,
2024-01-02,21665.80078125,47761.6484375,35283.1015625,57209.5,18339.349609375,17274.30078125,8023.89990234375,778.4500122070312,33703.69921875,7278.60009765625,5735.0,24154.30078125,27534.25,2442.5,7715.2998046875
2024-01-03,21517.349609375,47704.94921875,34395.44921875,57213.30078125,18317.5,17379.80078125,7878.39990234375,788.0,33791.6015625,7287.4501953125,5801.0498046875,24056.69921875,27332.400390625,2454.449951171875,7678.0498046875
2024-01-04,21658.599609375,48195.8515625,34409.3984375,57703.8984375,18326.75,17413.19921875,7883.0498046875,841.2999877929688,34189.25,7369.7998046875,5860.89990234375,24219.19921875,27615.849609375,2464.699951171875,7724.10009765625
2024-01-05,21710.80078125,48159.0,34851.75,57667.3515625,18406.94921875,17358.599609375,7871.7998046875,844.3499755859375,34216.1484375,7397.64990234375,5838.4501953125,24208.150390625,27699.650390625,2468.0,7704.4501953125
2024-01-08,21513.0,47450.25,34514.6484375,56672.8515625,18350.19921875,17195.94921875,7747.0,845.4500122070312,34142.6015625,7372.64990234375,5691.39990234375,23887.099609375,27457.80078125,2469.89990234375,7643.5
2024-01-09,21544.849609375,47242.6484375,34662.44921875,56573.1015625,18519.80078125,17346.30078125,7808.2998046875,866.75,34226.69921875,7432.89990234375,5682.25,23924.150390625,27469.25,2387.800048828125,7653.9501953125
2024-01-10,21618.69921875,47360.8515625,34834.3515625,56348.94921875,18559.099609375,17401.900390625,7882.64990234375,865.7999877929688,34330.6484375,7450.9501953125,5667.39990234375,23925.75,27525.400390625,2470.64990234375,7657.85009765625
2024-01-11,21647.19921875,47438.3515625,34735.25,56228.55078125,18755.099609375,17380.55078125,7876.14990234375,865.4500122070312,34776.69921875,7502.2001953125,5703.85009765625,24006.400390625,27505.30078125,2462.050048828125,7724.5
2024-01-12,21894.55078125,47709.80078125,36521.69921875,56485.75,18715.19921875,17347.44921875,7898.35009765625,881.0499877929688,34969.94921875,7561.14990234375,5860.7998046875,24034.349609375,27906.55078125,2446.050048828125,7755.0
2024-01-15,22097.44921875,48158.30078125,37201.94921875,56657.30078125,18765.25,17520.44921875,7864.10009765625,883.2999877929688,35449.8515625,7641.5498046875,5918.2001953125,24139.75,28214.44921875,2399.550048828125,7804.25
2024-01-16,22032.30078125,48125.1015625,36727.1015625,56755.8515625,18712.69921875,17320.150390625,7941.85009765625,868.5999755859375,35185.05078125,7610.60009765625,5933.39990234375,24077.25,28068.19921875,2407.64990234375,7808.2998046875
2024-01-17,21571.94921875,46064.44921875,36960.3984375,56259.5,18447.25,17154.0,7693.5498046875,856.2999877929688,34853.25,7543.5498046875,5830.0,23920.099609375,27310.650390625,2404.699951171875,7664.9501953125
2024-01-18,21462.25,45713.55078125,36730.5,55953.6015625,18496.25,17331.25,7629.10009765625,862.5,34580.5,7544.25,5877.5,23860.5,27056.599609375,2392.89990234375,7623.0
2024-01-19,21622.400390625,45701.1484375,37069.25,56640.5,18694.599609375,17388.0,7732.35009765625,868.5,34985.30078125,7665.89990234375,5945.10009765625,24162.80078125,27229.44921875,2369.89990234375,7732.2001953125
2024-01-23,21238.80078125,45015.05078125,36521.3515625,54973.8984375,18361.0,17520.30078125,7486.85009765625,816.1500244140625,34324.30078125,7526.10009765625,5806.85009765625,23579.599609375,26927.75,2067.300048828125,7530.5498046875
2024-01-24,21453.94921875,45082.3984375,37090.1484375,55858.69921875,18593.69921875,17763.69921875,7708.64990234375,818.0999755859375,34895.1015625,7650.0,5922.25,23972.400390625,27116.349609375,2130.64990234375,7678.0
2024-01-25,21352.599609375,44866.1484375,36496.19921875,55214.1015625,18614.900390625,17532.55078125,7719.64990234375,823.5499877929688,35203.8515625,7656.7001953125,5929.7001953125,23917.75,26951.400390625,2134.60009765625,7733.64990234375
2024-01-29,21737.599609375,45442.3515625,36531.8984375,55139.1015625,18927.25,17623.599609375,7843.75,833.9000244140625,37024.75,7937.7998046875,6073.89990234375,24169.25,27258.55078125,2134.699951171875,7968.7001953125
2024-01-30,21522.099609375,45367.75,36381.94921875,54574.3515625,18878.349609375,17470.150390625,7864.0,837.0999755859375,36398.80078125,7838.2998046875,6132.4501953125,24039.69921875,27095.349609375,2143.449951171875,7888.60009765625
2024-01-31,21725.69921875,45996.80078125,36638.3984375,55071.3984375,19227.150390625,17938.650390625,7973.10009765625,856.2000122070312,36748.0,7859.89990234375,6271.64990234375,24306.349609375,27385.69921875,2151.0,7973.10009765625
2024-02-01,21697.44921875,46188.6484375,36534.55078125,55215.80078125,19328.69921875,17839.19921875,7891.0498046875,848.1500244140625,36910.6015625,7825.89990234375,6466.4501953125,24221.900390625,27422.5,2127.60009765625,7935.64990234375
2024-02-02,21853.80078125,45970.94921875,37323.25,55118.3984375,19380.5,17972.099609375,8078.25,856.2000122070312,38077.69921875,7946.14990234375,6609.75,24309.150390625,27543.349609375,2129.050048828125,8105.85009765625
2024-02-05,21771.69921875,45825.55078125,37162.1484375,54698.3984375,19615.30078125,18292.94921875,8109.5498046875,862.75,38481.30078125,7913.10009765625,6582.0,24146.30078125,27402.599609375,2124.199951171875,8112.89990234375
2024-02-06,21929.400390625,45690.80078125,38246.30078125,54608.80078125,19903.849609375,18488.05078125,8238.25,866.25,38721.3984375,7989.64990234375,6556.2998046875,24475.349609375,27662.599609375,2129.25,8234.5498046875
2024-02-07,21930.5,45818.5,37767.75,54772.6015625,19903.80078125,18564.849609375,8276.650390625,882.1500244140625,38945.5,7994.7001953125,6743.7998046875,24567.80078125,27602.30078125,2154.800048828125,8306.0
2024-02-08,21717.94921875,45012.0,37851.6015625,53646.19921875,19649.5,18520.30078125,8221.849609375,876.0499877929688,39354.3515625,8006.0498046875,6878.5,24309.05078125,27361.400390625,2197.60009765625,8294.849609375
2024-02-09,21782.5,45634.55078125,37699.25,53867.1015625,19576.0,18617.099609375,8095.60009765625,875.9500122070312,39037.6484375,7977.0498046875,6944.9501953125,24453.55078125,27445.150390625,2191.800048828125,8244.849609375
2024-02-12,21616.05078125,44882.25,37998.0,53292.94921875,19419.599609375,18669.55078125,7901.64990234375,849.9500122070312,38097.1015625,7877.0,6637.0498046875,24214.55078125,27214.599609375,2094.050048828125,8068.14990234375
2024-02-13,21743.25,45502.3984375,38204.0,53432.05078125,19433.05078125,18753.94921875,7737.85009765625,850.4000244140625,38394.30078125,7909.60009765625,6716.5498046875,24378.900390625,27469.94921875,2093.39990234375,8044.10009765625
2024-02-14,21840.05078125,45908.30078125,37775.3984375,53839.05078125,19716.0,18584.349609375,7874.7998046875,861.0,39253.5,8000.5,6934.14990234375,24634.69921875,27524.5,2146.0,8190.7001953125
2024-02-15,21910.75,46218.8984375,37999.55078125,53321.3515625,19981.69921875,18567.69921875,7910.60009765625,869.4000244140625,39942.1484375,8055.14990234375,7160.7998046875,24601.75,27687.80078125,2143.64990234375,8289.150390625
2024-02-16,22040.69921875,46384.8515625,38477.05078125,53518.6015625,20423.44921875,18870.80078125,7976.4501953125,882.7000122070312,39682.3984375,8077.75,7135.0,24819.80078125,27809.55078125,2164.800048828125,8312.900390625
2024-02-19,22122.25,,,,,19037.69921875,,,,,,,,,
2024-02-20,22196.94921875,47094.19921875,38029.69921875,53882.5,20354.25,18993.0,7955.7998046875,887.0,39955.1484375,8157.14990234375,7101.2001953125,24929.80078125,28115.900390625,2223.0,8333.5
2024-02-21,22055.05078125,47019.69921875,37405.8984375,53892.3515625,20252.55078125,18916.44921875,7976.4501953125,904.75,39283.1484375,8078.5498046875,7143.75,24928.55078125,27884.94921875,2113.949951171875,8258.400390625
2024-02-22,22217.44921875,46919.80078125,38130.1484375,54419.19921875,20584.849609375,18969.44921875,8069.39990234375,909.6500244140625,39589.55078125,8152.2998046875,7158.60009765625,25199.19921875,28008.349609375,2135.199951171875,8318.5
2024-02-23,22212.69921875,46811.75,38045.6484375,54337.75,20621.349609375,19048.400390625,8047.75,918.75,39561.44921875,8170.7001953125,7076.0498046875,25206.099609375,27961.05078125,2164.300048828125,8293.650390625
2024-02-26,22122.05078125,46576.5,37598.6484375,54317.30078125,20642.400390625,18956.44921875,7971.75,919.3499755859375,39758.8984375,8180.0,7040.64990234375,25090.05078125,27843.30078125,2156.39990234375,8269.2001953125
2024-02-27,22198.349609375,46588.05078125,37870.25,54306.44921875,20788.55078125,19064.19921875,8000.5498046875,929.1500244140625,39659.5,8200.900390625,7001.39990234375,25140.69921875,27903.44921875,2142.800048828125,8263.849609375
2024-02-28,21951.150390625,45963.1484375,37741.75,53824.8984375,20372.349609375,18942.55078125,7850.35009765625,909.5,38748.05078125,8055.2001953125,6840.60009765625,24852.69921875,27668.30078125,2068.75,8104.5
2024-02-29,21982.80078125,46120.8984375,37720.3984375,54015.6015625,20412.400390625,19003.150390625,7921.89990234375,910.5499877929688,38838.0,8085.75,6929.85009765625,25090.650390625,27683.94921875,2049.949951171875,8140.7001953125
2024-03-01,22338.75,47286.8984375,37516.05078125,54225.1484375,20871.94921875,18822.30078125,8208.5,917.0999755859375,39707.1015625,8243.9501953125,7080.75,25249.94921875,28015.80078125,2019.9000244140625,8353.849609375
2024-03-04,22405.599609375,47456.1015625,37314.80078125,54221.75,20840.19921875,18960.19921875,8318.9501953125,927.4500122070312,40466.6015625,8334.400390625,7139.5,25248.94921875,28090.150390625,2017.1500244140625,8443.099609375
2024-03-05,22356.30078125,47581.0,36720.75,53653.1015625,21121.19921875,19018.5,8300.5498046875,930.3499755859375,40646.1015625,8349.9501953125,7321.9501953125,25193.5,27994.94921875,1989.5,8461.599609375
2024-03-06,22474.05078125,47965.3984375,37001.80078125,53879.6015625,21181.30078125,19140.0,8257.650390625,917.8499755859375,40451.5,8335.4501953125,7324.7998046875,25134.30078125,28171.44921875,1939.050048828125,8432.0
2024-03-07,22493.55078125,47835.80078125,37099.8984375,54406.30078125,21126.80078125,19194.099609375,8371.2998046875,916.5,40301.80078125,8329.2998046875,7341.25,25187.55078125,28225.099609375,1988.3499755859375,8480.0498046875
2024-03-11,22332.650390625,47327.8515625,36988.30078125,54087.44921875,21001.150390625,19202.05078125,8250.75,906.5499877929688,39853.1015625,8278.349609375,7225.0,25171.5,28037.69921875,1930.5,8414.25
2024-03-12,22335.69921875,47282.3984375,37224.25,53636.1015625,20931.849609375,18958.69921875,8108.39990234375,872.9000244140625,39599.25,8226.2001953125,7039.0,25028.05078125,28111.25,1894.8499755859375,8316.2998046875
2024-03-13,21997.69921875,46981.30078125,36946.44921875,53664.1484375,20338.25,18635.69921875,7647.39990234375,826.5,37439.3984375,7916.2001953125,6737.4501953125,24482.94921875,27751.599609375,1788.3499755859375,7935.7001953125
2024-03-14,22146.650390625,46789.94921875,37679.6015625,54145.80078125,20514.25,18897.099609375,7799.9501953125,831.5499877929688,38159.94921875,8044.0,6784.64990234375,24985.849609375,27957.349609375,1823.300048828125,8086.0
2024-03-15,22023.349609375,46594.1015625,37500.69921875,54155.44921875,20192.30078125,18718.44921875,7802.64990234375,830.1500244140625,37583.1015625,7988.0498046875,6761.0,25108.900390625,27876.80078125,1822.5,8010.7998046875
2024-03-18,22055.69921875,46575.8984375,36886.05078125,53907.8515625,20446.599609375,18814.349609375,7996.89990234375,834.0499877929688,37825.3984375,8028.14990234375,6782.5498046875,25212.80078125,27794.55078125,1843.5,8099.35009765625
2024-03-19,21817.44921875,46384.80078125,35814.6484375,52740.8984375,20354.099609375,18405.650390625,7923.60009765625,829.2000122070312,37232.1015625,7921.89990234375,6676.5,24775.05078125,27536.19921875,1798.300048828125,7991.39990234375
2024-03-20,21839.099609375,46310.8984375,35748.8984375,52993.5,20406.44921875,18361.400390625,7860.89990234375,834.3499755859375,37630.69921875,7972.9501953125,6679.7001953125,24934.69921875,27511.650390625,1794.8499755859375,7988.39990234375
2024-03-21,22011.94921875,46684.8984375,36026.80078125,53338.3515625,20700.25,18582.599609375,8052.75,859.4000244140625,38328.3515625,8090.85009765625,6822.64990234375,25214.150390625,27689.0,1826.949951171875,8157.5
2024-03-22,22096.75,46863.75,35188.3984375,53775.69921875,21046.400390625,18815.599609375,8130.7998046875,874.5,38411.55078125,8146.39990234375,6888.5,25455.599609375,27622.80078125,1849.800048828125,8203.900390625
2024-03-26,22004.69921875,46600.19921875,34969.1015625,53687.69921875,21038.30078125,18809.44921875,8161.2001953125,888.2000122070312,38428.5,8167.75,6895.64990234375,25516.650390625,27506.44921875,1819.050048828125,8232.849609375
2024-03-27,22123.650390625,46785.94921875,34744.3515625,53543.55078125,21146.19921875,18768.400390625,8154.9501953125,895.75,38690.1484375,8256.2001953125,6828.5498046875,25652.0,27576.44921875,1808.5999755859375,8237.150390625
2024-03-28,22326.900390625,47124.6015625,34898.1484375,53949.19921875,21419.099609375,18996.150390625,8257.2001953125,900.6500244140625,39020.6015625,8336.0,7007.25,25873.650390625,27843.650390625,1795.8499755859375,8331.650390625
2024-04-01,22462.0,47578.25,35042.80078125,53889.1484375,21385.25,19207.900390625,8562.7001953125,939.9000244140625,39489.69921875,8423.0498046875,7113.25,26113.44921875,28050.849609375,1880.050048828125,8504.599609375
2024-04-02,22453.30078125,47545.44921875,34793.94921875,54096.94921875,21614.25,19185.150390625,8690.849609375,949.3499755859375,39693.75,8455.25,7176.0498046875,26347.650390625,27949.44921875,1914.9000244140625,8599.900390625
2024-04-03,22434.650390625,47624.25,35047.3984375,53866.69921875,21555.349609375,19153.05078125,8691.2001953125,924.8499755859375,39704.55078125,8448.2001953125,7303.85009765625,26290.44921875,28029.25,1925.8499755859375,8615.9501953125
2024-04-04,22514.650390625,48060.80078125,35426.69921875,53634.44921875,21651.849609375,19125.19921875,8684.4501953125,924.5,39530.3515625,8395.400390625,7252.89990234375,26271.75,28247.55078125,1923.800048828125,8595.400390625
2024-04-05,22513.69921875,48493.05078125,35247.8984375,53925.94921875,21600.900390625,19160.75,8699.0498046875,937.75,39451.55078125,8361.650390625,7306.35009765625,26339.099609375,28358.400390625,1916.25,8564.0498046875
2024-04-08,22666.30078125,48581.69921875,35064.1484375,53966.05078125,22067.94921875,19218.849609375,8794.650390625,950.25,39951.25,8461.7998046875,7241.25,26420.599609375,28476.30078125,1901.5,8648.0498046875
2024-04-09,22642.75,48730.55078125,35079.3515625,53629.3515625,21999.349609375,19182.30078125,8894.400390625,955.2999877929688,39693.44921875,8434.2001953125,7180.75,26279.150390625,28583.5,1877.5999755859375,8640.099609375
2024-04-10,22753.80078125,48986.6015625,35293.1484375,54290.8984375,21985.150390625,19117.0,8999.599609375,960.9000244140625,40120.1015625,8496.5498046875,7290.35009765625,26510.099609375,28703.80078125,1911.3499755859375,8729.5498046875
2024-04-12,22519.400390625,48564.55078125,35018.1015625,53701.3984375,21851.30078125,18788.650390625,8951.2998046875,952.4000244140625,39756.0,8414.2998046875,7198.7001953125,26419.69921875,28472.55078125,1888.25,8650.400390625
2024-04-15,22272.5,47773.25,34463.6015625,53174.94921875,21680.30078125,18617.650390625,8899.7001953125,942.0499877929688,39629.25,8348.150390625,7056.10009765625,26247.900390625,28024.349609375,1846.0999755859375,8587.849609375
2024-04-16,22147.900390625,47484.80078125,33574.94921875,53402.25,21703.05078125,18695.599609375,8851.9501953125,937.75,39712.75,8327.0,6966.25,26380.44921875,27791.400390625,1875.1500244140625,8590.7998046875
2024-04-18,21995.849609375,47069.44921875,33498.6484375,52825.5,21520.75,18525.75,8824.25,932.75,39359.55078125,8324.400390625,6953.35009765625,26234.44921875,27651.19921875,1889.550048828125,8521.25
2024-04-19,22147.0,47574.1484375,33368.30078125,53055.44921875,21609.69921875,18404.599609375,8909.0,926.25,39357.8515625,8339.0498046875,6933.25,26155.150390625,27879.150390625,1870.3499755859375,8538.400390625
2024-04-22,22336.400390625,47924.8984375,33538.80078125,53499.44921875,21812.69921875,18643.0,8931.2001953125,933.0999755859375,39570.05078125,8423.599609375,7146.14990234375,26386.44921875,28100.75,1875.0999755859375,8581.349609375
2024-04-23,22368.0,47970.44921875,33714.55078125,53905.30078125,21914.30078125,18463.75,8900.4501953125,957.2000122070312,39446.6015625,8456.25,7150.0,26543.099609375,28203.150390625,1885.0,8592.150390625
2024-04-24,22402.400390625,48189.0,33442.55078125,53932.5,21896.900390625,18586.19921875,9140.099609375,965.75,39561.8515625,8489.599609375,7133.89990234375,26753.650390625,28256.599609375,1879.5999755859375,8682.4501953125
2024-04-25,22570.349609375,48494.94921875,33554.44921875,54291.6484375,22174.05078125,18878.150390625,9242.0,963.3499755859375,39989.25,8548.400390625,7403.14990234375,26838.5,28398.650390625,1888.5999755859375,8749.5
2024-04-26,22419.94921875,48201.05078125,33666.25,54300.75,22111.55078125,18994.650390625,9222.650390625,969.0499877929688,39968.30078125,8527.25,7380.0498046875,26876.849609375,28186.650390625,1910.949951171875,8752.599609375
2024-04-29,22643.400390625,49424.05078125,33579.3984375,54332.1484375,22078.75,19096.900390625,9268.7998046875,959.3499755859375,40352.1015625,8587.349609375,7569.0498046875,26988.25,28589.349609375,1912.3499755859375,8837.650390625
2024-04-30,22604.849609375,49396.75,33200.94921875,54240.6015625,22479.900390625,18970.599609375,9175.7998046875,973.25,40366.69921875,8575.25,7605.60009765625,27071.400390625,28503.400390625,1892.800048828125,8797.5
2024-05-02,22648.19921875,49231.05078125,33203.3515625,54490.55078125,22733.5,19124.44921875,9279.5498046875,972.6500244140625,40801.1015625,8630.5,7586.14990234375,27295.80078125,28486.55078125,1862.949951171875,8874.349609375
2024-05-03,22475.849609375,48923.55078125,32908.3984375,54273.8984375,22541.349609375,19133.400390625,9276.2998046875,962.6500244140625,40571.05078125,8519.5,7528.7001953125,27189.80078125,28340.55078125,1851.0999755859375,8853.7001953125
2024-05-06,22442.69921875,48895.30078125,33217.1484375,54660.1484375,22526.599609375,19203.30078125,9189.75,989.2000122070312,39882.1015625,8444.9501953125,7252.85009765625,27428.5,28368.25,1811.1500244140625,8744.2998046875
2024-05-07,22302.5,48285.3515625,33473.0,55765.55078125,22114.0,18846.30078125,8969.900390625,954.7000122070312,39035.25,8322.5,7085.4501953125,27413.94921875,28167.099609375,1784.949951171875,8568.2001953125
2024-05-08,22302.5,48021.1015625,33335.1484375,56008.80078125,22458.650390625,18850.849609375,9102.349609375,960.8499755859375,39635.1015625,8421.7001953125,7147.60009765625,27662.900390625,28080.94921875,1800.5999755859375,8634.5
2024-05-09,21957.5,47487.8984375,33205.8515625,54625.1015625,22633.30078125,18437.05078125,8841.25,939.4500122070312,38458.0,8200.7998046875,7095.2001953125,27225.900390625,27744.5,1768.4000244140625,8424.599609375
2024-05-10,22055.19921875,47421.1015625,32935.1484375,55276.5,22846.900390625,18609.44921875,8977.4501953125,935.3499755859375,39089.44921875,8283.2998046875,7074.35009765625,27585.849609375,27768.099609375,1772.4000244140625,8536.150390625
2024-05-13,22104.05078125,47754.1015625,33074.6015625,55340.69921875,22462.650390625,18939.0,9094.7998046875,946.9000244140625,38868.1484375,8304.7001953125,6987.2998046875,28024.69921875,27848.19921875,1768.550048828125,8539.9501953125
2024-05-14,22217.849609375,47859.44921875,33122.8515625,55054.30078125,22874.80078125,18860.849609375,9347.150390625,955.25,39494.19921875,8415.900390625,7060.14990234375,28283.05078125,27905.150390625,1781.5,8683.2001953125
2024-05-15,22200.55078125,47687.44921875,33117.3984375,54555.94921875,22759.849609375,18886.55078125,9376.900390625,965.0,39949.55078125,8488.2998046875,7160.75,28382.5,27923.349609375,1772.449951171875,8753.5
2024-05-16,22403.849609375,47977.05078125,33668.44921875,54997.0,22886.849609375,18996.150390625,9405.400390625,980.75,40076.6015625,8561.25,7097.5498046875,28653.150390625,28212.25,1794.1500244140625,8783.2998046875
2024-05-17,22466.099609375,48115.6484375,33381.8515625,55064.69921875,23285.650390625,18981.599609375,9557.9501953125,997.0999755859375,40302.5,8623.5498046875,7109.25,28791.900390625,28225.80078125,1811.800048828125,8863.849609375
2024-05-21,22529.05078125,48048.19921875,33379.75,54969.25,23353.75,19205.19921875,9981.150390625,1004.7000122070312,40971.05078125,8683.650390625,7264.75,29077.349609375,28234.599609375,1857.3499755859375,9066.349609375
2024-05-22,22597.80078125,47781.94921875,33613.1015625,55753.8984375,23324.099609375,19317.400390625,9919.4501953125,1018.9000244140625,41331.55078125,8716.4501953125,7240.2998046875,29094.150390625,28206.19921875,1870.9000244140625,9094.0
2024-05-23,22967.650390625,48768.6015625,34042.8515625,55899.0,23849.25,19216.349609375,9959.4501953125,1030.4000244140625,41559.25,8848.5,7364.9501953125,29254.400390625,28655.0,1877.4000244140625,9140.9501953125
2024-05-24,22957.099609375,48971.6484375,33824.30078125,55449.1484375,23891.44921875,19119.5,9928.400390625,1023.6500244140625,41634.6484375,8855.900390625,7359.0498046875,29159.44921875,28677.55078125,1897.0,9141.849609375
2024-05-27,22932.44921875,49281.80078125,33995.25,55260.5,23877.150390625,19111.94921875,9866.400390625,1032.3499755859375,41292.6484375,8845.0,7456.75,29176.55078125,28725.75,1878.5999755859375,9101.2001953125
2024-05-28,22888.150390625,49142.1484375,33880.8515625,55271.94921875,23814.25,19215.75,9815.0498046875,1010.0,40794.8515625,8775.2001953125,7361.10009765625,29140.0,28624.44921875,1884.449951171875,9028.7998046875
2024-05-29,22704.69921875,48501.3515625,33542.69921875,54974.25,23757.94921875,19321.349609375,9841.2001953125,1000.9500122070312,40572.19921875,8721.0,7325.2998046875,29077.150390625,28312.349609375,1887.75,8974.75
2024-05-30,22488.650390625,48682.3515625,32806.75,54280.1015625,23471.0,18971.0,9545.25,996.0499877929688,39986.8515625,8623.0498046875,7292.39990234375,28666.150390625,28140.80078125,1896.8499755859375,8825.7998046875
2024-05-31,22530.69921875,48983.94921875,32386.099609375,54107.3515625,23419.599609375,18796.30078125,9723.599609375,1019.4000244140625,40255.5,8668.0,7386.0,28550.80078125,28178.349609375,1870.4000244140625,8885.599609375
2024-06-03,23263.900390625,50979.94921875,32511.400390625,54653.6015625,23992.69921875,18864.150390625,10048.5498046875,1080.050048828125,42981.8984375,9147.0,8006.14990234375,29101.75,29087.30078125,1929.050048828125,9364.0498046875
2024-06-04,21884.5,46928.6015625,32315.55078125,55172.5,23193.30078125,18603.150390625,8980.150390625,976.0999755859375,37624.1015625,8178.0,6794.25,28058.44921875,27222.650390625,1802.0,8370.7001953125
2024-06-05,22620.349609375,49054.6015625,33087.94921875,57567.3984375,24283.75,19281.25,9496.599609375,1000.7999877929688,38712.3515625,8403.9501953125,6989.75,29106.599609375,28259.849609375,1873.4000244140625,8693.7001953125
2024-06-06,22821.400390625,49291.8984375,34023.80078125,57373.6015625,24396.69921875,19232.099609375,9632.5,1047.75,39339.6484375,8547.5,7193.7001953125,29406.25,28617.349609375,1942.3499755859375,8817.7998046875
2024-06-07,23290.150390625,49803.19921875,35169.8984375,57953.3515625,25020.19921875,19578.0,9833.599609375,1069.5,40283.30078125,8752.599609375,7281.89990234375,29737.849609375,29154.5,1970.6500244140625,9011.5498046875
2024-06-10,23259.19921875,49780.8984375,34526.25,57991.75,25022.650390625,19774.69921875,9795.849609375,1083.6500244140625,40510.05078125,8806.7001953125,7333.85009765625,29746.25,29041.400390625,2007.4000244140625,9078.9501953125
2024-06-11,23264.849609375,49705.75,34531.44921875,57792.8515625,25230.80078125,19689.69921875,9789.5498046875,1095.8499755859375,40620.80078125,8856.2998046875,7344.60009765625,29923.5,29039.150390625,2042.550048828125,9106.099609375
2024-06-12,23322.94921875,49895.1015625,34547.44921875,57495.55078125,25217.599609375,19739.099609375,9838.349609375,1095.4000244140625,40995.6484375,8935.5,7429.5498046875,30076.900390625,29149.099609375,2081.199951171875,9159.2998046875
2024-06-13,23398.900390625,49846.69921875,34902.05078125,57117.0,25393.19921875,19838.5,9840.25,1119.9000244140625,40943.25,8978.099609375,7424.60009765625,30266.0,29229.849609375,2058.550048828125,9168.150390625
2024-06-14,23465.599609375,50002.0,34598.55078125,57225.8515625,25722.099609375,19895.650390625,9912.099609375,1129.0999755859375,41040.0,9028.7001953125,7464.14990234375,30670.650390625,29272.05078125,2057.85009765625,9201.0
2024-06-18,23557.900390625,50440.8984375,34802.94921875,57167.3984375,25715.30078125,19826.650390625,9890.2001953125,1150.300048828125,41307.25,9053.150390625,7482.89990234375,30591.0,29496.25,2044.5999755859375,9199.7998046875
2024-06-19,23516.0,51398.05078125,34927.1015625,56646.55078125,25381.69921875,19644.5,9773.2998046875,1117.699951171875,40600.8984375,8892.9501953125,7489.9501953125,30194.599609375,29748.19921875,2018.199951171875,9081.0
2024-06-20,23567.0,51783.25,34936.44921875,56669.6484375,25267.849609375,19544.55078125,9951.0498046875,1140.300048828125,40753.94921875,8929.150390625,7469.60009765625,30274.30078125,29838.099609375,2020.5,9171.75
2024-06-21,23501.099609375,51661.44921875,35200.30078125,55990.1015625,25092.30078125,19528.400390625,9990.900390625,1131.9000244140625,40457.55078125,8885.7001953125,7384.25,30114.69921875,29881.75,2039.6500244140625,9125.25
2024-06-24,23537.849609375,51703.94921875,35143.80078125,56392.69921875,25309.80078125,19521.150390625,9926.849609375,1135.3499755859375,40464.1484375,8899.349609375,7335.2998046875,30268.25,29926.94921875,2001.5999755859375,9110.400390625
2024-06-25,23721.30078125,52606.0,35426.8984375,56246.3515625,25250.25,19532.30078125,9857.4501953125,1115.5,40255.19921875,8896.099609375,7344.60009765625,30157.44921875,30299.599609375,1991.5,9055.4501953125
2024-06-26,23868.80078125,52870.5,35406.6015625,56465.19921875,25018.900390625,19545.349609375,9714.2998046875,1099.5,40822.6015625,9015.2998046875,7368.85009765625,30136.400390625,30413.30078125,2023.449951171875,9085.5498046875
2024-06-27,24044.5,52811.30078125,36123.69921875,56670.6015625,25191.400390625,19514.80078125,9767.400390625,1098.949951171875,41342.3515625,9106.900390625,7301.39990234375,30381.55078125,30658.900390625,1996.199951171875,9207.0
2024-06-28,24010.599609375,52342.25,36157.5,56756.8515625,25200.599609375,19731.55078125,9814.2998046875,1104.75,41789.19921875,9133.9501953125,7365.9501953125,30362.400390625,30428.05078125,1992.3499755859375,9266.7001953125
2024-07-01,24141.94921875,52574.75,36869.19921875,57154.69921875,25323.849609375,19758.25,9882.7998046875,1101.050048828125,41569.80078125,9131.7001953125,7310.25,30667.099609375,30655.80078125,2040.5999755859375,9301.099609375
2024-07-02,24123.849609375,52168.1015625,37299.1484375,56669.19921875,25130.849609375,19786.400390625,9835.7001953125,1110.1500244140625,41714.55078125,9138.099609375,7178.0,30496.849609375,30597.80078125,2062.050048828125,9289.599609375
2024-07-03,24286.5,53089.25,37314.3515625,57177.55078125,25182.80078125,19915.30078125,9940.099609375,1113.8499755859375,41784.5,9141.650390625,7254.2001953125,30661.349609375,30912.5,2054.10009765625,9323.099609375
2024-07-04,24302.150390625,53103.69921875,37725.8984375,57058.3984375,25366.44921875,20192.599609375,9936.7998046875,1119.5,41847.69921875,9137.25,7266.0,30754.0,30931.099609375,2044.9000244140625,9317.7001953125
2024-07-05,24323.849609375,52660.3515625,37720.75,57673.0,25398.30078125,20453.849609375,9970.5,1119.1500244140625,42523.8984375,9250.599609375,7356.75,30940.849609375,30765.599609375,2047.550048828125,9388.4501953125
2024-07-08,24320.55078125,52425.80078125,37742.25,58611.19921875,25260.5,20325.80078125,9877.349609375,1114.300048828125,42644.94921875,9251.25,7238.89990234375,30867.0,30734.849609375,2039.949951171875,9345.2998046875
2024-07-09,24433.19921875,52568.80078125,37668.6484375,59182.6484375,25823.55078125,20645.80078125,9881.900390625,1127.050048828125,42609.19921875,9263.7998046875,7331.5,31199.30078125,30795.05078125,2047.25,9378.5498046875
2024-07-10,24324.44921875,52189.30078125,37280.75,59349.6015625,25302.80078125,20725.94921875,9722.7998046875,1126.6500244140625,42675.44921875,9278.0498046875,7228.64990234375,31089.650390625,30670.94921875,2011.1500244140625,9347.9501953125
2024-07-11,24315.94921875,52270.6484375,37332.6015625,59516.69921875,25257.25,20601.69921875,9723.25,1109.9000244140625,42756.8515625,9263.849609375,7241.14990234375,30967.44921875,30659.599609375,2031.9000244140625,9372.150390625
2024-07-12,24502.150390625,52278.8984375,39023.0,59725.75,25145.44921875,20612.650390625,9708.2001953125,1093.199951171875,42846.3515625,9276.2998046875,7203.0,30869.900390625,30991.349609375,2074.14990234375,9379.150390625
2024-07-15,24586.69921875,52455.8984375,38911.3515625,60070.69921875,25419.80078125,20844.55078125,9729.599609375,1107.9000244140625,43303.0,9343.7001953125,7423.85009765625,31047.19921875,31116.69921875,2105.800048828125,9457.25
2024-07-16,24613.0,52396.80078125,39141.5,60645.1484375,25482.900390625,20765.44921875,9722.0,1126.25,43204.30078125,9330.7998046875,7405.5,31138.900390625,31125.0,2084.050048828125,9455.4501953125
2024-07-18,24800.849609375,52620.69921875,40010.3984375,61225.3515625,25576.69921875,20768.349609375,9636.9501953125,1122.699951171875,43236.6484375,9340.599609375,7407.25,30980.650390625,31390.0,2009.6500244140625,9433.25
2024-07-19,24530.900390625,52265.6015625,39923.30078125,61087.8984375,24963.349609375,20425.400390625,9256.2998046875,1096.199951171875,42062.80078125,9122.349609375,7302.60009765625,30454.94921875,31176.05078125,1962.949951171875,9146.650390625
2024-07-22,24509.25,52280.3984375,39773.1484375,60881.75,25250.75,20641.55078125,9350.599609375,1090.9000244140625,41945.5,9157.7998046875,7321.5,30696.099609375,31228.849609375,1953.699951171875,9223.25
2024-07-23,24479.05078125,51778.30078125,40044.69921875,62511.25,25321.69921875,20755.349609375,9263.099609375,1065.949951171875,41719.5,9085.2001953125,7218.89990234375,30639.44921875,31070.80078125,1976.300048828125,9194.2998046875
2024-07-24,24413.5,51317.0,40115.05078125,62182.3515625,25309.05078125,20908.5,9267.150390625,1074.25,42234.3515625,9116.5,7193.5,30533.099609375,30972.900390625,2025.050048828125,9238.4501953125
2024-07-25,24406.099609375,50888.75,40055.5,62139.5,25627.349609375,21105.5,9148.0,1065.3499755859375,42770.30078125,9188.0498046875,7151.64990234375,30576.900390625,30866.349609375,2041.4000244140625,9286.5498046875
2024-07-26,24834.849609375,51295.94921875,40977.3515625,62728.80078125,26250.69921875,21603.099609375,9423.400390625,1077.6500244140625,43238.30078125,9372.25,7270.64990234375,30927.349609375,31385.5,2075.64990234375,9449.0498046875
2024-07-29,24836.099609375,51406.25,40820.1015625,62513.8515625,26426.55078125,21674.94921875,9450.2998046875,1093.050048828125,43438.69921875,9423.5498046875,7434.5,31129.55078125,31294.849609375,2113.050048828125,9504.2998046875
2024-07-30,24857.30078125,51499.30078125,40776.3515625,61819.0,26580.94921875,21540.80078125,9468.349609375,1097.800048828125,43908.3515625,9443.400390625,7428.5498046875,31109.349609375,31337.05078125,2127.0,9569.599609375
2024-07-31,24951.150390625,51553.3984375,40851.1015625,62082.19921875,26685.25,21777.150390625,9583.400390625,1093.75,44086.80078125,9499.4501953125,7396.9501953125,31305.80078125,31458.30078125,2149.699951171875,9654.099609375
2024-08-01,25010.900390625,51564.0,40709.3984375,62173.19921875,26487.44921875,21790.349609375,9573.2001953125,1075.1500244140625,44954.44921875,9531.5498046875,7323.5,31189.650390625,31579.849609375,2109.14990234375,9718.400390625
2024-08-02,24717.69921875,51350.1484375,39730.30078125,61745.1484375,25714.44921875,21902.849609375,9314.5498046875,1037.1500244140625,44334.25,9379.0498046875,7197.5,30612.05078125,31439.80078125,2100.300048828125,9525.7001953125
2024-08-05,24055.599609375,50092.1015625,38435.94921875,61550.44921875,24706.5,21583.05078125,8862.5,992.2999877929688,42640.8984375,9071.5498046875,6903.4501953125,30018.69921875,30566.19921875,2004.199951171875,9171.150390625
2024-08-06,23992.55078125,49748.30078125,38624.19921875,61604.1484375,24520.05078125,21562.55078125,8888.9501953125,1000.5999755859375,42474.94921875,9059.5,6816.2001953125,30037.099609375,30382.80078125,2007.25,9144.400390625
2024-08-07,24297.5,50119.0,39194.80078125,62322.6484375,24937.599609375,22036.94921875,9128.4501953125,1018.9500122070312,43400.3984375,9207.7001953125,6916.0,30561.849609375,30784.849609375,2058.949951171875,9346.7998046875
2024-08-08,24117.0,50156.69921875,38448.30078125,62042.55078125,24917.349609375,22114.25,8969.25,1006.6500244140625,42687.1484375,9077.5,6862.35009765625,30318.849609375,30616.55078125,2063.85009765625,9188.7001953125
2024-08-09,24367.5,50484.5,39043.30078125,62157.3515625,25346.650390625,22209.55078125,9038.2998046875,1022.25,43216.05078125,9166.4501953125,6994.4501953125,30470.099609375,30880.599609375,2101.64990234375,9265.7001953125
2024-08-12,24347.0,50577.94921875,39109.55078125,61668.44921875,25278.94921875,22205.599609375,9106.25,1035.699951171875,42916.05078125,9119.849609375,6911.9501953125,30363.05078125,30900.099609375,2058.550048828125,9253.4501953125
2024-08-13,24139.0,49831.8515625,39114.8515625,61495.75,25081.849609375,22191.599609375,8957.150390625,1028.0999755859375,42570.3515625,9052.9501953125,6800.7001953125,30190.55078125,30526.25,2039.0,9141.0498046875
2024-08-14,24143.75,49727.30078125,39731.25,61305.30078125,25093.5,22012.69921875,8844.2998046875,1023.1500244140625,42298.94921875,9025.849609375,6774.5,30097.599609375,30634.650390625,2017.4000244140625,9065.2001953125
2024-08-16,24541.150390625,50516.8984375,40878.25,62213.0,25597.349609375,22106.5,8994.099609375,1048.6500244140625,42762.69921875,9157.900390625,6843.7998046875,30587.349609375,31185.30078125,2059.64990234375,9209.9501953125
2024-08-19,24572.650390625,50368.3515625,41236.8515625,62326.05078125,25368.75,22237.849609375,9161.9501953125,1050.199951171875,43332.3515625,9182.7001953125,6926.14990234375,30597.099609375,31215.30078125,2080.75,9330.150390625
2024-08-20,24698.849609375,50803.1484375,41572.80078125,62240.6015625,25500.0,22374.25,9204.650390625,1052.3499755859375,43527.6484375,9202.599609375,7042.5498046875,30704.44921875,31419.599609375,2075.199951171875,9375.150390625
2024-08-21,24770.19921875,50685.55078125,41570.8515625,63091.8984375,25586.75,22577.900390625,9264.0498046875,1038.550048828125,43591.44921875,9234.400390625,7012.4501953125,31002.150390625,31401.55078125,2100.050048828125,9415.349609375
2024-08-22,24811.5,50985.69921875,41506.19921875,63483.6015625,25563.650390625,22546.099609375,9326.25,1043.449951171875,43321.1484375,9266.4501953125,7059.7001953125,31058.599609375,31458.650390625,2096.0,9431.099609375
2024-08-23,24823.150390625,50933.44921875,41089.8515625,63409.25,25850.69921875,22527.849609375,9290.5,1018.0999755859375,43338.1484375,9271.9501953125,7017.7001953125,30905.150390625,31409.25,2068.949951171875,9407.5498046875
2024-08-26,25010.599609375,51148.1015625,41662.1015625,63657.94921875,25941.44921875,22554.94921875,9490.75,1036.0,43792.05078125,9346.7998046875,6982.5,31009.19921875,31647.05078125,2064.300048828125,9508.900390625
2024-08-27,25017.75,51278.75,41709.25,62981.1484375,25911.900390625,22729.0,9432.75,1038.0999755859375,43523.69921875,9339.0498046875,6985.39990234375,30945.05078125,31750.25,2148.85009765625,9458.75
2024-08-28,25052.349609375,51143.8515625,42394.3984375,62713.6015625,25879.400390625,22989.099609375,9414.7998046875,1036.199951171875,43398.1015625,9344.2998046875,6954.10009765625,30850.44921875,31851.44921875,2118.60009765625,9436.849609375
2024-08-29,25151.94921875,51152.75,42591.6484375,63162.94921875,26020.400390625,22878.05078125,9369.9501953125,1034.5,43661.1015625,9370.0498046875,6965.0,30833.349609375,31919.099609375,2112.0,9445.599609375
2024-08-30,25235.900390625,51351.0,42787.80078125,63059.75,26172.80078125,23217.599609375,9405.25,1053.4000244140625,43757.3984375,9425.75,6985.7998046875,30975.69921875,32057.30078125,2104.5,9484.2001953125
2024-09-02,25278.69921875,51439.55078125,42975.6015625,63578.6015625,26071.400390625,22987.44921875,9307.150390625,1050.9000244140625,43782.94921875,9400.25,7021.2001953125,30911.599609375,32167.349609375,2094.550048828125,9503.400390625
2024-09-03,25279.849609375,51689.1015625,42851.30078125,63485.75,26034.650390625,23014.30078125,9254.75,1045.4000244140625,43477.6484375,9372.099609375,6996.9501953125,31006.94921875,32204.25,2064.39990234375,9454.5
2024-09-04,25198.69921875,51400.25,42450.5,63742.8984375,25934.25,23184.400390625,9185.5,1052.199951171875,43249.8515625,9371.4501953125,6878.89990234375,31027.900390625,32053.099609375,2066.10009765625,9436.9501953125
2024-09-05,25145.099609375,51473.05078125,42644.6484375,63700.3984375,25835.30078125,23156.69921875,9212.9501953125,1041.949951171875,42911.6015625,9318.75,6901.2001953125,31004.69921875,32088.30078125,2082.85009765625,9413.7998046875
2024-09-06,24852.150390625,50576.8515625,42228.8984375,63175.69921875,25527.150390625,23043.400390625,9161.150390625,1032.0999755859375,42212.44921875,9183.900390625,6655.0498046875,30708.30078125,31718.69921875,2059.89990234375,9291.9501953125
2024-09-09,24936.400390625,51117.80078125,41919.05078125,64465.8515625,25495.25,23009.400390625,9099.0,1029.6500244140625,41926.75,9154.599609375,6641.9501953125,30879.80078125,31856.80078125,2052.199951171875,9249.75
2024-09-10,25041.099609375,51272.30078125,42644.19921875,64584.94921875,25556.44921875,23256.849609375,9156.2001953125,1038.75,42243.3984375,9235.7998046875,6638.35009765625,31059.55078125,32069.900390625,2107.35009765625,9296.0
2024-09-11,24918.44921875,51010.0,42473.30078125,64768.1484375,25240.599609375,23220.400390625,9028.2001953125,1026.6500244140625,41626.25,9147.099609375,6522.0498046875,30974.150390625,31962.25,2075.699951171875,9162.2001953125
2024-09-12,25388.900390625,51772.3984375,43152.1015625,65513.19921875,25779.80078125,23429.599609375,9290.849609375,1035.699951171875,42497.8515625,9364.599609375,6633.64990234375,31342.650390625,32570.849609375,2083.5,9366.150390625
2024-09-13,25356.5,51938.05078125,43394.3515625,65062.80078125,25820.849609375,23457.650390625,9370.650390625,1053.6500244140625,42229.3984375,9333.75,6715.2998046875,31470.650390625,32543.099609375,2118.449951171875,9358.0498046875
2024-09-16,25383.75,52153.1484375,43352.6484375,64597.0,25829.650390625,23448.75,9427.7001953125,1059.699951171875,42569.30078125,9348.5498046875,6714.4501953125,31373.099609375,32651.900390625,2139.5,9417.900390625
2024-09-17,25418.55078125,52188.6484375,43415.0,64686.44921875,25896.400390625,23383.650390625,9388.150390625,1066.199951171875,42648.80078125,9380.5498046875,6675.39990234375,31409.05078125,32707.25,2114.050048828125,9415.2998046875
2024-09-18,25377.55078125,52750.3984375,42089.30078125,64615.05078125,25804.44921875,23025.19921875,9310.5498046875,1063.75,42350.69921875,9338.599609375,6676.9501953125,31182.75,32714.650390625,2107.699951171875,9337.0498046875
2024-09-19,25415.80078125,53037.6015625,41945.6015625,64975.80078125,25907.650390625,22930.150390625,9251.2001953125,1069.0,42326.8984375,9318.5498046875,6633.7998046875,31211.25,32798.1484375,2056.10009765625,9307.2001953125
2024-09-20,25790.94921875,53793.19921875,42204.3984375,65870.796875,26394.55078125,23005.25,9404.2998046875,1101.5999755859375,42850.0,9455.400390625,6628.0,31711.650390625,33306.3515625,2062.949951171875,9405.5
2024-09-23,25939.05078125,54105.80078125,41987.44921875,66305.203125,26805.400390625,23134.25,9454.849609375,1126.1500244140625,43370.5,9565.400390625,6853.7998046875,32086.69921875,33467.1484375,2077.85009765625,9509.5
2024-09-24,25940.400390625,53968.6015625,42243.94921875,65796.6484375,26920.44921875,23188.400390625,9735.400390625,1122.75,43707.8515625,9581.5498046875,6795.0,32180.05078125,33472.1484375,2078.10009765625,9597.0498046875
2024-09-25,26004.150390625,54101.6484375,41960.94921875,65521.69921875,26888.349609375,23249.0,9777.150390625,1130.1500244140625,44064.69921875,9623.75,6736.0,32167.099609375,33540.8515625,2139.25,9628.849609375
2024-09-26,26216.05078125,54375.3515625,42160.8984375,66156.8984375,27496.25,23250.900390625,9985.7001953125,1131.300048828125,44145.05078125,9663.2998046875,6804.64990234375,32590.349609375,33715.80078125,2148.0,9727.7998046875
2024-09-27,26178.94921875,53834.30078125,42312.6015625,65845.453125,27610.75,23519.099609375,10064.599609375,1117.800048828125,44545.0,9689.099609375,6853.75,32735.55078125,33477.94921875,2114.800048828125,9827.5498046875
2024-09-30,25810.849609375,52978.1015625,41946.1015625,65540.3515625,27027.19921875,23281.19921875,10198.349609375,1099.0,44016.69921875,9574.7998046875,6756.14990234375,32582.0,33007.5,2138.5,9825.75
2024-10-01,25796.900390625,52922.6015625,42434.80078125,65470.94921875,27083.44921875,23296.55078125,10222.9501953125,1096.8499755859375,43688.75,9555.25,6762.25,32761.400390625,33052.75,2172.75,9803.7001953125
2024-10-03,25250.099609375,51845.19921875,41762.6015625,64502.05078125,26302.099609375,23178.75,10155.0,1049.0,42550.5,9284.5,6678.39990234375,32104.900390625,32413.30078125,2126.449951171875,9630.5
2024-10-04,25014.599609375,51462.05078125,41912.5,63380.05078125,25926.30078125,23094.69921875,10113.2001953125,1031.800048828125,42080.6484375,9153.5,6714.64990234375,31602.400390625,32178.400390625,2070.949951171875,9528.4501953125
2024-10-07,24795.75,50478.8984375,42190.6015625,63028.3515625,25807.150390625,22977.80078125,9886.2998046875,1020.1500244140625,41039.3515625,9014.849609375,6492.35009765625,31157.94921875,31806.5,1995.300048828125,9300.599609375
2024-10-08,25013.150390625,51021.0,42387.55078125,63326.55078125,26236.099609375,23307.94921875,9794.4501953125,1029.949951171875,41712.75,9158.25,6580.10009765625,31564.650390625,32097.30078125,2057.39990234375,9381.25
2024-10-09,24981.94921875,51007.0,42622.75,62334.3515625,26450.25,23783.80078125,9800.75,1052.050048828125,41377.80078125,9146.599609375,6623.4501953125,31748.75,32209.5,2074.39990234375,9341.25
2024-10-10,24998.44921875,51530.8984375,42088.80078125,62056.30078125,26528.5,23305.150390625,9839.9501953125,1047.8499755859375,41509.19921875,9154.75,6606.0,31649.599609375,32301.849609375,2064.949951171875,9354.849609375
2024-10-11,24964.25,51172.30078125,42335.69921875,62080.19921875,26436.599609375,23582.25,9932.7001953125,1040.5999755859375,41515.80078125,9165.650390625,6606.0,31663.75,32203.55078125,2077.25,9382.150390625
2024-10-14,25127.94921875,51816.8984375,42872.75,62372.30078125,26463.55078125,23680.0,9905.0,1057.3499755859375,41534.94921875,9209.7998046875,6632.25,31636.650390625,32461.400390625,2056.5,9375.0498046875
2024-10-15,25057.349609375,51906.0,42731.30078125,62607.69921875,26242.599609375,23555.69921875,9762.0498046875,1079.050048828125,41283.6015625,9217.0498046875,6618.2998046875,31633.150390625,32472.69921875,2069.300048828125,9336.25
2024-10-16,24971.30078125,51801.05078125,42230.69921875,62373.25,25909.0,23467.349609375,9741.7001953125,1084.949951171875,41304.6484375,9231.25,6618.10009765625,31656.69921875,32354.349609375,2059.35009765625,9334.4501953125
2024-10-17,24749.849609375,51288.80078125,42734.3515625,61352.75,24991.19921875,23254.0,9603.2998046875,1044.1500244140625,40983.0,9134.5,6584.9501953125,30974.25,32132.5,2014.4000244140625,9186.0498046875
2024-10-18,24854.05078125,52094.19921875,42106.5,61042.1015625,25146.900390625,23356.19921875,9753.900390625,1047.300048828125,41205.55078125,9182.0,6671.25,31006.0,32240.25,2042.199951171875,9287.650390625
2024-10-21,24781.099609375,51962.69921875,41562.69921875,60280.25,25251.849609375,23122.69921875,9606.7998046875,1032.6500244140625,40984.69921875,9104.7998046875,6600.0,30593.69921875,32176.900390625,1984.3499755859375,9176.849609375
2024-10-22,24472.099609375,51257.1484375,41238.80078125,60000.94921875,24627.25,22828.19921875,9318.7998046875,997.75,40009.3515625,8934.099609375,6323.85009765625,30094.150390625,31832.44921875,1933.75,8962.0
2024-10-23,24435.5,51239.0,42222.1015625,60097.6484375,24451.30078125,22471.599609375,9295.25,997.1500244140625,39812.3984375,8862.0,6352.60009765625,29875.5,31954.75,1940.199951171875,8930.0
2024-10-24,24399.400390625,51531.1484375,42139.8515625,58396.8984375,24324.849609375,22570.80078125,9273.4501953125,985.8499755859375,39942.5,8873.0498046875,6430.0,29402.0,31964.80078125,1936.949951171875,8959.75
2024-10-25,24180.80078125,50787.44921875,42038.8515625,58908.5,23799.30078125,22574.55078125,9048.9501953125,974.3499755859375,39063.75,8712.4501953125,6283.89990234375,29144.900390625,31737.099609375,1894.3499755859375,8762.400390625
2024-10-28,24339.150390625,51259.30078125,42205.3984375,59252.6484375,23964.44921875,22857.25,9278.400390625,987.75,39123.5,8746.349609375,6521.2998046875,29240.900390625,31921.599609375,1931.5,8837.650390625
2024-10-29,24466.849609375,52320.69921875,42031.44921875,59203.8515625,23588.599609375,22601.400390625,9338.75,1001.8499755859375,39359.80078125,8783.5498046875,6758.9501953125,29195.599609375,32223.150390625,1937.5999755859375,8892.400390625
2024-10-30,24340.849609375,51807.5,41668.6015625,59748.8984375,23594.0,22374.94921875,9342.4501953125,1001.0499877929688,39296.1484375,8788.5498046875,6741.5498046875,29369.19921875,31889.0,1982.8499755859375,8882.5
2024-10-31,24205.349609375,51475.3515625,40407.55078125,59203.0,23514.69921875,22735.55078125,9326.849609375,999.5499877929688,39301.94921875,8823.400390625,6725.35009765625,29235.150390625,31547.0,2019.0,8887.849609375
2024-11-01,24304.349609375,51673.8984375,40433.6484375,59433.19921875,23805.599609375,22807.150390625,9390.2998046875,1009.0999755859375,39635.6484375,8869.150390625,6778.5498046875,29341.80078125,31657.099609375,2027.25,8958.400390625
2024-11-04,23995.349609375,51215.25,40421.80078125,58743.69921875,23573.19921875,22638.30078125,9242.900390625,979.5,38604.75,8681.7001953125,6762.39990234375,29045.349609375,31346.94921875,1983.550048828125,8760.150390625
2024-11-05,24213.30078125,52207.25,40424.6015625,58542.19921875,23839.599609375,22661.25,9505.400390625,985.5999755859375,38924.8984375,8705.849609375,6886.5,29161.849609375,31677.349609375,1978.949951171875,8906.5
2024-11-06,24484.05078125,52317.3984375,42039.5,58754.80078125,24137.900390625,22920.349609375,9656.4501953125,1011.0499877929688,39562.8515625,8857.150390625,6982.5,29511.0,32134.349609375,2006.8499755859375,9062.0
2024-11-07,24199.349609375,51916.5,41752.3984375,58180.25,23812.5,22526.94921875,9392.849609375,996.5499877929688,38990.55078125,8767.7001953125,6982.75,29139.75,31860.69921875,2002.5999755859375,8897.25
2024-11-08,24148.19921875,51561.19921875,42050.1484375,58359.3984375,23805.19921875,22542.25,9308.900390625,967.6500244140625,38403.6484375,8709.400390625,6845.2001953125,29272.099609375,31768.5,1960.699951171875,8770.599609375
2024-11-11,24141.30078125,51876.75,42590.30078125,57843.94921875,23729.44921875,22344.25,9216.25,966.2000122070312,38247.44921875,8657.75,6878.35009765625,29136.900390625,31938.650390625,1935.1500244140625,8684.150390625
2024-11-12,23883.44921875,51157.80078125,42609.55078125,56902.55078125,23269.099609375,22151.599609375,9078.5,967.9500122070312,37705.6484375,8554.599609375,6745.9501953125,28453.599609375,31577.25,1923.5,8579.75
2024-11-13,23559.05078125,50088.3515625,42369.5,56647.8515625,22765.19921875,21809.30078125,8836.75,937.25,37114.6484375,8430.849609375,6538.14990234375,28011.05078125,31127.5,1881.949951171875,8413.7998046875
2024-11-14,23532.69921875,50179.55078125,42390.8515625,55782.69921875,22914.5,21752.0,8828.7001953125,946.9500122070312,37047.55078125,8432.849609375,6492.64990234375,27783.30078125,31208.650390625,1924.4000244140625,8400.7001953125
2024-11-18,23453.80078125,50363.80078125,41406.55078125,56314.3515625,23043.849609375,21544.150390625,8996.650390625,952.25,36757.19921875,8401.599609375,6534.75,27902.849609375,31011.69921875,1898.949951171875,8392.849609375
2024-11-19,23518.5,50626.5,41748.3515625,56378.55078125,23359.5,21768.849609375,8920.349609375,966.2999877929688,36584.19921875,8381.099609375,6494.0498046875,27874.80078125,31137.599609375,1945.4000244140625,8360.4501953125
2024-11-21,23349.900390625,50372.8984375,41952.80078125,55693.69921875,23145.900390625,21740.099609375,8717.400390625,975.2999877929688,35789.30078125,8306.2998046875,6318.89990234375,27606.0,30967.849609375,1898.75,8192.5498046875
2024-11-22,23907.25,51135.3984375,43332.1015625,56956.44921875,23554.099609375,21962.05078125,8846.2001953125,1006.25,36523.5,8537.9501953125,6508.14990234375,28043.44921875,31595.75,1892.5999755859375,8311.099609375
2024-11-25,24221.900390625,52207.5,43618.1484375,57358.19921875,23716.44921875,22177.05078125,8883.0,1028.5,37006.0,8721.25,6779.10009765625,28549.25,32008.599609375,1927.3499755859375,8383.599609375
2024-11-26,24194.5,52191.5,44085.94921875,57838.25,23413.0,21961.75,8916.7001953125,1029.1500244140625,36722.19921875,8663.25,6789.9501953125,28607.0,32065.25,1943.0999755859375,8333.25
2024-11-27,24274.900390625,52301.80078125,44018.69921875,58028.6015625,23517.349609375,21828.599609375,8987.349609375,1024.9000244140625,37256.0,8700.7998046875,6783.9501953125,28843.599609375,32224.900390625,1962.0999755859375,8443.2998046875
2024-11-28,23914.150390625,51906.8515625,42968.75,57706.05078125,23134.69921875,21728.599609375,8964.849609375,1025.3499755859375,36979.19921875,8602.5,6846.85009765625,28650.650390625,31752.0,1968.3499755859375,8406.849609375
2024-11-29,24131.099609375,52055.6015625,43146.25,57943.69921875,23368.55078125,22240.19921875,9034.0,1020.1500244140625,37481.94921875,8734.2998046875,6813.85009765625,28852.0,31964.849609375,1996.800048828125,8536.599609375
2024-12-02,24276.05078125,52109.0,43547.0,57917.0,23599.599609375,22450.19921875,9133.599609375,1051.199951171875,37594.3984375,8803.7998046875,6800.39990234375,29001.849609375,32132.0,2017.25,8619.2001953125
2024-12-03,24457.150390625,52695.75,43754.94921875,57689.19921875,23752.400390625,22445.69921875,9246.25,1054.5999755859375,38014.05078125,8905.150390625,6977.5,29293.349609375,32395.94921875,2068.300048828125,8720.2001953125
2024-12-04,24467.44921875,53266.8984375,43949.25,57270.3515625,23584.0,22422.900390625,9230.099609375,1077.1500244140625,37736.05078125,8865.349609375,7134.35009765625,29218.30078125,32597.19921875,2083.85009765625,8703.650390625
2024-12-05,24708.400390625,53603.55078125,44806.3984375,57605.19921875,23736.25,22463.400390625,9282.75,1074.449951171875,37884.69921875,8936.7998046875,7125.5498046875,29300.150390625,32979.94921875,2083.949951171875,8729.099609375
2024-12-06,24677.80078125,53509.5,44716.05078125,57744.30078125,23960.25,22434.75,9397.150390625,1073.9000244140625,37842.80078125,8933.2001953125,7155.25,29462.25,32882.6484375,2077.050048828125,8764.2998046875
2024-12-09,24619.0,53407.75,44832.0,56460.6015625,23775.05078125,22309.099609375,9455.25,1076.9000244140625,37689.3984375,8944.7001953125,7114.85009765625,29241.30078125,32879.44921875,2035.1500244140625,8762.75
2024-12-10,24610.05078125,53577.69921875,45199.75,56530.25,23767.05078125,22291.44921875,9475.349609375,1092.3499755859375,37451.55078125,8899.75,7152.64990234375,29247.80078125,32937.5,2021.25,8748.5
2024-12-11,24641.80078125,53391.3515625,45350.3515625,56766.80078125,23851.849609375,22302.599609375,9483.650390625,1094.3499755859375,37308.8515625,8904.5498046875,7089.0498046875,29519.30078125,32958.8984375,2010.8499755859375,8753.2998046875
2024-12-12,24548.69921875,53216.44921875,45701.6484375,56146.69921875,23660.30078125,22229.30078125,9507.75,1089.8499755859375,37024.94921875,8846.650390625,7033.5498046875,29353.0,32966.1015625,1964.75,8724.5498046875
2024-12-13,24768.30078125,53583.80078125,45995.80078125,56869.3984375,23773.099609375,22157.349609375,9439.2998046875,1085.050048828125,37194.19921875,8951.7001953125,7020.7998046875,29480.650390625,33269.94921875,1953.25,8729.650390625
2024-12-16,24668.25,53581.3515625,45653.6015625,56697.19921875,23790.5,22255.55078125,9347.75,1118.6500244140625,36969.94921875,8927.0,7056.5,29478.5,33156.3984375,1981.6500244140625,8665.150390625
2024-12-17,24336.0,52834.80078125,45413.75,56467.44921875,23417.80078125,22074.55078125,9194.9501953125,1117.5999755859375,36375.3984375,8773.75,6928.0498046875,29124.349609375,32757.349609375,1982.0999755859375,8523.9501953125
2024-12-18,24198.849609375,52139.55078125,45526.8515625,56467.80078125,23241.25,22314.55078125,9069.900390625,1112.4000244140625,35981.80078125,8695.9501953125,6794.9501953125,28921.05078125,32448.150390625,1937.800048828125,8422.0
2024-12-19,23951.69921875,51575.69921875,44954.19921875,56157.8984375,23070.900390625,22697.900390625,8977.2001953125,1103.25,35628.19921875,8632.150390625,6754.7001953125,28744.69921875,32045.900390625,1920.5,8349.2001953125
2024-12-20,23587.5,50759.19921875,43771.05078125,55600.80078125,22580.0,22501.849609375,8813.25,1060.0999755859375,34910.6015625,8452.400390625,6575.7001953125,28098.099609375,31563.849609375,1887.9000244140625,8188.4501953125
2024-12-23,23753.44921875,51317.6015625,43828.3515625,56135.05078125,22557.75,22572.05078125,8891.400390625,1075.6500244140625,35147.75,8510.099609375,6646.5,28000.75,31724.0,1880.449951171875,8246.9501953125
2024-12-24,23727.650390625,51233.0,43668.8984375,56439.30078125,22685.55078125,22558.900390625,8817.599609375,1074.75,35084.94921875,8505.0498046875,6609.5498046875,27940.25,31654.5,1874.1500244140625,8206.25
2024-12-26,23750.19921875,51170.69921875,43664.25,56258.0,22876.099609375,22712.55078125,8805.25,1077.25,35159.55078125,8528.849609375,6630.14990234375,27958.44921875,31688.5,1846.75,8212.900390625
2024-12-27,23813.400390625,51311.30078125,43721.3984375,56444.25,23099.05078125,23008.349609375,8720.7001953125,1071.3499755859375,35039.3984375,8495.0,6570.89990234375,27918.80078125,31731.599609375,1853.75,8154.39990234375
2024-12-30,23644.900390625,50952.75,43971.44921875,56618.3984375,22768.25,23241.150390625,8609.849609375,1054.8499755859375,34832.19921875,8426.400390625,6493.25,27824.05078125,31583.44921875,1819.050048828125,8084.64990234375
2024-12-31,23644.80078125,50860.19921875,43337.80078125,56799.6484375,22834.0,23412.25,8649.900390625,1052.3499755859375,35188.25,8463.5,6540.7001953125,27932.5,31417.099609375,1817.8499755859375,8120.5498046875
2025-01-01,23742.900390625,,,,,23459.75,,,,,,,,,
2025-01-02,24188.650390625,51605.55078125,44351.75,57671.3515625,24016.19921875,23553.400390625,8723.349609375,1051.6500244140625,35715.8984375,8622.5,6598.5,28571.650390625,32065.69921875,1830.5999755859375,8245.099609375
2025-01-03,24004.75,50988.80078125,43726.55078125,57817.0,24005.0,23263.5,8729.9501953125,1045.0999755859375,35894.05078125,8596.25,6619.0,28684.69921875,31697.599609375,1861.75,8283.75
2025-01-06,23616.05078125,49922.0,43674.8515625,56714.3984375,23482.19921875,23073.05078125,8455.5,1012.0499877929688,34731.1484375,8391.25,6354.14990234375,28119.44921875,31251.900390625,1811.3499755859375,8027.35009765625
2025-01-07,23707.900390625,50202.1484375,43375.8515625,56719.55078125,23482.099609375,23228.55078125,8560.5498046875,1020.0999755859375,35164.75,8460.349609375,6385.85009765625,28204.099609375,31240.650390625,1836.050048828125,8112.75
2025-01-08,23688.94921875,49835.05078125,43634.25,56967.6015625,23370.150390625,23011.099609375,8503.2001953125,1018.5,35157.3984375,8455.0498046875,6335.39990234375,28121.900390625,31136.94921875,1822.6500244140625,8102.9501953125
2025-01-09,23526.5,49503.5,43126.44921875,57495.6015625,23305.19921875,22868.099609375,8398.849609375,990.7000122070312,34444.94921875,8357.0498046875,6255.2998046875,28045.099609375,30848.099609375,1808.6500244140625,8017.85009765625
2025-01-10,23431.5,48734.1484375,44609.5,57117.69921875,23017.75,22380.849609375,8262.9501953125,963.2999877929688,33743.0,8259.9501953125,6085.10009765625,27667.69921875,30811.150390625,1743.6500244140625,7873.0498046875
2025-01-13,23085.94921875,48041.25,43999.1015625,56420.1484375,22382.25,21903.349609375,7951.35009765625,901.0,32623.099609375,8054.2001953125,5897.25,26977.150390625,30307.55078125,1664.5,7616.35009765625
2025-01-14,23176.05078125,48729.1484375,43061.19921875,55627.19921875,22833.05078125,22203.900390625,8267.5,908.2000122070312,33567.75,8139.7001953125,6144.75,27069.05078125,30458.55078125,1713.9000244140625,7844.5
2025-01-15,23213.19921875,48751.69921875,43401.25,55549.8515625,22712.75,21972.69921875,8280.9501953125,920.8499755859375,33821.19921875,8218.25,6150.9501953125,27037.650390625,30528.30078125,1690.6500244140625,7902.89990234375
2025-01-16,23311.80078125,49278.69921875,43188.8515625,55240.0,22861.25,21909.75,8422.0,927.0499877929688,34275.1015625,8301.4501953125,6307.60009765625,27197.69921875,30708.150390625,1698.699951171875,8009.75
2025-01-17,23203.19921875,48540.6015625,42032.19921875,55800.8515625,22791.099609375,22061.69921875,8521.7001953125,939.25,34686.1015625,8400.900390625,6294.0,27363.099609375,30248.349609375,1702.449951171875,8097.85009765625
2025-01-20,23344.75,49350.80078125,42192.80078125,55738.05078125,22671.80078125,22182.400390625,8613.349609375,945.3499755859375,34970.55078125,8451.849609375,6419.25,27430.25,30509.099609375,1719.4000244140625,8159.60009765625
2025-01-21,23024.650390625,48570.8984375,41697.94921875,55622.6484375,22303.19921875,21882.900390625,8532.099609375,906.4000244140625,34308.5,8309.5,6308.14990234375,27125.349609375,30001.19921875,1693.75,8056.85009765625
2025-01-22,23155.349609375,48724.3984375,42590.69921875,55596.05078125,22274.349609375,22034.94921875,8470.25,865.0499877929688,33805.19921875,8285.5498046875,6244.60009765625,27164.80078125,30278.19921875,1663.25,8018.0498046875
2025-01-23,23205.349609375,48589.0,43351.75,55781.80078125,22518.94921875,22343.30078125,8515.5498046875,873.7000122070312,33866.6015625,8314.7001953125,6238.64990234375,27335.599609375,30314.25,1687.25,8098.0
2025-01-24,23092.19921875,48367.80078125,43524.1015625,56069.3515625,22171.05078125,21872.400390625,8438.7998046875,853.5499877929688,33263.55078125,8243.650390625,6152.9501953125,27136.30078125,30220.94921875,1643.4000244140625,8027.0
2025-01-27,22829.150390625,48064.6484375,42060.69921875,55654.5,21970.44921875,21292.30078125,8189.7998046875,844.5999755859375,32417.55078125,8112.2998046875,6093.39990234375,26656.650390625,29768.94921875,1565.6500244140625,7866.5498046875
2025-01-28,22957.25,48866.8515625,41820.6484375,55441.94921875,22264.150390625,20796.599609375,8157.4501953125,862.9000244140625,31966.099609375,8116.0498046875,6197.5498046875,26601.650390625,30100.599609375,1546.1500244140625,7830.9501953125
2025-01-29,23163.099609375,49165.94921875,42914.5,55163.05078125,22586.349609375,21163.900390625,8308.650390625,888.0,32607.849609375,8163.75,6245.0,26838.25,30463.599609375,1585.4000244140625,7923.7998046875
2025-01-30,23249.5,49311.94921875,42426.6484375,55558.94921875,22495.69921875,21419.650390625,8299.75,903.7999877929688,33026.05078125,8226.7001953125,6232.4501953125,26914.849609375,30542.69921875,1566.1500244140625,7979.75
2025-01-31,23508.400390625,49587.19921875,42662.75,56691.94921875,22867.599609375,21438.599609375,8399.7001953125,921.3499755859375,33895.6015625,8348.5,6317.2998046875,27463.400390625,30708.099609375,1580.25,8085.64990234375
2025-02-01,23482.150390625,,,,,,,,,,,,,,
2025-02-03,23361.05078125,49210.55078125,42314.25,57419.55078125,23327.0,21361.599609375,8155.14990234375,949.7000122070312,32177.400390625,8115.64990234375,6117.60009765625,26981.5,30653.69921875,1609.800048828125,7864.0
2025-02-04,23739.25,50157.94921875,42860.19921875,57274.69921875,23535.05078125,21733.94921875,8301.4501953125,954.9500122070312,32896.69921875,8310.75,6264.9501953125,27236.05078125,31177.599609375,1621.6500244140625,8016.7998046875
2025-02-05,23696.30078125,50343.05078125,42888.30078125,56383.75,23517.099609375,21868.5,8427.099609375,937.2999877929688,33345.44921875,8317.25,6329.35009765625,27210.30078125,31208.349609375,1650.75,8100.10009765625
2025-02-06,23603.349609375,50382.1015625,43020.94921875,55841.80078125,23298.849609375,22009.05078125,8363.650390625,916.7999877929688,33059.75,8249.4501953125,6283.14990234375,27161.44921875,31161.900390625,1638.3499755859375,8040.39990234375
2025-02-07,23559.94921875,50158.8515625,42921.6484375,55113.30078125,23459.94921875,22077.0,8585.7998046875,917.7000122070312,32817.30078125,8249.25,6196.75,27059.80078125,31098.099609375,1621.75,8083.9501953125
2025-02-10,23381.599609375,49981.0,42596.55078125,54856.6484375,23112.650390625,21665.650390625,8359.25,890.2999877929688,32109.900390625,8169.85009765625,6133.64990234375,26755.5,30900.94921875,1583.0999755859375,7937.85009765625
2025-02-11,23071.80078125,49403.3984375,41968.30078125,53794.25,22573.900390625,21249.5,8213.5498046875,863.0,31436.75,8029.85009765625,6001.7001953125,26298.05078125,30506.650390625,1537.949951171875,7808.2001953125
2025-02-12,23045.25,49479.44921875,41733.0,53739.0,22407.44921875,21142.05078125,8268.400390625,839.3499755859375,31317.30078125,8019.64990234375,6052.35009765625,26290.5,30524.55078125,1537.050048828125,7816.25
2025-02-13,23031.400390625,49359.8515625,41315.55078125,53314.75,22344.30078125,21427.099609375,8336.349609375,846.1500244140625,31286.80078125,8015.5498046875,5997.85009765625,26176.0,30493.349609375,1544.5999755859375,7843.85009765625
2025-02-14,22929.25,49099.44921875,41311.1484375,53138.55078125,22069.30078125,20811.55078125,8187.5,831.4500122070312,30572.30078125,7923.2001953125,5872.4501953125,25920.599609375,30420.69921875,1492.1500244140625,7706.14990234375
2025-02-17,22959.5,49258.8984375,41073.19921875,52945.0,21951.849609375,21076.0,8250.2001953125,831.5499877929688,30737.55078125,7937.39990234375,5904.39990234375,25955.849609375,30435.349609375,1481.5999755859375,7759.2998046875
2025-02-18,22945.30078125,49087.30078125,41464.3515625,52480.5,21818.900390625,20969.19921875,8255.599609375,832.0499877929688,30849.05078125,7953.2001953125,5872.60009765625,25871.5,30539.30078125,1472.6500244140625,7781.85009765625
2025-02-19,22932.900390625,49570.1015625,40924.25,52360.44921875,21809.150390625,20820.0,8359.2001953125,845.9500122070312,31198.5,7986.10009765625,5950.89990234375,25835.5,30540.94921875,1493.699951171875,7839.0
2025-02-20,22913.150390625,49334.55078125,40865.94921875,52337.30078125,22074.900390625,20785.75,8523.0,855.4000244140625,31769.650390625,8050.2998046875,6051.85009765625,25992.69921875,30431.599609375,1510.0999755859375,7956.2998046875
2025-02-21,22795.900390625,48981.19921875,40544.55078125,52098.1484375,21505.900390625,20385.650390625,8609.7001953125,844.5,31592.0,8008.4501953125,5970.60009765625,25873.05078125,30283.44921875,1492.4000244140625,7954.0
2025-02-24,22553.349609375,48651.94921875,39446.6015625,52285.80078125,21552.5,20389.69921875,8422.7998046875,837.6500244140625,31240.80078125,7896.89990234375,5953.2001953125,25775.099609375,29819.80078125,1477.75,7827.14990234375
2025-02-25,22547.55078125,48608.3515625,39131.30078125,52453.3515625,21662.650390625,20249.150390625,8293.4501953125,826.6500244140625,31018.30078125,7867.85009765625,5880.75,25816.94921875,29892.349609375,1490.1500244140625,7758.2001953125
2025-02-27,22545.05078125,48743.80078125,38946.6484375,52055.1484375,21335.349609375,20201.25,8334.7998046875,809.3499755859375,30659.25,7827.25,5816.85009765625,25632.849609375,29973.19921875,1436.8499755859375,7713.75
2025-02-28,22124.69921875,48344.69921875,37318.30078125,50689.0,20498.599609375,19813.5,8219.25,797.9000244140625,30018.150390625,7665.5498046875,5652.10009765625,24934.400390625,29406.69921875,1386.8499755859375,7595.7998046875
2025-03-03,22119.30078125,48114.30078125,37614.44921875,50786.6484375,20538.150390625,19879.80078125,8316.2998046875,807.9500122070312,30007.05078125,7697.35009765625,5631.25,25086.30078125,29410.150390625,1371.550048828125,7648.75
2025-03-04,22082.650390625,48245.19921875,37276.94921875,50524.25,20269.19921875,19820.650390625,8347.75,808.75,30239.150390625,7697.35009765625,5718.89990234375,24992.599609375,29415.55078125,1404.050048828125,7678.7001953125
2025-03-05,22337.30078125,48489.94921875,38072.30078125,51279.1015625,20796.75,20126.80078125,8685.2001953125,827.5499877929688,31099.44921875,7864.2001953125,5890.4501953125,25504.80078125,29656.94921875,1448.0999755859375,7886.2001953125
2025-03-06,22544.69921875,48627.69921875,38145.30078125,51890.30078125,20959.69921875,20423.349609375,8888.650390625,826.1500244140625,31729.849609375,7979.5498046875,5929.14990234375,25801.69921875,29812.900390625,1462.199951171875,8041.39990234375
2025-03-07,22552.5,48497.5,37820.44921875,51891.80078125,21009.69921875,20378.30078125,8926.900390625,816.3499755859375,31788.44921875,8000.85009765625,5931.39990234375,25782.150390625,29664.150390625,1488.949951171875,8063.0498046875
2025-03-10,22460.30078125,48216.80078125,37644.3984375,52006.3984375,20752.80078125,20256.55078125,8850.2998046875,799.7000122070312,31302.19921875,7929.5498046875,5821.14990234375,25573.80078125,29589.44921875,1485.1500244140625,7992.5
2025-03-11,22497.900390625,47853.94921875,37400.1015625,51951.44921875,20682.650390625,20332.099609375,8897.2998046875,828.7000122070312,31462.650390625,7989.60009765625,5822.2001953125,25542.650390625,29572.94921875,1482.449951171875,8043.60009765625
2025-03-12,22470.5,48056.6484375,36310.6484375,51957.25,20783.69921875,20424.0,8854.2998046875,815.0499877929688,31535.30078125,7983.0,5759.2001953125,25406.69921875,29474.19921875,1459.75,8049.7001953125
2025-03-13,22397.19921875,48060.3984375,36122.5,51879.25,20554.05078125,20386.849609375,8777.650390625,800.1500244140625,31483.0,7939.75,5783.85009765625,25286.80078125,29396.75,1437.800048828125,8008.4501953125
2025-03-17,22508.75,48354.1484375,36137.19921875,51773.1484375,20741.150390625,20703.94921875,8845.25,797.0999755859375,31660.150390625,7950.0498046875,5770.25,25344.05078125,29589.650390625,1428.5,8065.9501953125
2025-03-18,22834.30078125,49314.5,36619.3515625,52475.0,21234.94921875,21041.30078125,9033.4501953125,822.2999877929688,32165.5,8045.64990234375,5902.64990234375,25794.19921875,30070.94921875,1480.1500244140625,8169.10009765625
2025-03-19,22907.599609375,49702.6015625,36223.5,52184.1015625,21319.5,21145.650390625,9148.5498046875,845.3499755859375,32735.05078125,8163.9501953125,6019.35009765625,25891.400390625,30214.19921875,1496.1500244140625,8281.099609375
2025-03-20,23190.650390625,50062.8515625,36676.6484375,52857.8984375,21623.05078125,21340.599609375,9254.099609375,854.4000244140625,33001.05078125,8282.4501953125,6044.85009765625,26145.44921875,30580.30078125,1514.449951171875,8341.0
2025-03-21,23350.400390625,50593.55078125,36702.80078125,52986.05078125,21756.0,21625.900390625,9203.5498046875,862.75,33475.05078125,8386.7001953125,6130.9501953125,26239.5,30835.69921875,1547.699951171875,8430.7001953125
2025-03-24,23658.349609375,51704.94921875,37217.05078125,53232.75,21938.69921875,21771.150390625,9262.849609375,875.9500122070312,33955.0,8507.5,6326.10009765625,26480.0,31297.80078125,1548.699951171875,8533.650390625
2025-03-25,23668.650390625,51607.94921875,37706.8984375,53131.30078125,21737.599609375,21542.5,9132.900390625,863.2000122070312,33502.3984375,8472.849609375,6216.9501953125,26246.25,31373.099609375,1524.0,8478.2998046875
2025-03-26,23486.849609375,51209.0,37336.69921875,52988.5,21742.80078125,21360.599609375,9097.7001953125,852.0499877929688,33205.3984375,8428.5498046875,6142.7998046875,26323.849609375,31046.849609375,1487.3499755859375,8408.9501953125
2025-03-27,23591.94921875,51575.8515625,37548.30078125,53276.6015625,21516.75,21275.150390625,9159.7998046875,863.5499877929688,33682.94921875,8481.900390625,6296.14990234375,26295.69921875,31259.19921875,1509.9000244140625,8514.900390625
2025-03-28,23519.349609375,51564.8515625,36886.1484375,53589.80078125,21295.5,21137.44921875,9092.5,851.2999877929688,33571.6015625,8457.7998046875,6263.39990234375,26241.5,31163.349609375,1475.25,8468.7001953125
2025-04-01,23165.69921875,50827.5,35980.6484375,53101.75,21235.25,20771.80078125,9016.849609375,824.8499755859375,33289.1484375,8389.5,6254.39990234375,25935.349609375,30579.75,1508.300048828125,8408.2001953125
2025-04-02,23332.349609375,51348.05078125,36283.5,53702.6015625,21408.849609375,20952.849609375,9080.0498046875,854.6500244140625,33463.69921875,8434.5,6300.85009765625,26101.30078125,30883.900390625,1517.550048828125,8445.4501953125
2025-04-03,23250.099609375,51597.3515625,34757.25,53806.75,21164.0,21423.55078125,9005.150390625,853.7999877929688,33559.80078125,8455.150390625,6423.2001953125,26076.599609375,30678.94921875,1534.0999755859375,8459.2998046875
2025-04-04,22904.44921875,51502.69921875,33511.44921875,53830.69921875,20593.150390625,20560.0,8414.4501953125,823.0499877929688,32308.900390625,8231.650390625,6266.9501953125,25426.0,30481.05078125,1488.5,8150.7998046875
2025-04-07,22161.599609375,49860.1015625,32668.80078125,53241.1484375,19815.55078125,19995.5,7846.35009765625,776.2000122070312,31414.55078125,7959.9501953125,6089.2001953125,25025.69921875,29566.099609375,1429.9000244140625,7849.60009765625
2025-04-08,22535.849609375,50511.0,33244.3984375,54300.25,20138.150390625,20377.900390625,7965.60009765625,795.4000244140625,31866.75,8109.2001953125,6249.9501953125,25371.599609375,30036.599609375,1497.449951171875,7980.7001953125
2025-04-09,22399.150390625,50240.1484375,32517.349609375,55264.75,20140.400390625,19976.30078125,7847.5,780.2999877929688,31558.94921875,8086.25,6092.5498046875,25560.75,29818.80078125,1479.199951171875,7939.64990234375
2025-04-11,22828.55078125,51002.3515625,32740.849609375,55741.1015625,20548.650390625,20461.900390625,8168.2998046875,790.1500244140625,32411.099609375,8250.150390625,6171.2998046875,25903.44921875,30282.55078125,1503.800048828125,8177.10009765625
2025-04-15,23328.55078125,52379.5,33275.30078125,55896.94921875,21246.19921875,20912.19921875,8429.849609375,834.75,33106.55078125,8450.599609375,6268.39990234375,26413.75,30992.400390625,1548.449951171875,8347.0
2025-04-16,23437.19921875,53117.75,33295.5,56345.6015625,21155.80078125,20874.30078125,8454.7998046875,840.7999877929688,33456.8984375,8481.2998046875,6417.0498046875,26506.150390625,31206.30078125,1577.5999755859375,8379.2998046875
2025-04-17,23851.650390625,54290.19921875,33372.3515625,56674.19921875,21373.099609375,21126.75,8476.5,845.0999755859375,33797.5,8632.7998046875,6522.5,26703.94921875,31832.19921875,1581.1500244140625,8448.0498046875
2025-04-21,24125.55078125,55304.5,34135.05078125,56130.19921875,21826.0,21351.05078125,8653.5,864.0999755859375,34640.75,8728.599609375,6683.89990234375,26876.900390625,32240.75,1596.25,8574.5
2025-04-22,24167.25,55647.19921875,33941.05078125,57193.80078125,21903.69921875,21438.05078125,8669.5,885.0,34516.3515625,8686.0,6734.2998046875,27097.150390625,32299.69921875,1598.6500244140625,8561.0
2025-04-23,24328.94921875,55370.05078125,35414.6484375,57497.8984375,22424.44921875,21738.94921875,8737.2998046875,896.75,34755.05078125,8747.400390625,6696.0,27381.05078125,32465.75,1597.25,8590.25
2025-04-24,24246.69921875,55201.3984375,35307.1015625,56887.55078125,22367.55078125,21974.599609375,8753.2998046875,884.1500244140625,34726.75,8724.650390625,6685.39990234375,27223.30078125,32289.25,1599.5,8617.2998046875
2025-04-25,24039.349609375,54664.05078125,35562.25,56532.3515625,21994.5,21482.55078125,8569.75,859.3499755859375,33956.5,8589.2998046875,6535.5,26764.099609375,31985.650390625,1547.75,8473.900390625
2025-04-28,24328.5,55432.80078125,35482.94921875,56620.30078125,22352.94921875,21908.099609375,8689.900390625,871.5,34538.8515625,8759.849609375,6695.0,26922.69921875,32208.349609375,1559.949951171875,8617.349609375
2025-04-29,24335.94921875,55391.25,35920.3984375,56474.5,22299.05078125,21676.650390625,8607.150390625,869.25,34438.75,8763.849609375,6691.39990234375,26910.0,32195.30078125,1547.6500244140625,8558.2001953125
2025-04-30,24334.19921875,55087.1484375,35794.94921875,56445.3515625,22308.400390625,21772.44921875,8581.7998046875,885.8499755859375,34241.6015625,8785.849609375,6542.25,27015.69921875,32175.599609375,1513.9000244140625,8515.5
2025-05-02,24346.69921875,55115.3515625,35891.8515625,56252.25,22286.5,21627.44921875,8518.400390625,881.5499877929688,34138.75,8794.5,6554.4501953125,26904.900390625,32205.94921875,1521.3499755859375,8486.7001953125
2025-05-05,24461.150390625,54919.5,35991.25,56936.19921875,22699.19921875,21775.75,8600.150390625,887.3499755859375,34583.6015625,8896.2001953125,6552.10009765625,27102.05078125,32304.80078125,1531.0999755859375,8563.2001953125
2025-05-06,24379.599609375,54271.3984375,35869.19921875,56883.3984375,22737.599609375,21534.349609375,8524.7001953125,855.5999755859375,33771.1015625,8820.0498046875,6235.2001953125,26979.099609375,32157.5,1508.0,8453.5
2025-05-07,24414.400390625,54610.8984375,35920.30078125,56590.25,23114.099609375,21462.44921875,8608.0498046875,865.1500244140625,34048.05078125,8824.2001953125,6253.14990234375,27115.349609375,32283.349609375,1524.0,8482.900390625
2025-05-08,24273.80078125,54365.6484375,36002.44921875,56020.69921875,22674.150390625,21115.05078125,8428.400390625,843.7999877929688,33534.75,8735.400390625,6168.4501953125,26790.55078125,32088.69921875,1527.050048828125,8358.7998046875
2025-05-09,24008.0,53595.25,35880.1015625,55633.0,22627.80078125,21071.75,8420.5498046875,823.75,33337.55078125,8662.650390625,6266.4501953125,26751.099609375,31622.55078125,1541.1500244140625,8302.599609375
2025-05-12,24924.69921875,55382.8515625,38282.55078125,57101.3984375,23400.44921875,21102.69921875,8914.25,872.5999755859375,34734.30078125,8979.7998046875,6471.39990234375,27550.150390625,32945.80078125,1590.0999755859375,8644.150390625
2025-05-13,24578.349609375,54940.8515625,37354.6015625,56334.1484375,23167.25,21359.75,8834.650390625,866.2999877929688,34549.25,8877.7998046875,6572.5,27484.150390625,32418.75,1616.5,8549.25
2025-05-14,24666.900390625,54801.30078125,37853.55078125,56351.69921875,23356.849609375,21480.5,9052.099609375,881.0,35040.75,8928.349609375,6609.60009765625,27690.349609375,32477.94921875,1637.050048828125,8645.650390625
2025-05-15,25062.099609375,55355.6015625,38293.80078125,56685.94921875,23804.849609375,21650.650390625,9210.0498046875,897.9500122070312,35362.55078125,9068.849609375,6621.64990234375,27907.19921875,32942.1015625,1663.050048828125,8773.2001953125
2025-05-16,25019.80078125,55354.8984375,37972.3515625,57061.80078125,23953.150390625,21633.19921875,9201.849609375,912.5499877929688,35664.80078125,9053.650390625,6628.60009765625,28156.849609375,32802.69921875,1681.449951171875,8812.150390625
2025-05-19,24945.44921875,55420.69921875,37477.80078125,56955.69921875,24052.599609375,21740.44921875,9210.75,933.2000122070312,35690.8515625,9040.2001953125,6725.2998046875,28242.599609375,32730.599609375,1671.5999755859375,8784.9501953125
2025-05-20,24683.900390625,54877.3515625,37283.5,56206.25,23531.19921875,21456.150390625,9156.0498046875,922.7999877929688,35435.1484375,8948.7998046875,6662.5498046875,27851.19921875,32384.400390625,1648.800048828125,8710.849609375
2025-05-21,24813.44921875,55075.1015625,37540.1015625,56413.1484375,23700.099609375,21723.650390625,9208.150390625,938.7000122070312,35647.1015625,8993.7001953125,6707.10009765625,28157.19921875,32546.75,1655.699951171875,8741.849609375
2025-05-22,24609.69921875,54941.30078125,37050.1484375,55598.05078125,23459.900390625,21521.75,9179.650390625,934.4000244140625,35357.1015625,8932.0,6667.9501953125,27909.55078125,32371.0,1674.050048828125,8667.849609375
2025-05-23,24853.150390625,55398.25,37403.55078125,56502.05078125,23515.25,21434.25,9249.599609375,936.8499755859375,35637.8984375,9007.2001953125,6702.7001953125,28063.150390625,32715.75,1683.1500244140625,8724.400390625
2025-05-26,25001.150390625,55572.0,37785.8984375,57049.69921875,23763.150390625,21501.80078125,9336.4501953125,944.0,35882.6015625,9045.099609375,6714.2998046875,28187.150390625,32827.0,1691.5,8764.849609375
2025-05-27,24826.19921875,55352.80078125,37501.44921875,56547.6015625,23596.900390625,21524.94921875,9294.9501953125,946.2999877929688,35880.8984375,8988.25,6731.5,28219.599609375,32598.400390625,1690.0,8696.099609375
2025-05-28,24752.44921875,55417.0,37465.75,55703.8515625,23437.05078125,21393.30078125,9239.5,944.9000244140625,35888.55078125,8967.150390625,6797.10009765625,28125.05078125,32614.599609375,1707.550048828125,8647.099609375
2025-05-29,24833.599609375,55546.05078125,37754.1484375,55630.44921875,23555.75,21589.349609375,9351.650390625,955.7000122070312,35988.69921875,8999.2001953125,6780.7001953125,28306.150390625,32706.80078125,1711.050048828125,8678.0
2025-05-30,24750.69921875,55749.69921875,37321.75,55283.0,23325.599609375,21442.05078125,9193.25,949.3499755859375,35879.05078125,8970.349609375,6976.0,28115.80078125,32629.94921875,1711.300048828125,8583.849609375
2025-06-02,24716.599609375,55903.3984375,37061.8515625,55732.55078125,23327.05078125,21394.099609375,9128.5498046875,971.25,35933.80078125,8981.150390625,7125.9501953125,28232.150390625,32594.80078125,1716.75,8565.599609375
2025-06-03,24542.5,55599.94921875,36814.8984375,55460.80078125,23268.69921875,21354.19921875,9122.2998046875,982.9000244140625,35549.6015625,8910.25,7084.0498046875,28178.349609375,32340.94921875,1726.0999755859375,8507.0498046875
2025-06-04,24620.19921875,55676.8515625,36938.1015625,55530.55078125,23332.599609375,21371.69921875,9177.400390625,976.0,35734.19921875,8968.2001953125,7100.85009765625,28322.19921875,32446.349609375,1729.300048828125,8565.650390625
2025-06-05,24750.900390625,55760.8515625,37107.94921875,55632.44921875,23306.19921875,21644.19921875,9231.5,993.0999755859375,35824.8515625,9021.0498046875,7059.64990234375,28392.150390625,32615.05078125,1725.4000244140625,8581.849609375
2025-06-06,25003.05078125,56578.3984375,37294.8515625,55802.69921875,23661.30078125,21684.400390625,9406.4501953125,1039.5999755859375,35924.05078125,9081.150390625,7100.2998046875,28550.69921875,32992.19921875,1705.75,8685.349609375
2025-06-09,25103.19921875,56839.6015625,37669.19921875,56026.1015625,23777.150390625,21826.80078125,9477.0,1038.1500244140625,36352.80078125,9149.150390625,7208.4501953125,28811.30078125,33146.1015625,1713.0,8752.849609375
2025-06-10,25104.25,56629.1015625,38300.0,56198.80078125,23759.0,21948.0,9509.7001953125,1026.300048828125,36515.25,9140.0498046875,7170.85009765625,28802.19921875,33135.3984375,1731.6500244140625,8797.75
2025-06-11,25141.400390625,56459.75,38784.30078125,55820.6015625,23805.19921875,22057.150390625,9495.7998046875,1027.25,36624.69921875,9163.2001953125,7107.75,28668.599609375,33181.55078125,1730.5,8839.0
2025-06-12,24888.19921875,56082.55078125,38460.30078125,55104.1015625,23411.80078125,22036.150390625,9348.5,1006.4500122070312,35918.3515625,9035.849609375,7017.5,28286.80078125,32890.44921875,1723.1500244140625,8700.599609375
2025-06-13,24718.599609375,55527.3515625,38469.25,54527.1484375,23327.400390625,21985.150390625,9258.7998046875,1007.0499877929688,35740.55078125,8971.9501953125,6934.85009765625,28184.30078125,32646.80078125,1726.0999755859375,8637.5498046875
2025-06-16,24946.5,55944.8984375,39073.05078125,54873.30078125,23368.25,22039.44921875,9358.25,1020.2999877929688,36010.44921875,9068.900390625,6952.89990234375,28341.75,32977.94921875,1735.949951171875,8731.0
2025-06-17,24853.400390625,55714.1484375,39356.1015625,54708.75,23227.30078125,21622.80078125,9224.400390625,1013.7000122070312,35836.0,9025.9501953125,6903.10009765625,28351.150390625,32902.3515625,1723.4000244140625,8663.5498046875
2025-06-18,24812.05078125,55828.75,39030.8984375,54452.3984375,23312.349609375,21588.400390625,9158.25,1008.9000244140625,35667.55078125,8994.599609375,6874.64990234375,28268.099609375,32807.0,1701.5,8621.7001953125
2025-06-19,24793.25,55577.44921875,38664.94921875,54283.5,23434.650390625,21441.849609375,9040.4501953125,992.75,35273.8515625,8975.099609375,6734.2998046875,28023.349609375,32690.69921875,1668.949951171875,8549.900390625
2025-06-20,25112.400390625,56252.8515625,38991.44921875,54630.94921875,23679.349609375,21613.0,9138.599609375,1013.6500244140625,35600.19921875,9130.5498046875,6844.75,28210.05078125,33129.8984375,1674.800048828125,8626.75
2025-06-23,24971.900390625,56059.3515625,38414.1015625,54226.8515625,23461.150390625,21626.19921875,9198.5498046875,1012.6500244140625,35608.94921875,9083.7998046875,6839.5498046875,28087.900390625,32931.44921875,1748.4000244140625,8651.0498046875
2025-06-24,25044.349609375,56461.8984375,38417.94921875,54346.30078125,23598.25,21672.099609375,9291.099609375,1014.25,35727.05078125,9120.650390625,6939.10009765625,28278.30078125,33068.3515625,1728.800048828125,8703.75
2025-06-25,25244.75,56621.1484375,39046.30078125,54747.25,23827.80078125,21804.80078125,9329.2001953125,1019.7000122070312,35820.55078125,9205.5,6952.9501953125,28497.80078125,33340.8515625,1763.1500244140625,8753.599609375
2025-06-26,25549.0,57206.69921875,38996.25,55118.80078125,23961.69921875,21808.19921875,9544.5498046875,1009.5499877929688,36179.1015625,9355.7998046875,6982.64990234375,28697.650390625,33774.3984375,1743.8499755859375,8907.849609375
2025-06-27,25637.80078125,57443.8984375,38822.94921875,55109.0,24007.94921875,21928.599609375,9578.2001953125,993.9500122070312,36542.6015625,9438.7001953125,7015.5,28858.349609375,33875.05078125,1747.8499755859375,8974.7998046875
2025-06-30,25517.05078125,57312.75,38950.0,54883.8984375,23872.55078125,22038.69921875,9534.7998046875,986.5499877929688,36568.6484375,9409.349609375,7202.39990234375,28937.69921875,33740.19921875,1754.449951171875,8937.9501953125
2025-07-01,25541.80078125,57459.44921875,38833.1484375,54502.94921875,23824.0,22041.25,9564.5498046875,984.2000122070312,36480.1015625,9451.25,7253.60009765625,28777.400390625,33695.80078125,1731.4000244140625,8966.400390625
2025-07-02,25453.400390625,56999.19921875,38879.1015625,54439.69921875,23899.849609375,22110.80078125,9699.2001953125,970.0499877929688,36331.25,9429.0498046875,7193.64990234375,28841.349609375,33521.1484375,1725.1500244140625,9023.0498046875
2025-07-03,25405.30078125,56791.94921875,38854.30078125,54515.75,24004.94921875,22204.25,9623.4501953125,963.1500244140625,36362.80078125,9399.7001953125,7129.89990234375,28882.05078125,33405.80078125,1750.1500244140625,8997.0
2025-07-04,25461.0,57031.8984375,39166.55078125,54735.6015625,23980.400390625,22384.599609375,9580.400390625,971.9500122070312,36509.6015625,9433.9501953125,7152.9501953125,28902.75,33565.3984375,1761.75,9017.400390625
2025-07-07,25461.30078125,56949.19921875,38866.94921875,55652.8515625,23943.900390625,22365.05078125,9522.150390625,972.75,36532.3984375,9455.0498046875,7141.25,29045.599609375,33514.25,1743.550048828125,9004.9501953125
2025-07-08,25522.5,57256.30078125,38983.25,55504.0,23852.900390625,22165.900390625,9517.400390625,982.3499755859375,36605.8515625,9481.2998046875,7123.2001953125,28964.599609375,33699.0,1741.550048828125,9040.150390625
2025-07-09,25476.099609375,57213.55078125,38680.8515625,55946.19921875,23944.400390625,22208.5,9384.5,967.75,36517.5,9419.7001953125,7092.35009765625,29026.69921875,33638.6015625,1734.699951171875,8988.349609375
2025-07-10,25355.25,56956.0,38376.6484375,55628.19921875,23916.849609375,22076.80078125,9423.5498046875,974.7000122070312,36447.6484375,9360.25,7035.60009765625,28958.30078125,33440.55078125,1732.0999755859375,8976.349609375
2025-07-11,25149.849609375,56754.69921875,37693.25,55910.25,23493.80078125,22225.900390625,9382.849609375,962.9000244140625,36097.8515625,9256.75,7025.75,28939.849609375,33143.25,1704.300048828125,8918.599609375
2025-07-14,25082.30078125,56765.3515625,37273.69921875,56025.6015625,23552.0,22410.349609375,9407.9501953125,976.25,36201.05078125,9251.2998046875,7076.7001953125,29059.94921875,33066.75,1727.5,8937.25
2025-07-15,25195.80078125,57006.6484375,37424.6015625,56429.05078125,23905.25,22665.69921875,9411.9501953125,983.9500122070312,36308.5,9287.599609375,7138.35009765625,29190.05078125,33200.0,1735.8499755859375,8958.150390625
2025-07-16,25212.05078125,57168.94921875,37660.75,56685.55078125,24011.150390625,22593.900390625,9360.7001953125,988.8499755859375,36350.8984375,9299.400390625,7267.2001953125,29201.900390625,33242.69921875,1758.5999755859375,8947.7001953125
2025-07-17,25111.44921875,56828.80078125,37138.55078125,56843.05078125,24002.5,22680.349609375,9423.349609375,1001.0999755859375,36438.25,9265.9501953125,7209.89990234375,29254.849609375,33018.80078125,1754.25,8960.099609375
2025-07-18,24968.400390625,56283.0,37141.8984375,56506.8984375,23894.349609375,22592.75,9458.2001953125,999.9000244140625,36231.6484375,9216.900390625,7162.5,29137.650390625,32761.349609375,1771.050048828125,8947.25
2025-07-21,25090.69921875,56952.75,37031.75,56222.69921875,24055.0,22531.849609375,9555.5,1006.25,36248.55078125,9197.2998046875,7118.10009765625,29288.599609375,33116.6484375,1773.9000244140625,8952.2001953125
2025-07-22,25060.900390625,56756.0,36858.8984375,56003.94921875,23875.849609375,22307.19921875,9533.2998046875,996.0499877929688,36198.5,9141.5498046875,7006.35009765625,29237.94921875,33193.5,1733.5999755859375,8925.25
2025-07-23,25219.900390625,57210.44921875,36951.5,55710.3515625,24079.400390625,22417.44921875,9579.0498046875,970.2000122070312,36302.94921875,9209.7998046875,7037.5,29280.55078125,33481.55078125,1717.300048828125,8958.2998046875
2025-07-24,25062.099609375,57066.05078125,36135.80078125,55085.8515625,24087.30078125,22541.05078125,9582.2998046875,960.0999755859375,36048.3515625,9160.2998046875,7124.7998046875,28998.650390625,33281.94921875,1714.3499755859375,8915.9501953125
2025-07-25,24837.0,56528.8984375,35623.75,54579.94921875,23781.55078125,22662.69921875,9425.099609375,950.5999755859375,35250.5,9066.5,7003.64990234375,28562.19921875,32962.55078125,1669.5999755859375,8773.7998046875
2025-07-28,24680.900390625,56084.8984375,35370.05078125,54732.94921875,23693.0,22761.150390625,9316.4501953125,911.9000244140625,35021.55078125,8995.650390625,6919.5,28437.349609375,32674.19921875,1624.5,8758.75
2025-07-29,24821.099609375,56222.0,35373.25,54891.1484375,23888.349609375,23072.44921875,9409.7001953125,926.5,35410.69921875,9105.4501953125,6953.5,28673.400390625,32788.3984375,1637.75,8832.25
2025-07-30,24855.05078125,56150.69921875,35481.69921875,55020.3984375,23745.80078125,23073.900390625,9399.75,917.6500244140625,35422.05078125,9151.0,6907.7001953125,28746.599609375,32819.44921875,1624.800048828125,8845.25
2025-07-31,24768.349609375,55961.94921875,35301.6484375,55812.1484375,23655.849609375,22771.05078125,9285.4501953125,912.3499755859375,35116.1484375,9066.2001953125,6850.9501953125,28746.849609375,32739.19921875,1626.3499755859375,8744.900390625
2025-08-01,24565.349609375,55617.6015625,34649.6015625,56197.05078125,23410.94921875,22011.69921875,9102.349609375,896.1500244140625,34889.0,8969.650390625,6773.35009765625,28684.25,32429.44921875,1616.800048828125,8619.2998046875
2025-08-04,24722.75,55619.3515625,35203.3515625,56139.6484375,23787.5,22153.80078125,9327.849609375,912.0499877929688,34923.44921875,9058.5,6858.89990234375,28744.94921875,32515.05078125,1641.1500244140625,8747.5498046875
2025-08-05,24649.55078125,55360.25,35034.5,55733.69921875,23876.30078125,21970.150390625,9336.0498046875,907.8499755859375,34914.3984375,9042.900390625,6848.64990234375,28718.400390625,32410.099609375,1640.050048828125,8748.25
2025-08-06,24574.19921875,55411.1484375,34426.25,55230.80078125,23748.849609375,21523.75,9298.75,894.1500244140625,34683.3515625,9018.7998046875,6889.0498046875,28392.900390625,32312.25,1620.699951171875,8707.099609375
2025-08-07,24596.150390625,55521.1484375,34726.80078125,55298.5,23808.099609375,21684.80078125,9310.650390625,893.0,34613.80078125,8996.0,6909.2998046875,28419.099609375,32352.44921875,1636.800048828125,8707.849609375
2025-08-08,24363.30078125,55004.8984375,34398.5,54900.94921875,23474.650390625,21402.150390625,9147.099609375,874.1500244140625,34391.94921875,8879.099609375,6881.25,28134.05078125,32033.19921875,1635.0999755859375,8638.900390625
2025-08-11,24585.05078125,55510.75,34544.6484375,55309.8984375,23723.75,21604.650390625,9194.7998046875,890.4000244140625,34610.3515625,8977.2998046875,7032.7001953125,28288.19921875,32289.099609375,1637.699951171875,8713.5
2025-08-12,24487.400390625,55043.69921875,34674.30078125,55034.44921875,23856.599609375,21753.5,9229.7001953125,883.9000244140625,34741.44921875,8972.2998046875,7026.89990234375,28259.44921875,32089.44921875,1647.550048828125,8726.099609375
2025-08-13,24619.349609375,55181.44921875,34692.94921875,55010.1484375,24122.650390625,22130.30078125,9345.9501953125,886.0499877929688,34739.3515625,9025.900390625,7017.14990234375,28409.80078125,32251.650390625,1662.0,8752.5
2025-08-14,24631.30078125,55341.8515625,34833.19921875,54656.30078125,24118.80078125,22151.849609375,9216.25,879.3499755859375,34469.05078125,8991.4501953125,7025.25,28286.599609375,32358.30078125,1653.1500244140625,8673.2001953125
2025-08-18,24876.94921875,55734.8984375,34634.94921875,55304.25,25127.19921875,22141.150390625,9387.5,898.4500122070312,34483.19921875,9051.25,7053.7998046875,29073.44921875,32555.150390625,1649.449951171875,8789.2998046875
2025-08-19,24980.650390625,55865.1484375,34756.69921875,55886.6484375,25456.69921875,22066.75,9457.5,904.2999877929688,34768.1015625,9133.0,7122.85009765625,29457.75,32616.5,1671.5,8848.099609375
2025-08-20,25050.55078125,55698.5,35690.05078125,56664.05078125,25469.25,21969.5,9497.75,913.8499755859375,34847.8515625,9159.75,7103.5498046875,29685.30078125,32778.6484375,1638.449951171875,8869.099609375
2025-08-21,25083.75,55755.44921875,35723.8984375,56303.05078125,25377.5,22177.69921875,9493.650390625,917.3499755859375,34681.6015625,9173.4501953125,7077.25,29603.150390625,32814.5,1638.4000244140625,8857.4501953125
2025-08-22,24870.099609375,55149.3984375,35440.8515625,55737.44921875,25329.44921875,22265.0,9375.4501953125,909.6500244140625,34507.6015625,9106.25,6998.10009765625,29388.099609375,32530.30078125,1653.949951171875,8761.349609375
2025-08-25,24967.75,55139.30078125,36280.1015625,55681.6484375,25423.400390625,22362.80078125,9436.75,916.4500122070312,34494.3515625,9110.400390625,6980.35009765625,29418.19921875,32671.900390625,1626.25,8797.650390625
2025-08-26,24712.05078125,54450.44921875,36063.19921875,56187.0,25320.30078125,21990.0,9280.0498046875,895.9500122070312,33955.94921875,8969.4501953125,6849.5,29518.19921875,32309.900390625,1614.050048828125,8677.2001953125
2025-08-28,24500.900390625,53820.3515625,35488.80078125,55612.94921875,25183.5,21808.349609375,9210.5,882.5,33682.8515625,8904.7001953125,6778.89990234375,29273.0,31885.05078125,1606.3499755859375,8610.75
2025-08-29,24426.849609375,53655.6484375,35181.25,56141.8515625,24960.849609375,21804.05078125,9154.7998046875,870.75,33638.6484375,8873.099609375,6756.0498046875,29337.55078125,31771.349609375,1612.0,8571.7998046875
2025-09-01,24625.05078125,54002.44921875,35740.6484375,56175.19921875,25660.0,21778.849609375,9305.2998046875,879.7999877929688,34155.30078125,8947.0,6830.9501953125,29608.44921875,32046.900390625,1606.8499755859375,8693.7001953125
2025-09-02,24579.599609375,53661.0,35737.8984375,56806.6015625,25584.94921875,21719.94921875,9384.349609375,886.1500244140625,34490.5,8963.4501953125,6850.10009765625,29777.55078125,31932.349609375,1622.5999755859375,8738.349609375
2025-09-03,24715.05078125,54067.55078125,35474.94921875,56969.19921875,25775.44921875,21959.599609375,9676.400390625,889.6500244140625,34626.6015625,8985.4501953125,6920.75,29889.44921875,32023.44921875,1621.949951171875,8839.0
2025-09-04,24734.30078125,54075.44921875,35143.1015625,57104.05078125,25994.849609375,21915.400390625,9616.349609375,882.75,34284.69921875,8937.5498046875,6844.25,29820.650390625,32034.55078125,1611.0,8779.150390625
2025-09-05,24741.0,54114.55078125,34635.8515625,56292.1015625,26320.599609375,21924.80078125,9681.650390625,872.5,34297.8984375,8955.349609375,6855.7001953125,29873.05078125,32012.5,1620.449951171875,8787.400390625
2025-09-08,24773.150390625,54186.8984375,34310.44921875,56171.30078125,27189.19921875,21865.19921875,9717.849609375,876.5499877929688,34290.6484375,8971.2998046875,6889.2001953125,29987.150390625,31961.900390625,1621.199951171875,8822.2001953125
2025-09-09,24868.599609375,54216.1015625,35255.94921875,56497.25,27182.5,22052.650390625,9734.2001953125,873.9500122070312,34249.6484375,8965.25,6879.89990234375,30107.599609375,32148.05078125,1621.25,8813.0
2025-09-10,24973.099609375,54536.0,36183.80078125,56856.8515625,26833.94921875,22122.05078125,9759.4501953125,883.7999877929688,34522.1015625,8992.9501953125,7023.85009765625,30167.5,32380.44921875,1610.949951171875,8829.25
2025-09-11,25005.5,54669.6015625,36003.5,56960.6015625,26744.44921875,22224.0,9792.9501953125,883.7999877929688,34826.69921875,9042.7001953125,7076.14990234375,30203.400390625,32455.05078125,1627.449951171875,8864.7998046875
2025-09-12,25114.0,54809.30078125,36110.75,56557.1484375,26866.650390625,22341.19921875,9883.599609375,884.3499755859375,34940.30078125,9074.0,7057.0498046875,30245.44921875,32595.849609375,1621.050048828125,8901.0
2025-09-15,25069.19921875,54887.8515625,35902.19921875,56551.3515625,26760.650390625,22198.69921875,9891.0,905.6500244140625,35129.0,9097.599609375,7099.2998046875,30295.400390625,32568.599609375,1613.699951171875,8912.099609375
2025-09-16,25239.099609375,55147.6015625,36212.1484375,56398.6484375,27146.400390625,22264.55078125,9973.4501953125,915.3499755859375,35441.1015625,9190.650390625,7129.64990234375,30499.150390625,32747.69921875,1627.6500244140625,8986.5
2025-09-17,25330.25,55493.30078125,36447.1484375,56321.0,27294.650390625,22241.349609375,9923.150390625,919.0999755859375,35568.05078125,9224.25,7315.89990234375,30535.30078125,32851.94921875,1632.5,9001.400390625
2025-09-18,25423.599609375,55727.44921875,36750.25,56522.3515625,27329.349609375,22574.349609375,9955.150390625,918.4500122070312,35442.1015625,9230.0,7304.0,30583.150390625,33035.1015625,1627.6500244140625,9006.7998046875
2025-09-19,25327.05078125,55458.8515625,36578.25,56273.05078125,27219.55078125,22686.599609375,9989.900390625,923.5,35745.75,9237.5,7397.75,30502.099609375,32906.6015625,1619.449951171875,9048.400390625
2025-09-22,25202.349609375,55284.75,35500.1484375,56006.75,27154.30078125,22365.75,10029.099609375,921.5499877929688,35992.6484375,9208.9501953125,7370.9501953125,30391.400390625,32755.19921875,1627.300048828125,9111.0498046875
2025-09-23,25169.5,55509.75,35249.1015625,55281.55078125,27321.94921875,22299.099609375,10129.0498046875,913.3499755859375,35826.19921875,9192.099609375,7451.10009765625,30333.80078125,32715.44921875,1616.550048828125,9101.099609375
2025-09-24,25056.900390625,55121.5,34994.30078125,55378.94921875,27007.599609375,22180.69921875,10060.099609375,890.5999755859375,35506.69921875,9148.650390625,7431.9501953125,30287.400390625,32533.05078125,1603.5,9034.9501953125
2025-09-25,24890.849609375,54976.19921875,34548.30078125,55108.0,26758.5,21977.69921875,10082.5498046875,875.9000244140625,35255.55078125,9078.5498046875,7393.35009765625,30196.5,32311.599609375,1592.8499755859375,9007.9501953125
2025-09-26,24654.69921875,54389.3515625,33702.0,54847.55078125,26484.55078125,21507.19921875,9888.25,867.1500244140625,34830.0,9039.900390625,7261.4501953125,29822.099609375,31884.69921875,1575.449951171875,8890.349609375
2025-09-29,24634.900390625,54461.0,33693.1015625,54945.80078125,26436.55078125,21475.30078125,9923.099609375,874.75,35069.1484375,9051.849609375,7390.75,29793.650390625,31891.150390625,1562.0999755859375,8951.5
2025-09-30,24611.099609375,54635.8515625,33655.1015625,54710.69921875,26542.349609375,21454.25,10038.150390625,867.5999755859375,34999.6484375,9007.2001953125,7526.75,29829.94921875,31851.400390625,1542.949951171875,8985.900390625
2025-10-01,24836.30078125,55347.94921875,33905.19921875,55105.3515625,26768.650390625,21733.5,10092.9501953125,877.1500244140625,35180.3515625,9023.0498046875,7499.2001953125,29872.75,32166.5,1604.25,9026.599609375
2025-10-03,24894.25,55589.25,33949.75,55170.6015625,26753.099609375,21756.349609375,10277.099609375,876.0999755859375,35375.8984375,9072.849609375,7583.2998046875,29985.05078125,32244.44921875,1604.9000244140625,9080.9501953125
2025-10-06,25077.650390625,56104.8515625,34722.55078125,55057.6484375,26857.19921875,21779.849609375,10185.5,882.0999755859375,35369.44921875,9115.849609375,7615.14990234375,30008.05078125,32615.599609375,1590.4000244140625,9094.7998046875
2025-10-07,25108.30078125,56239.3515625,34709.44921875,54763.8515625,26933.55078125,21875.30078125,10156.650390625,891.7000122070312,35470.0,9149.5,7583.75,29964.30078125,32685.05078125,1583.0999755859375,9098.0498046875
2025-10-08,25046.150390625,56018.25,35232.25,54489.6484375,26522.400390625,21707.349609375,10136.5498046875,875.4000244140625,35085.75,9091.5498046875,7523.4501953125,29828.75,32703.650390625,1555.949951171875,9027.5
2025-10-09,25181.80078125,56192.05078125,35628.5,54707.44921875,26587.0,21936.19921875,10356.2001953125,881.9000244140625,35244.1484375,9152.5498046875,7569.2998046875,29897.099609375,32847.94921875,1557.550048828125,9128.900390625
2025-10-10,25285.349609375,56609.75,35609.05078125,54966.44921875,26721.19921875,22218.25,10261.5498046875,896.6500244140625,35393.94921875,9182.7998046875,7695.7998046875,29990.0,32975.25,1561.699951171875,9131.25
2025-10-13,25227.349609375,56625.0,35330.80078125,54473.8515625,26698.150390625,22205.099609375,10217.4501953125,896.7999877929688,35288.0,9174.5,7713.9501953125,29779.0,32973.1015625,1563.3499755859375,9116.599609375
2025-10-14,25145.5,56496.44921875,35214.8515625,54213.75,26640.55078125,22039.25,10116.7998046875,888.3499755859375,35067.69921875,9134.5,7596.5,29663.400390625,32886.5,1547.25,9050.650390625
2025-10-15,25323.55078125,56799.8984375,35401.80078125,54748.69921875,26708.650390625,22057.30078125,10218.0,915.4000244140625,35321.6484375,9227.099609375,7723.10009765625,29887.19921875,33107.3984375,1539.25,9142.7001953125
2025-10-16,25585.30078125,57422.55078125,35531.05078125,55853.8984375,27048.75,22103.19921875,10287.25,932.7999877929688,35468.80078125,9305.349609375,7688.75,30169.0,33383.3984375,1543.699951171875,9211.349609375
2025-10-17,25709.849609375,57713.3515625,34950.69921875,56616.3984375,27228.599609375,22253.75,10199.2998046875,933.75,35395.69921875,9338.5498046875,7638.75,30205.0,33462.1484375,1519.5999755859375,9194.2998046875
2025-10-20,25843.150390625,58033.19921875,35292.6015625,56597.1484375,27185.44921875,22439.900390625,10191.849609375,938.2000122070312,35563.94921875,9461.75,7857.85009765625,30180.80078125,33535.30078125,1532.8499755859375,9238.650390625
2025-10-21,25868.599609375,58007.19921875,35299.75,56609.1484375,27229.849609375,22515.69921875,10232.75,937.4000244140625,35644.1484375,9465.7998046875,7853.2998046875,30258.349609375,33562.69921875,1541.5,9252.4501953125
2025-10-23,25891.400390625,58078.05078125,36078.6484375,56772.44921875,27218.75,22481.25,10241.849609375,939.2000122070312,35619.1484375,9413.849609375,7875.35009765625,30255.900390625,33654.6484375,1546.3499755859375,9216.0498046875
2025-10-24,25795.150390625,57699.6015625,35986.3515625,56348.1015625,27108.69921875,22357.349609375,10347.4501953125,940.9000244140625,35626.8984375,9396.9501953125,7817.39990234375,30172.25,33490.3515625,1540.0999755859375,9227.0498046875
2025-10-27,25966.05078125,58114.25,36129.1015625,56428.94921875,27263.650390625,22310.400390625,10467.150390625,954.6500244140625,35780.0,9531.2001953125,7990.64990234375,30293.150390625,33680.69921875,1536.1500244140625,9325.5498046875
2025-10-28,25936.19921875,58214.1015625,35860.3984375,56110.05078125,27148.349609375,22250.900390625,10596.2001953125,944.5999755859375,35658.1484375,9545.5,8087.64990234375,30143.44921875,33604.25,1538.449951171875,9338.2998046875
2025-10-29,26053.900390625,58385.25,36090.1015625,56615.3515625,26948.900390625,22430.69921875,10777.5,950.5,36347.94921875,9661.849609375,8089.4501953125,30309.19921875,33792.8515625,1563.5,9499.849609375
2025-10-30,25877.849609375,58031.1015625,35906.3984375,56343.5,26829.55078125,22298.19921875,10729.2001953125,950.9000244140625,36392.6015625,9608.650390625,8058.75,30315.150390625,33509.6484375,1558.949951171875,9487.5498046875
2025-10-31,25722.099609375,57776.3515625,35712.3515625,56208.5,26809.849609375,22175.400390625,10612.150390625,947.5499877929688,36275.94921875,9566.150390625,8184.35009765625,30204.94921875,33206.3515625,1538.3499755859375,9408.0498046875
2025-11-03,25763.349609375,58101.44921875,35653.1015625,56153.69921875,26841.80078125,22442.599609375,10652.7998046875,968.6500244140625,36445.1484375,9592.7998046875,8341.349609375,30255.30078125,33359.44921875,1541.0,9450.7998046875
2025-11-04,25597.650390625,57827.05078125,35274.55078125,55815.6015625,26610.05078125,22334.44921875,10499.0498046875,961.0999755859375,36278.3984375,9551.4501953125,8332.2998046875,30251.80078125,33188.30078125,1532.550048828125,9363.7001953125
2025-11-06,25509.69921875,57554.25,35337.6015625,55711.75,26626.5,22250.55078125,10281.900390625,946.5999755859375,35839.5,9488.7998046875,8280.400390625,30102.849609375,33003.44921875,1493.5999755859375,9242.849609375
2025-11-07,25492.30078125,57876.80078125,35117.6484375,55437.19921875,26779.55078125,22169.80078125,10426.7998046875,946.4000244140625,35790.30078125,9393.599609375,8352.150390625,30089.30078125,33028.69921875,1489.6500244140625,9278.650390625
2025-11-10,25574.349609375,57937.55078125,35688.25,55334.44921875,26859.849609375,22379.849609375,10484.5,944.1500244140625,35921.6015625,9421.150390625,8340.7001953125,30207.400390625,33150.3515625,1474.1500244140625,9295.7998046875
2025-11-11,25694.94921875,58138.1484375,36116.8984375,55523.05078125,27148.25,22369.599609375,10559.099609375,942.5999755859375,36069.8515625,9494.5,8307.9501953125,30250.0,33273.6484375,1473.050048828125,9349.9501953125
2025-11-12,25875.80078125,58274.6484375,36855.3984375,55529.19921875,27485.150390625,22593.400390625,10542.5498046875,937.9500122070312,36287.8984375,9559.650390625,8359.75,30285.099609375,33499.94921875,1487.449951171875,9363.5
2025-11-13,25879.150390625,58381.94921875,36679.5,55243.5,27382.80078125,22686.80078125,10588.599609375,941.9000244140625,36187.8515625,9600.2998046875,8303.0498046875,30302.55078125,33512.8984375,1479.199951171875,9364.650390625
2025-11-14,25910.05078125,58517.55078125,36301.25,55560.80078125,27239.80078125,22821.05078125,10494.75,941.1500244140625,36261.1015625,9619.0,8399.900390625,30172.0,33536.25,1479.699951171875,9337.849609375
2025-11-17,26013.44921875,58962.69921875,36375.19921875,55677.1484375,27472.650390625,22867.599609375,10495.849609375,945.3499755859375,36441.8515625,9651.099609375,8491.650390625,30350.5,33717.55078125,1485.6500244140625,9357.0498046875
2025-11-18,25910.05078125,58899.25,35975.19921875,55363.44921875,27368.25,22713.650390625,10383.7001953125,927.2999877929688,36223.75,9620.0,8477.75,30174.0,33588.3984375,1482.25,9285.0498046875
2025-11-19,26052.650390625,59216.05078125,37044.6484375,55380.80078125,27434.44921875,22727.650390625,10384.150390625,924.0499877929688,36132.30078125,9637.400390625,8576.400390625,30206.900390625,33868.3515625,1478.300048828125,9250.099609375
2025-11-20,26192.150390625,59347.69921875,37043.30078125,55426.69921875,27554.0,22687.55078125,10386.0498046875,922.7999877929688,36232.69921875,9692.2998046875,8500.349609375,30247.75,34033.19921875,1455.550048828125,9275.7998046875
2025-11-21,26068.150390625,58867.69921875,36885.3515625,55504.69921875,27537.849609375,22580.94921875,10142.5498046875,905.5999755859375,35852.3984375,9661.4501953125,8378.7001953125,30063.650390625,33809.30078125,1444.199951171875,9172.0
2025-11-24,25959.5,58835.3515625,37037.94921875,55138.1484375,27442.19921875,22492.44921875,10017.900390625,887.0,35427.8515625,9589.2998046875,8365.75,29915.099609375,33732.1015625,1436.5,9067.650390625
2025-11-25,25884.80078125,58820.30078125,36826.8984375,55052.1015625,27378.69921875,22590.94921875,10073.400390625,901.3499755859375,35350.3515625,9589.5498046875,8486.5,29923.69921875,33611.1484375,1424.949951171875,9081.650390625
2025-11-26,26205.30078125,59528.05078125,37364.6015625,55442.6015625,27696.400390625,22862.349609375,10280.7001953125,911.4500122070312,35964.80078125,9698.25,8551.9501953125,30310.75,34017.3515625,1448.050048828125,9243.849609375
2025-11-27,26215.55078125,59737.30078125,37446.30078125,55470.55078125,27603.650390625,22863.0,10273.75,904.9000244140625,35756.1484375,9682.0,8502.099609375,30338.55078125,34101.05078125,1460.199951171875,9218.5498046875
2025-11-28,26202.94921875,59752.69921875,37405.5,55595.80078125,27774.599609375,22998.30078125,10293.0498046875,903.1500244140625,35548.30078125,9653.900390625,8514.400390625,30392.44921875,34003.55078125,1468.25,9210.7001953125
2025-12-01,26175.75,59681.3515625,37549.75,55500.5,27993.0,22887.75,10353.2001953125,893.9000244140625,35539.25,9630.75,8535.7001953125,30502.099609375,33929.8984375,1464.800048828125,9227.5
2025-12-02,26032.19921875,59273.80078125,37541.25,55390.94921875,27979.5,22905.0,10315.849609375,892.0499877929688,35459.3984375,9587.9501953125,8514.900390625,30601.599609375,33730.5,1458.9000244140625,9197.7001953125
2025-12-03,25986.0,59348.25,37825.25,54949.1015625,27643.80078125,22907.849609375,10265.2001953125,885.3499755859375,35105.0,9509.5,8253.2001953125,30338.55078125,33777.3515625,1462.550048828125,9136.599609375
2025-12-04,26033.75,59288.69921875,38360.25,55209.30078125,27732.69921875,22958.94921875,10271.4501953125,890.0999755859375,34986.1015625,9501.2001953125,8256.7001953125,30260.75,33846.19921875,1441.4000244140625,9136.7001953125
2025-12-05,26186.44921875,59777.19921875,38703.6484375,55202.8515625,27939.099609375,22947.150390625,10340.349609375,893.1500244140625,34971.80078125,9540.650390625,8381.75,30196.30078125,34093.30078125,1434.550048828125,9162.7001953125
2025-12-08,25960.55078125,59238.55078125,38590.69921875,54540.5,27596.80078125,22640.69921875,10141.7998046875,861.6500244140625,34447.8515625,9427.150390625,8146.10009765625,29722.150390625,33801.8984375,1395.3499755859375,9042.150390625
2025-12-09,25839.650390625,59222.3515625,38130.6015625,54521.19921875,27399.25,22522.849609375,10112.650390625,869.8499755859375,34666.80078125,9430.849609375,8251.2998046875,29793.650390625,33671.75,1405.050048828125,9032.900390625
2025-12-10,25758.0,58960.3984375,37789.8984375,54506.0,27358.25,22561.5,10159.0,866.7000122070312,34635.25,9405.650390625,8193.5498046875,29749.30078125,33441.1484375,1411.800048828125,9053.400390625
2025-12-11,25898.55078125,59209.8515625,38097.0,54619.6484375,27661.0,22783.44921875,10266.849609375,873.2000122070312,34751.94921875,9440.25,8235.349609375,29916.05078125,33620.44921875,1410.550048828125,9116.0
2025-12-12,26046.94921875,59389.94921875,38274.75,54490.80078125,27820.849609375,22808.69921875,10536.4501953125,886.5499877929688,35039.8515625,9551.5498046875,8247.7998046875,30163.5,33803.75,1409.8499755859375,9263.75
2025-12-15,26027.30078125,59461.80078125,38386.30078125,54868.3984375,27568.099609375,22719.400390625,10553.150390625,886.1500244140625,35028.1484375,9549.349609375,8285.75,30271.400390625,33757.8984375,1435.1500244140625,9277.400390625
2025-12-16,25860.099609375,59034.6015625,38062.5,54863.44921875,27542.19921875,22591.5,10464.349609375,874.75,34769.25,9508.900390625,8212.0,30293.94921875,33521.1484375,1435.5999755859375,9195.849609375
2025-12-17,25818.55078125,58926.75,38172.05078125,54603.3984375,27489.25,22612.150390625,10490.150390625,867.4000244140625,34737.0,9495.5498046875,8318.2998046875,30159.55078125,33436.5,1411.050048828125,9196.099609375
2025-12-18,25815.55078125,58912.8515625,38633.3515625,54546.44921875,27321.900390625,22557.599609375,10516.150390625,870.3499755859375,34464.30078125,9463.2001953125,8325.4501953125,29989.94921875,33506.8984375,1393.199951171875,9168.849609375
2025-12-19,25966.400390625,59069.19921875,38691.6015625,54781.3515625,27657.25,22751.25,10521.099609375,884.9000244140625,34796.3984375,9557.2001953125,8357.2998046875,30185.900390625,33662.75,1394.4000244140625,9221.900390625
