Price,Close,High,Low,Open,Volume
Ticker,^CNXMNC,^CNXMNC,^CNXMNC,^CNXMNC,^CNXMNC
Date,,,,,
2011-01-31,4870.7001953125,4882.4501953125,4766.35009765625,4806.14990234375,0
2011-02-01,4812.64990234375,4910.5498046875,4800.89990234375,4895.89990234375,0
2011-02-02,4808.10009765625,4857.0,4798.2001953125,4837.7001953125,0
2011-02-03,4830.64990234375,4848.2998046875,4788.25,4791.35009765625,0
2011-02-04,4745.39990234375,4836.2998046875,4726.2998046875,4836.2001953125,0
2011-02-07,4734.14990234375,4778.60009765625,4721.35009765625,4778.60009765625,0
2011-02-08,4713.39990234375,4753.64990234375,4697.39990234375,4753.64990234375,0
2011-02-09,4643.14990234375,4724.0,4628.2998046875,4704.5498046875,0
2011-02-10,4642.39990234375,4654.2998046875,4604.5,4627.64990234375,0
2011-02-11,4662.64990234375,4666.60009765625,4597.25,4649.7001953125,0
2011-02-14,4746.4501953125,4749.10009765625,4689.75,4693.5,0
2011-02-15,4755.39990234375,4777.2001953125,4732.9501953125,4755.39990234375,0
2011-02-16,4754.14990234375,4778.39990234375,4747.5,4756.10009765625,0
2011-02-17,4766.35009765625,4782.2001953125,4734.39990234375,4751.35009765625,0
2011-02-18,4767.14990234375,4817.5,4759.2998046875,4766.39990234375,0
2011-02-21,4769.2998046875,4781.5,4721.75,4775.39990234375,0
2011-02-22,4739.39990234375,4765.75,4725.89990234375,4765.75,0
2011-02-23,4717.2001953125,4735.4501953125,4705.60009765625,4726.5498046875,0
2011-02-24,4655.35009765625,4713.7998046875,4635.35009765625,4701.39990234375,0
2011-02-25,4613.75,4664.60009765625,4572.10009765625,4664.60009765625,0
2011-02-28,4616.0,4684.39990234375,4604.0,4617.2998046875,0
2011-03-01,4727.2998046875,4734.25,4621.0,4625.14990234375,0
2011-03-03,4775.5498046875,4786.75,4707.60009765625,4719.2001953125,0
2011-03-04,4763.60009765625,4802.25,4751.0,4783.39990234375,0
2011-03-07,4709.7001953125,4739.60009765625,4691.10009765625,4737.14990234375,0
2011-03-08,4726.5498046875,4749.35009765625,4712.64990234375,4712.85009765625,0
2011-03-09,4718.5498046875,4742.2001953125,4708.85009765625,4736.89990234375,0
2011-03-10,4706.14990234375,4719.10009765625,4692.64990234375,4714.85009765625,0
2011-03-11,4684.60009765625,4724.5498046875,4663.75,4683.7001953125,0
2011-03-14,4694.2998046875,4700.60009765625,4660.85009765625,4672.60009765625,55400
2011-03-15,4625.10009765625,4659.2001953125,4602.4501953125,4649.4501953125,103600
2011-03-16,4615.39990234375,4648.89990234375,4606.60009765625,4636.5,135800
2011-03-17,4590.5,4625.75,4580.89990234375,4597.5498046875,89000
2011-03-18,4561.89990234375,4624.60009765625,4544.89990234375,4619.2001953125,99000
2011-03-21,4515.10009765625,4586.39990234375,4507.25,4577.60009765625,105500
2011-03-22,4562.39990234375,4574.39990234375,4514.4501953125,4529.85009765625,112000
2011-03-23,4590.85009765625,4594.75,4555.5498046875,4563.9501953125,105600
2011-03-24,4607.7998046875,4615.7998046875,4592.35009765625,4595.0,64900
2011-03-25,4638.25,4645.4501953125,4607.5,4622.60009765625,93900
2011-03-28,4677.25,4682.9501953125,4640.0,4640.0,107500
2011-03-29,4718.60009765625,4731.7001953125,4672.0498046875,4679.0,151400
2011-03-30,4741.7001953125,4760.14990234375,4716.0,4719.0,109100
2011-03-31,4787.39990234375,4798.0498046875,4754.2001953125,4754.9501953125,163800
2011-04-01,4801.35009765625,4819.0,4782.0,4782.0,78300
2011-04-04,4835.2998046875,4838.39990234375,4773.0498046875,4808.64990234375,89100
2011-04-05,4870.39990234375,4876.5498046875,4834.14990234375,4837.5,153800
2011-04-06,4866.25,4916.35009765625,4858.60009765625,4892.0498046875,216900
2011-04-07,4831.0498046875,4861.0498046875,4825.0498046875,4857.89990234375,155500
2011-04-08,4823.25,4861.10009765625,4810.39990234375,4833.0498046875,96900
2011-04-11,4769.14990234375,4822.35009765625,4761.5,4815.64990234375,89900
2011-04-13,4864.4501953125,4873.60009765625,4744.5498046875,4744.5498046875,125200
2011-04-15,4786.7998046875,4842.35009765625,4773.64990234375,4842.35009765625,90400
2011-04-18,4773.9501953125,4837.9501953125,4765.5,4796.10009765625,105100
2011-04-19,4769.10009765625,4791.85009765625,4739.64990234375,4756.2001953125,163100
2011-04-20,4849.5,4853.35009765625,4788.5498046875,4788.5498046875,86400
2011-04-21,4889.35009765625,4895.10009765625,4854.64990234375,4864.39990234375,130800
2011-04-25,4919.2001953125,4924.7001953125,4883.2001953125,4894.5498046875,137900
2011-04-26,4904.2998046875,4924.89990234375,4856.89990234375,4909.5,173200
2011-04-27,4925.64990234375,4939.5498046875,4907.9501953125,4913.60009765625,176600
2011-04-28,4891.35009765625,4944.39990234375,4882.60009765625,4924.60009765625,201000
2011-04-29,4921.75,4959.0498046875,4892.5498046875,4894.60009765625,141900
2011-05-02,4899.85009765625,4940.9501953125,4890.25,4933.35009765625,60900
2011-05-03,4834.10009765625,4910.5,4828.7001953125,4900.25,67200
2011-05-04,4836.39990234375,4858.25,4803.5498046875,4835.89990234375,75300
2011-05-05,4746.5,4831.75,4730.5498046875,4813.64990234375,81200
2011-05-06,4785.0,4800.7998046875,4731.89990234375,4744.4501953125,104200
2011-05-09,4828.7998046875,4844.10009765625,4756.85009765625,4795.7998046875,104800
2011-05-10,4887.64990234375,4901.5498046875,4835.35009765625,4836.2001953125,123000
2011-05-11,4942.4501953125,4952.9501953125,4883.35009765625,4890.35009765625,127700
2011-05-12,4916.2998046875,4962.25,4905.9501953125,4927.14990234375,116500
2011-05-13,4977.0,5013.2001953125,4907.5498046875,4912.7001953125,123400
2011-05-16,4982.14990234375,5006.60009765625,4954.75,4974.39990234375,110100
2011-05-17,4967.35009765625,4995.85009765625,4937.0498046875,4976.60009765625,86600
2011-05-18,4959.7998046875,4972.35009765625,4929.5498046875,4972.10009765625,77500
2011-05-19,4954.2001953125,4978.4501953125,4940.10009765625,4962.39990234375,52300
2011-05-20,4971.14990234375,4989.5,4941.2001953125,4955.2998046875,60000
2011-05-23,4896.4501953125,4945.4501953125,4891.5498046875,4945.4501953125,83300
2011-05-24,4900.0,4909.0,4873.7001953125,4892.0498046875,75700
2011-05-25,4885.64990234375,4919.75,4864.10009765625,4900.10009765625,75400
2011-05-26,4945.75,4964.7001953125,4888.7001953125,4898.60009765625,121100
2011-05-27,4950.2001953125,4958.89990234375,4929.0,4935.0,69600
2011-05-30,4953.7998046875,4963.25,4932.14990234375,4948.0,124300
2011-05-31,4992.2998046875,5000.4501953125,4953.0498046875,4956.10009765625,79200
2011-06-01,5038.25,5048.89990234375,4986.60009765625,4986.60009765625,89300
2011-06-02,5045.7998046875,5073.85009765625,5011.10009765625,5019.75,95900
2011-06-03,5047.5,5072.5498046875,5019.2998046875,5049.5,60500
2011-06-06,5031.25,5048.0,5014.64990234375,5039.89990234375,38600
2011-06-07,5018.9501953125,5031.10009765625,4999.85009765625,5004.2001953125,53600
2011-06-08,5024.89990234375,5033.2001953125,4989.0498046875,4996.89990234375,52100
2011-06-09,5005.75,5037.2998046875,5001.64990234375,5026.9501953125,38500
2011-06-10,5004.4501953125,5011.75,4969.7001953125,5005.0498046875,63700
2011-06-13,5010.75,5019.9501953125,4941.5498046875,4984.10009765625,37200
2011-06-14,5031.89990234375,5051.5498046875,5007.35009765625,5007.85009765625,52300
2011-06-15,5037.25,5057.7998046875,5023.85009765625,5029.5,45700
2011-06-16,5026.7998046875,5050.89990234375,5012.85009765625,5023.39990234375,95600
2011-06-17,4958.85009765625,5060.0498046875,4949.64990234375,5030.60009765625,99100
2011-06-20,4893.5498046875,4973.85009765625,4856.2001953125,4961.64990234375,108300
2011-06-21,4889.60009765625,4920.4501953125,4878.7998046875,4900.14990234375,75300
2011-06-22,4824.89990234375,4919.0498046875,4809.0,4901.5,55700
2011-06-23,4820.7998046875,4830.2001953125,4781.0498046875,4819.35009765625,43700
2011-06-24,4929.2001953125,4939.5498046875,4819.0,4821.7998046875,68000
2011-06-27,4968.7998046875,4975.5,4900.0,4900.7998046875,54200
2011-06-28,4968.35009765625,4991.7001953125,4936.60009765625,4970.39990234375,72300
2011-06-29,5054.0498046875,5063.35009765625,4971.75,4976.0,92200
2011-06-30,5081.14990234375,5097.5498046875,5057.2001953125,5069.2001953125,145800
2011-07-01,5072.5498046875,5106.25,5049.5498046875,5078.4501953125,159800
2011-07-04,5095.85009765625,5102.85009765625,5068.25,5095.7998046875,70800
2011-07-05,5077.14990234375,5099.10009765625,5068.4501953125,5095.0498046875,85600
2011-07-06,5056.25,5104.35009765625,5049.64990234375,5064.5,82700
2011-07-07,5123.5498046875,5129.85009765625,5058.4501953125,5058.4501953125,84200
2011-07-08,5103.2998046875,5145.14990234375,5075.4501953125,5109.7001953125,119400
2011-07-11,5085.2998046875,5116.7001953125,5074.25,5087.9501953125,57100
2011-07-12,5057.10009765625,5094.9501953125,5027.10009765625,5064.75,54500
2011-07-13,5080.7998046875,5094.0498046875,5063.10009765625,5063.10009765625,61000
2011-07-14,5103.4501953125,5139.4501953125,5061.5498046875,5071.2001953125,85800
2011-07-15,5083.9501953125,5120.9501953125,5067.0,5097.60009765625,62400
2011-07-18,5084.14990234375,5111.7998046875,5074.85009765625,5084.0,55300
2011-07-19,5089.7998046875,5105.10009765625,5060.25,5075.2998046875,66300
2011-07-20,5051.25,5121.7998046875,5049.0498046875,5101.9501953125,55400
2011-07-21,5049.60009765625,5067.89990234375,5028.39990234375,5048.10009765625,52900
2011-07-22,5090.10009765625,5098.2001953125,5044.7001953125,5044.7001953125,100200
2011-07-25,5094.14990234375,5099.14990234375,5064.2001953125,5079.35009765625,81900
2011-07-26,5049.7001953125,5110.39990234375,5034.64990234375,5101.2998046875,68300
2011-07-27,5053.85009765625,5071.89990234375,5024.64990234375,5064.75,75900
2011-07-28,5035.39990234375,5062.25,5004.64990234375,5034.64990234375,175500
2011-07-29,5007.5,5074.75,5002.7998046875,5057.64990234375,113400
2011-08-01,5003.89990234375,5053.5,4989.5498046875,5019.14990234375,81100
2011-08-02,5003.5498046875,5019.2998046875,4981.0498046875,4997.10009765625,113200
2011-08-03,4985.2998046875,4989.7998046875,4937.25,4966.60009765625,105300
2011-08-04,4928.0498046875,5010.64990234375,4915.75,4980.75,95700
2011-08-05,4831.2998046875,4856.2998046875,4773.10009765625,4856.2998046875,145700
2011-08-08,4777.5498046875,4819.39990234375,4698.0498046875,4762.9501953125,143400
2011-08-09,4752.7001953125,4791.39990234375,4665.64990234375,4710.5498046875,141600
2011-08-10,4787.0498046875,4808.14990234375,4754.5498046875,4779.85009765625,89800
2011-08-11,4772.2001953125,4796.64990234375,4760.60009765625,4776.39990234375,66300
2011-08-12,4756.2998046875,4796.4501953125,4741.10009765625,4793.7998046875,75700
2011-08-16,4688.5,4780.39990234375,4673.39990234375,4761.35009765625,72400
2011-08-17,4702.5498046875,4742.35009765625,4666.2001953125,4681.64990234375,59700
2011-08-18,4659.5,4733.9501953125,4650.4501953125,4722.5498046875,57100
2011-08-19,4620.5,4632.5,4577.5,4609.7998046875,60500
2011-08-22,4644.25,4656.2001953125,4577.89990234375,4610.75,95300
2011-08-23,4657.7998046875,4678.9501953125,4625.0498046875,4663.2998046875,85200
2011-08-24,4628.10009765625,4692.14990234375,4618.64990234375,4649.89990234375,98500
2011-08-25,4615.7001953125,4663.10009765625,4604.25,4640.75,145500
2011-08-26,4537.75,4630.64990234375,4495.5,4616.9501953125,82100
2011-08-29,4588.0,4594.0,4539.35009765625,4539.35009765625,166000
2011-08-30,4667.7998046875,4679.75,4595.7001953125,4597.4501953125,191600
2011-09-02,4691.85009765625,4708.0,4649.4501953125,4708.0,134800
2011-09-05,4682.7998046875,4686.75,4644.64990234375,4684.64990234375,72000
2011-09-06,4682.89990234375,4688.7998046875,4645.39990234375,4673.75,85000
2011-09-07,4729.75,4754.2001953125,4687.7001953125,4687.7001953125,106800
2011-09-08,4770.89990234375,4780.2998046875,4729.64990234375,4745.10009765625,106000
2011-09-09,4750.14990234375,4828.5498046875,4743.2998046875,4778.25,128200
2011-09-12,4723.25,4747.2998046875,4689.4501953125,4711.5,100000
2011-09-13,4734.4501953125,4787.7998046875,4699.75,4735.39990234375,109300
2011-09-14,4780.7998046875,4792.0,4700.0498046875,4755.9501953125,107900
2011-09-15,4785.0,4796.5,4748.64990234375,4791.14990234375,108600
2011-09-16,4752.10009765625,4804.25,4743.39990234375,4781.60009765625,160700
2011-09-19,4750.89990234375,4757.0498046875,4724.5,4744.9501953125,68400
2011-09-20,4813.25,4821.0498046875,4719.75,4751.14990234375,95500
2011-09-21,4785.35009765625,4820.0,4764.2001953125,4806.10009765625,73400
2011-09-22,4660.5498046875,4745.64990234375,4650.2001953125,4745.64990234375,90100
2011-09-23,4628.35009765625,4665.64990234375,4582.39990234375,4629.7001953125,135800
2011-09-26,4571.7001953125,4632.85009765625,4517.0498046875,4632.85009765625,92100
2011-09-27,4659.64990234375,4668.89990234375,4596.25,4596.25,84500
2011-09-28,4625.60009765625,4683.7001953125,4606.7001953125,4683.7001953125,100400
2011-09-29,4668.64990234375,4688.39990234375,4580.14990234375,4606.7001953125,131700
2011-09-30,4650.39990234375,4674.2998046875,4633.0498046875,4650.35009765625,156900
2011-10-03,4590.9501953125,4630.2001953125,4583.14990234375,4630.2001953125,84700
2011-10-04,4569.5,4629.89990234375,4544.35009765625,4580.7001953125,115900
2011-10-05,4535.10009765625,4611.0,4525.10009765625,4570.5,93700
2011-10-07,4610.5,4634.75,4581.2998046875,4602.35009765625,85000
2011-10-10,4635.35009765625,4646.0,4578.25,4596.10009765625,131500
2011-10-11,4617.25,4689.5,4604.39990234375,4667.0,212200
2011-10-12,4694.2001953125,4702.2001953125,4628.35009765625,4628.35009765625,179600
2011-10-13,4655.2998046875,4708.0498046875,4641.7001953125,4695.0498046875,152500
2011-10-14,4662.5498046875,4672.5498046875,4617.7998046875,4634.2998046875,163800
2011-10-17,4702.7998046875,4709.5498046875,4666.89990234375,4680.5498046875,140900
2011-10-18,4651.75,4674.7001953125,4625.7998046875,4652.7998046875,134100
2011-10-19,4709.5,4718.75,4675.2001953125,4675.2001953125,148400
2011-10-20,4659.9501953125,4687.9501953125,4637.0498046875,4683.9501953125,124600
2011-10-21,4628.2001953125,4680.5,4620.2001953125,4680.5,122500
2011-10-24,4682.5,4722.4501953125,4649.35009765625,4684.4501953125,164000
2011-10-25,4761.5498046875,4777.9501953125,4689.25,4716.5,229000
2011-10-28,4865.35009765625,4909.35009765625,4841.35009765625,4841.35009765625,339900
2011-10-31,4899.0,4908.7998046875,4811.5,4842.14990234375,232600
2011-11-01,4932.5498046875,4944.10009765625,4864.4501953125,4868.7001953125,290100
2011-11-02,4938.60009765625,4954.9501953125,4888.75,4889.89990234375,183900
2011-11-03,4904.4501953125,4926.0,4882.4501953125,4926.0,191200
2011-11-04,4926.2001953125,4957.5498046875,4908.2001953125,4923.5498046875,269800
2011-11-08,4954.39990234375,4967.25,4927.10009765625,4931.60009765625,185200
2011-11-09,4900.2998046875,4974.2998046875,4893.25,4962.2998046875,196600
2011-11-11,4890.25,4911.7001953125,4859.10009765625,4879.0498046875,198000
2011-11-14,4882.89990234375,4938.4501953125,4875.14990234375,4918.2998046875,131000
2011-11-15,4772.85009765625,4884.7001953125,4760.60009765625,4880.5498046875,120200
2011-11-16,4733.0498046875,4766.4501953125,4704.64990234375,4766.4501953125,154200
2011-11-17,4654.75,4745.75,4638.75,4740.10009765625,135700
2011-11-18,4637.7001953125,4649.75,4575.7001953125,4630.14990234375,188600
2011-11-21,4555.2001953125,4630.5498046875,4551.25,4621.25,176300
2011-11-22,4560.0,4596.75,4537.25,4574.7998046875,198300
2011-11-23,4503.89990234375,4546.10009765625,4462.0,4538.9501953125,147900
2011-11-24,4561.60009765625,4577.75,4455.39990234375,4500.10009765625,208200
2011-11-25,4501.64990234375,4568.10009765625,4486.10009765625,4549.14990234375,142300
2011-11-28,4589.2001953125,4604.35009765625,4541.64990234375,4544.10009765625,156400
2011-11-29,4583.60009765625,4638.0,4573.35009765625,4608.39990234375,154800
2011-11-30,4594.89990234375,4610.7998046875,4543.89990234375,4572.0,224100
2011-12-01,4620.0498046875,4739.85009765625,4612.64990234375,4695.39990234375,292100
2011-12-02,4715.4501953125,4722.2998046875,4616.10009765625,4636.35009765625,230000
2011-12-05,4717.4501953125,4725.64990234375,4698.25,4701.4501953125,142600
2011-12-07,4726.35009765625,4769.10009765625,4708.39990234375,4720.7998046875,189100
2011-12-08,4628.25,4720.7998046875,4612.9501953125,4716.64990234375,168600
2011-12-09,4563.2001953125,4608.75,4553.60009765625,4591.35009765625,207100
2011-12-12,4493.25,4591.10009765625,4488.5498046875,4585.2998046875,170900
2011-12-13,4523.2001953125,4544.25,4461.2998046875,4481.75,147000
2011-12-14,4498.0498046875,4552.5498046875,4485.5,4514.9501953125,145600
2011-12-15,4486.0498046875,4500.7998046875,4415.25,4460.60009765625,216700
2011-12-16,4428.89990234375,4559.60009765625,4404.0498046875,4494.25,268300
2011-12-19,4439.10009765625,4446.9501953125,4374.2001953125,4414.85009765625,159400
2011-12-20,4407.5,4463.39990234375,4393.85009765625,4455.14990234375,156000
2011-12-21,4522.0,4530.10009765625,4449.39990234375,4469.2998046875,165000
2011-12-22,4554.64990234375,4569.64990234375,4492.35009765625,4498.85009765625,176400
2011-12-23,4568.7998046875,4608.5,4560.14990234375,4573.2998046875,145700
2011-12-26,4613.75,4627.85009765625,4571.5,4575.60009765625,111300
2011-12-27,4608.0498046875,4649.5,4585.0,4609.25,115500
2011-12-28,4555.9501953125,4616.25,4547.7001953125,4614.0498046875,127300
2011-12-29,4518.4501953125,4554.89990234375,4502.85009765625,4546.5,151200
2011-12-30,4517.4501953125,4550.60009765625,4491.60009765625,4527.35009765625,125300
2012-01-02,4507.9501953125,4534.2998046875,4481.60009765625,4527.64990234375,90300
2012-01-03,4600.14990234375,4607.5498046875,4531.75,4533.9501953125,147100
2012-01-04,4554.85009765625,4607.2998046875,4544.75,4604.0498046875,172900
2012-01-05,4559.5498046875,4580.39990234375,4536.5,4551.39990234375,192000
2012-01-06,4579.0,4590.7001953125,4499.25,4547.5498046875,167100
2012-01-09,4575.0498046875,4583.39990234375,4540.89990234375,4566.7001953125,132500
2012-01-10,4629.9501953125,4642.0498046875,4584.5498046875,4584.5498046875,205800
2012-01-11,4654.75,4668.64990234375,4627.35009765625,4641.0498046875,225200
2012-01-12,4689.10009765625,4697.0498046875,4642.5498046875,4656.60009765625,190600
2012-01-13,4704.85009765625,4726.2998046875,4682.2001953125,4700.0498046875,186800
2012-01-16,4729.9501953125,4738.10009765625,4670.4501953125,4692.7001953125,176400
2012-01-17,4867.0,4876.0,4752.75,4752.75,321600
2012-01-18,4818.7001953125,4885.89990234375,4791.64990234375,4879.89990234375,182200
2012-01-19,4880.2998046875,4888.0,4838.89990234375,4853.0,247100
2012-01-20,4866.2001953125,4903.9501953125,4836.39990234375,4898.85009765625,186300
2012-01-23,4879.35009765625,4884.7001953125,4830.25,4857.5498046875,205000
2012-01-24,4908.75,4927.4501953125,4868.14990234375,4897.25,227000
2012-01-25,4948.35009765625,4956.5,4910.2998046875,4931.14990234375,357300
2012-01-27,5001.4501953125,5014.2001953125,4949.25,4976.7001953125,313600
2012-01-30,4899.2998046875,4987.14990234375,4878.9501953125,4980.64990234375,230800
2012-01-31,4919.85009765625,4932.7998046875,4876.9501953125,4921.0498046875,319500
2012-02-01,4995.10009765625,5003.0498046875,4907.60009765625,4926.85009765625,307300
2012-02-02,5072.9501953125,5085.7998046875,5019.85009765625,5022.25,432100
2012-02-03,5137.35009765625,5146.2001953125,5070.14990234375,5082.4501953125,268100
2012-02-06,5151.4501953125,5240.2001953125,5128.9501953125,5181.35009765625,342200
2012-02-07,5111.2998046875,5175.14990234375,5102.4501953125,5175.14990234375,263000
2012-02-08,5169.14990234375,5195.39990234375,5120.9501953125,5120.9501953125,233200
2012-02-09,5231.35009765625,5238.89990234375,5151.89990234375,5151.89990234375,310000
2012-02-10,5188.4501953125,5269.39990234375,5167.89990234375,5218.64990234375,318200
2012-02-13,5212.9501953125,5239.85009765625,5170.7001953125,5196.4501953125,193600
2012-02-14,5229.25,5248.4501953125,5207.25,5207.25,164300
2012-02-15,5287.14990234375,5323.2001953125,5252.64990234375,5252.64990234375,301500
2012-02-16,5290.9501953125,5304.9501953125,5262.14990234375,5280.39990234375,235500
2012-02-17,5297.64990234375,5352.5,5263.9501953125,5323.2998046875,425100
2012-02-21,5272.2998046875,5342.7998046875,5265.2998046875,5309.9501953125,326900
2012-02-22,5157.89990234375,5301.4501953125,5135.2998046875,5284.2998046875,459400
2012-02-23,5148.35009765625,5183.7998046875,5116.25,5152.5498046875,598100
2012-02-24,5169.2001953125,5211.2001953125,5141.25,5167.0,554800
2012-02-27,5069.14990234375,5193.89990234375,5051.9501953125,5193.89990234375,642700
2012-02-28,5135.39990234375,5142.14990234375,5081.64990234375,5081.64990234375,365100
2012-02-29,5138.25,5201.64990234375,5096.89990234375,5159.2001953125,304300
2012-03-01,5184.4501953125,5190.75,5115.0,5133.7998046875,206200
2012-03-02,5179.5,5214.0,5157.0498046875,5210.60009765625,226600
2012-03-05,5108.0,5157.0498046875,5104.35009765625,5148.5498046875,133500
2012-03-06,5058.64990234375,5168.89990234375,5051.64990234375,5091.7998046875,226600
2012-03-07,5032.5,5073.64990234375,4998.35009765625,5053.39990234375,253400
2012-03-09,5123.25,5129.9501953125,5085.7998046875,5085.7998046875,183100
2012-03-12,5126.14990234375,5164.2998046875,5101.35009765625,5160.60009765625,161500
2012-03-13,5205.9501953125,5230.4501953125,5142.7998046875,5142.7998046875,214400
2012-03-14,5215.10009765625,5265.35009765625,5208.5498046875,5245.5498046875,156400
2012-03-15,5194.4501953125,5215.2001953125,5159.2998046875,5214.4501953125,140700
2012-03-16,5144.7998046875,5222.7998046875,5134.4501953125,5204.7998046875,215000
2012-03-19,5147.25,5189.75,5113.0,5152.64990234375,209200
2012-03-20,5185.4501953125,5200.4501953125,5136.5,5153.10009765625,214900
2012-03-21,5249.75,5264.7001953125,5169.75,5180.60009765625,226000
2012-03-22,5133.75,5273.89990234375,5117.5,5250.14990234375,240200
2012-03-23,5174.64990234375,5202.2998046875,5121.25,5142.5498046875,167300
2012-03-26,5121.0498046875,5197.14990234375,5106.2001953125,5179.25,181500
2012-03-27,5182.60009765625,5212.4501953125,5150.64990234375,5165.4501953125,236300
2012-03-28,5161.85009765625,5182.35009765625,5130.7998046875,5176.35009765625,164800
2012-03-29,5149.2001953125,5160.10009765625,5105.0498046875,5131.0498046875,334300
2012-03-30,5258.60009765625,5273.85009765625,5155.89990234375,5156.14990234375,245200
2012-04-02,5235.10009765625,5261.4501953125,5217.75,5254.25,161100
2012-04-03,5269.64990234375,5291.10009765625,5263.4501953125,5263.4501953125,181900
2012-04-04,5227.9501953125,5269.0498046875,5219.4501953125,5263.5,120500
2012-04-09,5174.5498046875,5219.4501953125,5167.85009765625,5218.89990234375,173200
2012-04-10,5201.7998046875,5216.60009765625,5160.35009765625,5182.2998046875,191800
2012-04-11,5160.60009765625,5199.4501953125,5138.0498046875,5166.9501953125,205100
2012-04-12,5239.9501953125,5246.75,5175.85009765625,5175.85009765625,199600
2012-04-13,5252.64990234375,5323.64990234375,5244.4501953125,5263.2998046875,183000
2012-04-16,5247.7998046875,5260.35009765625,5218.75,5229.2998046875,98100
2012-04-17,5288.85009765625,5296.64990234375,5235.5498046875,5270.2998046875,159700
2012-04-18,5327.2998046875,5350.5,5307.10009765625,5307.10009765625,119400
2012-04-19,5360.10009765625,5377.9501953125,5326.7998046875,5342.39990234375,151000
2012-04-20,5331.0498046875,5372.0,5298.75,5353.25,155200
2012-04-23,5234.4501953125,5343.10009765625,5225.10009765625,5319.35009765625,115800
2012-04-24,5232.9501953125,5249.7998046875,5207.35009765625,5237.0498046875,124600
2012-04-25,5242.0,5269.35009765625,5205.14990234375,5234.2998046875,131700
2012-04-26,5186.89990234375,5248.64990234375,5176.5,5245.64990234375,189600
2012-04-27,5182.89990234375,5220.75,5163.4501953125,5192.89990234375,134200
2012-04-30,5213.7001953125,5242.7001953125,5179.35009765625,5208.85009765625,138900
2012-05-02,5218.14990234375,5282.4501953125,5204.4501953125,5259.7001953125,162200
2012-05-03,5218.25,5247.7001953125,5191.64990234375,5201.2001953125,172800
2012-05-04,5145.35009765625,5217.7998046875,5137.2001953125,5197.9501953125,166400
2012-05-07,5163.2001953125,5180.2001953125,5058.10009765625,5091.39990234375,166400
2012-05-08,5109.14990234375,5202.0,5094.39990234375,5176.0,140800
2012-05-09,5099.64990234375,5118.5,5063.35009765625,5093.5,188300
2012-05-10,5085.4501953125,5152.0498046875,5069.2998046875,5086.2998046875,160100
2012-05-11,5045.7001953125,5074.9501953125,5023.25,5071.0,146400
2012-05-14,5049.9501953125,5076.25,5020.5,5051.60009765625,129700
2012-05-15,5078.0,5084.39990234375,5020.14990234375,5023.39990234375,176200
2012-05-16,5043.0498046875,5065.2998046875,5007.14990234375,5031.89990234375,215600
2012-05-17,5065.10009765625,5108.60009765625,5021.89990234375,5050.64990234375,186600
2012-05-18,5054.75,5070.5,4987.0498046875,5009.7001953125,182700
2012-05-21,5042.25,5094.7998046875,5029.85009765625,5054.4501953125,149600
2012-05-22,4957.25,5085.0,4943.7998046875,5067.0498046875,178900
2012-05-23,4941.89990234375,4950.0,4900.89990234375,4935.35009765625,197600
2012-05-24,4963.2001953125,4973.2001953125,4916.75,4940.0,193600
2012-05-25,4973.64990234375,4983.5498046875,4950.4501953125,4951.60009765625,173000
2012-05-28,4997.39990234375,5005.4501953125,4956.89990234375,4969.2001953125,111100
2012-05-29,5004.0498046875,5034.2001953125,4992.0498046875,5010.0498046875,138800
2012-05-30,5011.5,5021.0498046875,4975.2998046875,4985.5,159900
2012-05-31,5008.35009765625,5020.10009765625,4955.9501953125,4977.39990234375,508300
2012-06-01,4883.60009765625,5003.9501953125,4872.10009765625,4994.14990234375,144700
2012-06-04,4835.9501953125,4851.25,4798.2001953125,4851.25,198500
2012-06-05,4817.85009765625,4885.14990234375,4791.7001953125,4855.35009765625,175000
2012-06-06,4932.35009765625,4949.75,4836.5498046875,4836.5498046875,206700
2012-06-07,4987.35009765625,4993.2998046875,4963.2001953125,4965.9501953125,193300
2012-06-08,5017.85009765625,5023.25,4962.60009765625,4963.7001953125,212800
2012-06-11,5016.25,5083.5,4996.0,5049.0,173700
2012-06-12,5059.89990234375,5062.2001953125,4986.2998046875,4994.0,205400
2012-06-13,5106.5498046875,5113.7001953125,5052.75,5056.9501953125,221400
2012-06-14,5060.89990234375,5137.2001953125,5052.9501953125,5099.10009765625,186100
2012-06-15,5109.60009765625,5117.10009765625,5072.25,5088.4501953125,273600
2012-06-18,5055.25,5161.85009765625,5048.0498046875,5132.5498046875,275700
2012-06-19,5072.14990234375,5088.60009765625,5026.75,5040.85009765625,385000
2012-06-20,5136.0498046875,5146.75,5063.7998046875,5063.7998046875,437800
2012-06-21,5156.14990234375,5172.0498046875,5106.9501953125,5109.85009765625,200700
2012-06-22,5155.35009765625,5171.0498046875,5100.0,5104.5498046875,205100
2012-06-25,5155.75,5204.2001953125,5147.0,5160.10009765625,194800
2012-06-26,5124.89990234375,5159.9501953125,5104.9501953125,5152.85009765625,135400
2012-06-27,5151.5,5162.25,5124.2001953125,5147.75,173400
2012-06-28,5152.0,5171.2998046875,5130.5498046875,5161.5498046875,174300
2012-06-29,5227.35009765625,5238.2001953125,5177.7001953125,5182.14990234375,850200
2012-07-02,5223.7001953125,5259.85009765625,5218.9501953125,5241.14990234375,200000
2012-07-03,5233.89990234375,5261.25,5218.14990234375,5237.2998046875,211400
2012-07-04,5269.39990234375,5279.2998046875,5241.14990234375,5241.7998046875,328700
2012-07-05,5281.85009765625,5303.14990234375,5267.4501953125,5268.0,164000
2012-07-06,5253.35009765625,5287.9501953125,5249.0498046875,5283.0,150700
2012-07-09,5179.5498046875,5241.0,5173.2998046875,5241.0,137700
2012-07-10,5248.0,5253.85009765625,5186.39990234375,5194.85009765625,201400
2012-07-11,5194.2998046875,5235.35009765625,5188.5,5235.35009765625,174200
2012-07-12,5169.10009765625,5208.39990234375,5163.9501953125,5177.7001953125,168800
2012-07-13,5149.5,5194.35009765625,5142.4501953125,5175.85009765625,127000
2012-07-16,5151.14990234375,5180.7001953125,5141.39990234375,5155.10009765625,123900
2012-07-17,5147.60009765625,5185.5498046875,5132.60009765625,5165.75,141600
2012-07-18,5188.2998046875,5192.7001953125,5137.7998046875,5152.64990234375,139100
2012-07-19,5184.0,5205.14990234375,5173.60009765625,5191.2001953125,211300
2012-07-20,5183.35009765625,5190.85009765625,5158.64990234375,5168.0498046875,140300
2012-07-23,5080.5,5147.35009765625,5070.25,5147.35009765625,170300
2012-07-24,5231.4501953125,5237.39990234375,5124.2998046875,5124.7001953125,304900
2012-07-25,5196.7001953125,5213.5498046875,5167.0498046875,5210.14990234375,236200
2012-07-26,5155.2998046875,5215.9501953125,5142.7001953125,5213.10009765625,338700
2012-07-27,5200.2998046875,5242.5,5192.0498046875,5200.64990234375,202900
2012-07-30,5262.35009765625,5277.0,5207.10009765625,5213.10009765625,180300
2012-07-31,5303.35009765625,5315.64990234375,5247.85009765625,5264.9501953125,207900
2012-08-01,5321.39990234375,5334.64990234375,5294.9501953125,5296.0,158100
2012-08-02,5311.7001953125,5324.2001953125,5294.75,5318.64990234375,150600
2012-08-03,5302.7001953125,5311.39990234375,5270.5,5285.0,150500
2012-08-06,5337.64990234375,5354.4501953125,5332.39990234375,5336.75,86400
2012-08-07,5361.5,5377.0498046875,5331.7998046875,5339.25,141700
2012-08-08,5396.14990234375,5423.64990234375,5364.39990234375,5364.39990234375,166900
2012-08-09,5433.2001953125,5455.85009765625,5390.10009765625,5390.10009765625,361100
2012-08-10,5476.0498046875,5488.0,5414.5,5414.5,177000
2012-08-13,5498.35009765625,5511.7998046875,5472.9501953125,5476.2001953125,183400
2012-08-14,5510.89990234375,5517.60009765625,5475.85009765625,5494.0498046875,111900
2012-08-16,5480.35009765625,5521.75,5472.7001953125,5510.7001953125,176800
2012-08-17,5493.7998046875,5525.0,5467.2001953125,5484.5498046875,197400
2012-08-21,5571.5,5577.75,5486.14990234375,5492.85009765625,156900
2012-08-22,5561.0498046875,5579.14990234375,5548.60009765625,5560.7001953125,135500
2012-08-23,5596.35009765625,5612.64990234375,5566.85009765625,5574.7998046875,182700
2012-08-24,5589.4501953125,5616.0,5558.35009765625,5581.7998046875,169700
2012-08-27,5572.64990234375,5610.35009765625,5567.7001953125,5604.89990234375,118100
2012-08-28,5536.0,5588.2001953125,5509.9501953125,5575.25,155300
2012-08-29,5497.75,5542.0498046875,5492.7001953125,5534.5,169200
2012-08-30,5516.39990234375,5571.5,5461.75,5469.35009765625,280400
2012-08-31,5455.0498046875,5509.4501953125,5421.7998046875,5508.5,267000
2012-09-03,5465.64990234375,5488.7998046875,5446.39990234375,5469.5,203100
2012-09-04,5484.7001953125,5490.0,5452.14990234375,5463.5,148000
2012-09-05,5465.25,5484.89990234375,5448.75,5458.14990234375,175800
2012-09-06,5481.75,5498.60009765625,5455.0,5455.35009765625,217100
2012-09-07,5564.2998046875,5566.89990234375,5518.7001953125,5533.60009765625,204100
2012-09-10,5592.60009765625,5605.7001953125,5568.14990234375,5603.2998046875,158100
2012-09-11,5567.2998046875,5581.35009765625,5549.75,5562.60009765625,254600
2012-09-12,5599.14990234375,5608.0498046875,5573.9501953125,5577.0498046875,285300
2012-09-13,5588.14990234375,5603.10009765625,5574.0498046875,5597.25,179300
2012-09-14,5668.7001953125,5678.0498046875,5648.85009765625,5648.85009765625,282100
2012-09-17,5641.9501953125,5728.0498046875,5630.9501953125,5720.9501953125,305100
2012-09-18,5618.25,5659.10009765625,5608.60009765625,5637.5,226800
2012-09-20,5566.2998046875,5620.0,5559.2998046875,5562.0498046875,202400
2012-09-21,5650.9501953125,5669.4501953125,5586.10009765625,5587.85009765625,274800
2012-09-24,5620.4501953125,5666.0498046875,5608.14990234375,5657.0498046875,236500
2012-09-25,5611.4501953125,5624.0,5588.5,5594.5,1875500
2012-09-26,5635.2001953125,5666.64990234375,5590.85009765625,5590.85009765625,234800
2012-09-27,5638.25,5672.75,5620.5,5653.0,513100
2012-09-28,5704.85009765625,5727.75,5651.9501953125,5660.0,293600
2012-10-01,5736.89990234375,5742.85009765625,5698.7998046875,5698.7998046875,192100
2012-10-03,5804.14990234375,5813.39990234375,5725.10009765625,5748.5498046875,256400
2012-10-04,5818.0498046875,5847.2998046875,5811.39990234375,5813.7001953125,253500
2012-10-05,5838.4501953125,5869.60009765625,5354.75,5842.64990234375,165400
2012-10-08,5792.7001953125,5845.14990234375,5781.89990234375,5830.75,141500
2012-10-09,5843.9501953125,5854.64990234375,5812.39990234375,5812.39990234375,87100
2012-10-10,5797.75,5847.7001953125,5792.5498046875,5833.7998046875,96200
2012-10-11,5826.89990234375,5835.39990234375,5773.9501953125,5817.0,113600
2012-10-12,5841.85009765625,5873.10009765625,5820.7001953125,5827.75,106700
2012-10-15,5847.35009765625,5855.4501953125,5823.35009765625,5840.2998046875,85200
2012-10-16,5836.75,5866.60009765625,5814.7001953125,5858.0,102300
2012-10-17,5838.7998046875,5866.10009765625,5822.75,5858.10009765625,158100
2012-10-18,5849.64990234375,5884.85009765625,5842.60009765625,5854.64990234375,155700
2012-10-19,5811.35009765625,5849.4501953125,5789.75,5843.25,131600
2012-10-22,5813.75,5830.5498046875,5791.85009765625,5802.25,79200
2012-10-23,5808.0,5839.89990234375,5804.5,5819.0498046875,97000
2012-10-25,5782.9501953125,5813.2001953125,5757.5,5813.2001953125,237500
2012-10-29,5705.35009765625,5743.89990234375,5676.60009765625,5731.10009765625,79200
2012-10-30,5723.75,5737.85009765625,5681.7001953125,5694.5,74000
2012-10-31,5741.10009765625,5748.7998046875,5710.39990234375,5719.4501953125,128700
2012-11-01,5720.2998046875,5730.0,5683.2001953125,5708.5498046875,107000
2012-11-02,5723.39990234375,5757.5,5718.0,5747.64990234375,97900
2012-11-05,5733.0498046875,5738.75,5713.5,5725.4501953125,73400
2012-11-06,5747.89990234375,5755.35009765625,5710.85009765625,5717.35009765625,95200
2012-11-07,5770.0,5780.0,5723.2998046875,5746.85009765625,97700
2012-11-08,5759.39990234375,5771.25,5732.89990234375,5741.64990234375,103800
2012-11-09,5729.35009765625,5782.0498046875,5714.7998046875,5764.10009765625,81000
2012-11-12,5709.10009765625,5750.75,5700.2001953125,5738.35009765625,65200
2012-11-15,5713.0498046875,5720.0,5687.2998046875,5710.60009765625,105600
2012-11-16,5628.35009765625,5716.7001953125,5603.5,5703.5,66000
2012-11-19,5622.5,5637.9501953125,5599.5498046875,5635.14990234375,90300
2012-11-20,5621.4501953125,5659.7998046875,5598.9501953125,5642.0498046875,81300
2012-11-21,5641.89990234375,5645.7001953125,5598.60009765625,5625.89990234375,73600
2012-11-22,5644.0498046875,5674.5498046875,5628.5,5652.7001953125,71300
2012-11-23,5654.5,5663.35009765625,5627.9501953125,5655.60009765625,68800
2012-11-26,5695.89990234375,5713.0,5660.25,5660.25,58800
2012-11-27,5754.60009765625,5762.39990234375,5706.2001953125,5706.2998046875,95300
2012-11-29,5801.75,5810.9501953125,5753.75,5756.39990234375,194300
2012-11-30,5766.64990234375,5822.7998046875,5755.10009765625,5808.14990234375,281200
2012-12-03,5780.25,5802.5498046875,5763.60009765625,5773.10009765625,95900
2012-12-04,5762.39990234375,5801.9501953125,5749.2001953125,5790.75,85100
2012-12-05,5771.25,5789.39990234375,5766.39990234375,5776.85009765625,107200
2012-12-06,5787.2998046875,5796.35009765625,5717.9501953125,5782.85009765625,100400
2012-12-07,5771.0,5815.39990234375,5761.14990234375,5787.2998046875,115400
2012-12-10,5772.0498046875,5780.5,5763.5498046875,5770.35009765625,112400
2012-12-11,5794.0,5835.25,5767.2998046875,5773.2001953125,187300
2012-12-12,5740.89990234375,5812.7998046875,5730.0498046875,5807.4501953125,149400
2012-12-13,5693.25,5772.2001953125,5677.10009765625,5752.0498046875,164200
2012-12-14,5694.9501953125,5708.4501953125,5669.5,5705.5,108900
2012-12-17,5726.2001953125,5734.5498046875,5699.14990234375,5699.14990234375,97600
2012-12-18,5744.5498046875,5752.9501953125,5712.9501953125,5731.64990234375,105800
2012-12-19,5774.0,5783.64990234375,5751.60009765625,5760.85009765625,124600
2012-12-20,5804.75,5814.10009765625,5765.7998046875,5776.2001953125,131100
2012-12-21,5733.9501953125,5786.75,5726.64990234375,5786.75,163600
2012-12-24,5743.2998046875,5768.4501953125,5732.64990234375,5737.7998046875,96600
2012-12-26,5743.5498046875,5766.10009765625,5739.0498046875,5742.75,79700
2012-12-27,5715.5498046875,5765.7998046875,5704.4501953125,5763.5498046875,155300
2012-12-28,5775.0,5780.5498046875,5730.14990234375,5731.39990234375,104100
2012-12-31,5795.5,5803.2998046875,5777.2001953125,5777.2001953125,53000
2013-01-01,5832.64990234375,5845.10009765625,5806.39990234375,5806.39990234375,51600
2013-01-02,5862.2998046875,5871.85009765625,5844.0,5844.0,108200
2013-01-03,5894.4501953125,5899.14990234375,5863.0,5880.60009765625,100300
2013-01-04,5921.35009765625,5927.7001953125,5882.25,5902.0,116900
2013-01-07,5913.9501953125,5947.89990234375,5898.60009765625,5931.39990234375,140100
2013-01-08,5906.2998046875,5919.7001953125,5878.9501953125,5912.2001953125,89100
2013-01-09,5862.7001953125,5935.85009765625,5857.14990234375,5913.5498046875,103000
2013-01-10,5823.2001953125,5891.0498046875,5814.89990234375,5876.7001953125,119300
2013-01-11,5721.60009765625,5841.10009765625,5712.2998046875,5830.10009765625,130700
2013-01-14,5745.25,5756.85009765625,5693.2001953125,5735.89990234375,117100
2013-01-15,5757.2998046875,5770.89990234375,5729.60009765625,5744.60009765625,134900
2013-01-16,5705.0498046875,5778.85009765625,5699.39990234375,5756.89990234375,137100
2013-01-17,5698.0498046875,5737.10009765625,5689.25,5691.5498046875,152000
2013-01-18,5675.75,5734.4501953125,5666.85009765625,5715.10009765625,158800
2013-01-21,5715.5498046875,5725.0,5663.2001953125,5684.60009765625,145700
2013-01-22,5624.7998046875,5762.4501953125,5567.25,5731.60009765625,247500
2013-01-23,5524.10009765625,5576.25,5508.0498046875,5537.10009765625,275900
2013-01-24,5498.5,5543.4501953125,5491.25,5521.5498046875,127600
2013-01-25,5559.35009765625,5565.7001953125,5488.10009765625,5500.25,171200
2013-01-28,5538.5498046875,5582.35009765625,5524.4501953125,5572.5498046875,131400
2013-01-29,5509.0,5560.2998046875,5499.2998046875,5532.0,98100
2013-01-30,5551.60009765625,5570.89990234375,5518.2001953125,5518.2001953125,110000
2013-01-31,5542.5,5562.7001953125,5518.39990234375,5527.10009765625,168100
2013-02-01,5508.75,5564.5,5497.60009765625,5548.60009765625,118600
2013-02-04,5486.5,5530.4501953125,5475.35009765625,5517.0498046875,96400
2013-02-05,5482.35009765625,5493.60009765625,5457.25,5460.0498046875,101100
2013-02-06,5492.5,5508.5498046875,5472.10009765625,5497.2998046875,138400
2013-02-07,5459.7998046875,5506.35009765625,5454.7998046875,5480.5498046875,90500
2013-02-08,5382.14990234375,5465.75,5368.89990234375,5441.75,146800
2013-02-11,5385.9501953125,5407.75,5365.2998046875,5396.39990234375,75700
2013-02-12,5386.5,5421.39990234375,5368.35009765625,5376.7001953125,72800
2013-02-13,5339.39990234375,5395.85009765625,5330.85009765625,5393.10009765625,84200
2013-02-14,5311.5,5349.4501953125,5297.75,5325.7001953125,116500
2013-02-15,5287.10009765625,5316.7001953125,5255.10009765625,5297.75,129700
2013-02-18,5338.35009765625,5344.14990234375,5285.5,5291.4501953125,87300
2013-02-19,5403.0498046875,5413.35009765625,5338.85009765625,5346.25,85400
2013-02-20,5423.7998046875,5429.5498046875,5393.5,5412.25,99100
2013-02-21,5336.7001953125,5406.89990234375,5323.7998046875,5406.5498046875,115200
2013-02-22,5274.39990234375,5336.9501953125,5268.5498046875,5327.5498046875,104800
2013-02-25,5271.4501953125,5304.0498046875,5261.39990234375,5286.7998046875,101700
2013-02-26,5223.75,5274.14990234375,5215.7998046875,5265.10009765625,105700
2013-02-27,5219.4501953125,5261.39990234375,5202.2001953125,5237.85009765625,117500
2013-02-28,5095.75,5255.25,5067.60009765625,5239.64990234375,265200
2013-03-01,5163.7998046875,5177.75,5084.60009765625,5105.5,103800
2013-03-04,5080.0498046875,5146.89990234375,5070.60009765625,5146.2001953125,123700
2013-03-05,5176.39990234375,5184.89990234375,5081.85009765625,5081.85009765625,128400
2013-03-06,5165.4501953125,5195.85009765625,5148.7001953125,5190.39990234375,123900
2013-03-07,5147.35009765625,5166.75,5120.89990234375,5150.9501953125,118000
2013-03-08,5178.25,5197.0,5152.0498046875,5164.0498046875,118400
2013-03-11,5192.5,5216.25,5185.85009765625,5189.14990234375,104400
2013-03-12,5200.7001953125,5225.0498046875,5184.60009765625,5199.64990234375,122900
2013-03-13,5169.10009765625,5195.60009765625,5165.85009765625,5188.60009765625,93500
2013-03-14,5231.89990234375,5242.25,5157.9501953125,5166.4501953125,124300
2013-03-15,5231.14990234375,5290.2001953125,5217.5498046875,5243.85009765625,146300
2013-03-18,5225.7998046875,5238.2001953125,5198.5498046875,5198.5498046875,93200
2013-03-19,5154.0498046875,5252.5498046875,5146.89990234375,5243.5498046875,118700
2013-03-20,5165.35009765625,5197.39990234375,5138.89990234375,5148.5,114500
2013-03-21,5083.4501953125,5197.64990234375,5065.85009765625,5161.85009765625,122900
2013-03-22,5078.7001953125,5105.39990234375,5056.5,5092.2001953125,103800
2013-03-25,5061.0,5140.60009765625,5049.7001953125,5112.5,108400
2013-03-26,5091.75,5097.14990234375,5056.7001953125,5061.2998046875,110600
2013-03-28,5092.14990234375,5114.2001953125,5051.2998046875,5081.7001953125,255000
2013-04-01,5119.35009765625,5128.39990234375,5077.75,5089.2998046875,93900
2013-04-02,5155.60009765625,5163.25,5113.7998046875,5113.7998046875,94600
2013-04-03,5107.0,5155.0498046875,5098.0,5134.4501953125,105200
2013-04-04,5087.25,5114.75,5074.2998046875,5080.7998046875,109600
2013-04-05,5137.75,5149.2001953125,5088.7998046875,5088.7998046875,112500
2013-04-08,5147.35009765625,5161.4501953125,5122.10009765625,5137.2001953125,88700
2013-04-09,5113.5498046875,5184.14990234375,5098.85009765625,5160.2998046875,134500
2013-04-10,5116.0,5149.25,5069.75,5149.25,108400
2013-04-11,5144.75,5159.75,5112.25,5145.2998046875,85700
2013-04-12,5175.14990234375,5178.64990234375,5121.7998046875,5121.7998046875,60100
2013-04-15,5140.7998046875,5172.2001953125,5129.4501953125,5166.5498046875,77900
2013-04-16,5239.2998046875,5249.35009765625,5117.5,5122.64990234375,94200
2013-04-17,5264.64990234375,5274.7001953125,5238.60009765625,5242.2998046875,140900
2013-04-18,5313.2001953125,5321.7001953125,5264.5498046875,5264.5498046875,178300
2013-04-22,5325.89990234375,5348.0498046875,5308.35009765625,5316.89990234375,106900
2013-04-23,5323.35009765625,5349.2001953125,5305.60009765625,5319.2001953125,109400
2013-04-25,5355.9501953125,5375.89990234375,5310.2001953125,5334.2001953125,151500
2013-04-26,5340.85009765625,5365.2001953125,5302.5,5349.7001953125,135800
2013-04-29,5480.25,5491.75,5327.0498046875,5354.5498046875,191800
2013-04-30,5816.14990234375,5862.0498046875,5669.85009765625,5669.85009765625,306900
2013-05-02,5803.2001953125,5834.25,5781.35009765625,5789.9501953125,164100
2013-05-03,5799.75,5831.10009765625,5793.9501953125,5801.85009765625,127600
2013-05-06,5831.60009765625,5838.75,5801.35009765625,5801.35009765625,69900
2013-05-07,5878.0,5889.39990234375,5836.75,5843.2998046875,125400
2013-05-08,5875.39990234375,5897.39990234375,5867.14990234375,5889.2001953125,113400
2013-05-09,5861.5498046875,5881.7001953125,5844.35009765625,5877.0,64500
2013-05-10,5912.64990234375,5918.35009765625,5869.4501953125,5878.4501953125,70000
2013-05-13,5855.0,5925.2998046875,5851.2001953125,5914.0498046875,61100
2013-05-14,5878.89990234375,5884.10009765625,5839.14990234375,5850.0,106800
2013-05-15,5906.2998046875,5920.7998046875,5884.10009765625,5896.4501953125,147500
2013-05-16,5901.89990234375,5925.85009765625,5886.89990234375,5886.89990234375,128900
2013-05-17,5940.75,5947.9501953125,5893.4501953125,5897.0,121700
2013-05-20,5910.0498046875,5955.75,5904.9501953125,5939.0498046875,102600
2013-05-21,5869.75,5918.64990234375,5859.2998046875,5902.75,99000
2013-05-22,5860.2001953125,5887.9501953125,5853.7998046875,5868.14990234375,89400
2013-05-23,5805.89990234375,5851.75,5768.25,5849.2998046875,171600
2013-05-24,5835.7998046875,5846.0,5787.7001953125,5828.25,90600
2013-05-27,5877.39990234375,5882.35009765625,5816.85009765625,5833.25,74400
2013-05-28,5863.5498046875,5900.2998046875,5854.0498046875,5873.2998046875,92700
2013-05-29,5854.7998046875,5876.39990234375,5842.9501953125,5854.9501953125,65100
2013-05-30,5863.85009765625,5872.7998046875,5823.14990234375,5826.85009765625,174000
2013-05-31,5863.60009765625,5897.2998046875,5837.89990234375,5844.35009765625,170800
2013-06-03,5845.0498046875,5889.7998046875,5831.7998046875,5851.4501953125,83100
2013-06-04,5832.0,5892.5498046875,5825.2998046875,5835.7998046875,91400
2013-06-05,5845.85009765625,5851.60009765625,5818.10009765625,5822.64990234375,73300
2013-06-06,5858.75,5881.7998046875,5821.7001953125,5829.10009765625,84700
2013-06-07,5810.39990234375,5866.2001953125,5806.0498046875,5839.5498046875,71500
2013-06-10,5762.60009765625,5836.7001953125,5735.2001953125,5816.0,68900
2013-06-11,5713.60009765625,5755.89990234375,5685.25,5748.14990234375,81100
2013-06-12,5694.10009765625,5718.5,5681.10009765625,5704.25,60000
2013-06-13,5644.4501953125,5677.60009765625,5638.60009765625,5662.7998046875,85300
2013-06-14,5689.14990234375,5702.0,5675.2001953125,5675.2001953125,86500
2013-06-17,5710.2998046875,5718.64990234375,5670.4501953125,5709.60009765625,66800
2013-06-18,5697.75,5721.0,5691.25,5708.2998046875,123500
2013-06-19,5733.25,5737.39990234375,5682.89990234375,5687.7998046875,116700
2013-06-20,5689.4501953125,5708.7001953125,5662.39990234375,5708.7001953125,160400
2013-06-21,5691.0498046875,5707.2001953125,5652.35009765625,5674.75,158500
2013-06-24,5585.2998046875,5682.89990234375,5580.0498046875,5678.7998046875,206900
2013-06-25,5590.14990234375,5611.89990234375,5529.2998046875,5566.60009765625,163900
2013-06-26,5568.64990234375,5604.60009765625,5562.10009765625,5589.25,146000
2013-06-27,5587.9501953125,5626.39990234375,5579.0,5602.7998046875,287200
2013-06-28,5638.60009765625,5659.2001953125,5592.89990234375,5624.9501953125,217500
2013-07-01,5720.35009765625,5729.4501953125,5621.89990234375,5633.85009765625,164000
2013-07-02,5707.5,5727.0,5697.25,5700.25,159300
2013-07-03,5689.89990234375,5757.75,5684.5498046875,5688.85009765625,117200
2013-07-04,5728.39990234375,5740.0498046875,5686.14990234375,5690.5,98700
2013-07-05,5761.85009765625,5861.25,5748.4501953125,5830.85009765625,99600
2013-07-08,5756.4501953125,5779.0498046875,5700.9501953125,5747.0,85600
2013-07-09,5765.10009765625,5771.7001953125,5746.2001953125,5771.64990234375,69000
2013-07-10,5711.64990234375,5761.10009765625,5695.7998046875,5755.35009765625,81400
2013-07-11,5750.75,5782.75,5740.0,5741.5,105700
2013-07-12,5749.14990234375,5758.14990234375,5705.9501953125,5747.7001953125,96900
2013-07-15,5820.85009765625,5832.5,5734.2001953125,5738.7998046875,90900
2013-07-16,5841.5,5860.7001953125,5764.14990234375,5791.64990234375,99000
2013-07-17,6079.0,6127.7998046875,5840.75,5849.35009765625,281400
2013-07-18,6112.10009765625,6203.64990234375,6035.14990234375,6079.2001953125,175700
2013-07-19,6063.85009765625,6152.14990234375,6033.60009765625,6137.5,173000
2013-07-22,6060.4501953125,6085.39990234375,6040.7001953125,6055.2001953125,76200
2013-07-23,6128.10009765625,6141.2001953125,6070.9501953125,6071.2001953125,119600
2013-07-24,6042.64990234375,6126.64990234375,6018.0498046875,6105.0498046875,110900
2013-07-25,5879.85009765625,6011.60009765625,5831.25,5980.75,360900
2013-07-26,5783.7998046875,5873.2998046875,5718.2001953125,5873.2998046875,196000
2013-07-29,5642.2998046875,5776.60009765625,5610.9501953125,5776.60009765625,128800
2013-07-30,5547.4501953125,5625.0498046875,5522.14990234375,5615.7998046875,105200
2013-07-31,5530.7998046875,5550.9501953125,5449.10009765625,5533.0,128900
2013-08-01,5539.75,5636.35009765625,5513.14990234375,5516.2998046875,146000
2013-08-02,5457.7001953125,5566.60009765625,5423.5498046875,5552.10009765625,159000
2013-08-05,5477.39990234375,5515.2001953125,5465.7998046875,5483.9501953125,126100
2013-08-06,5412.89990234375,5481.2998046875,5397.9501953125,5451.2001953125,132900
2013-08-07,5441.60009765625,5459.4501953125,5358.7998046875,5416.0498046875,168300
2013-08-08,5524.2998046875,5538.75,5437.35009765625,5437.35009765625,226300
2013-08-12,5582.7998046875,5606.10009765625,5539.64990234375,5548.2998046875,140600
2013-08-13,5618.4501953125,5629.35009765625,5545.2001953125,5554.0498046875,167000
2013-08-14,5602.4501953125,5637.5498046875,5589.85009765625,5616.0498046875,117300
2013-08-16,5450.89990234375,5593.5498046875,5440.0498046875,5589.4501953125,130400
2013-08-19,5358.9501953125,5440.60009765625,5339.75,5424.14990234375,106700
2013-08-20,5373.7001953125,5392.39990234375,5290.14990234375,5326.7001953125,283800
2013-08-21,5285.75,5440.39990234375,5272.39990234375,5416.14990234375,208400
2013-08-22,5381.0,5388.7998046875,5241.35009765625,5274.7001953125,295400
2013-08-23,5413.75,5439.5,5343.2998046875,5414.60009765625,195400
2013-08-26,5494.25,5529.7998046875,5428.2998046875,5443.7998046875,345600
2013-08-27,5379.10009765625,5478.75,5369.2998046875,5473.14990234375,363600
2013-08-28,5383.60009765625,5406.85009765625,5234.7998046875,5337.0,361100
2013-08-29,5494.39990234375,5516.64990234375,5353.4501953125,5368.5498046875,480800
2013-08-30,5591.9501953125,5620.2001953125,5440.9501953125,5469.7001953125,277800
2013-09-02,5685.2001953125,5693.5,5586.10009765625,5586.10009765625,183600
2013-09-03,5524.35009765625,5709.14990234375,5511.0498046875,5701.4501953125,272400
2013-09-04,5565.7001953125,5578.0,5494.35009765625,5528.7001953125,262700
2013-09-05,5605.9501953125,5655.39990234375,5593.0,5602.2998046875,222700
2013-09-06,5580.2001953125,5632.7001953125,5535.89990234375,5611.89990234375,402300
2013-09-10,5834.2001953125,5860.4501953125,5623.5498046875,5623.5498046875,322900
2013-09-11,5866.25,5899.10009765625,5802.2998046875,5827.39990234375,257000
2013-09-12,5751.85009765625,5886.5498046875,5742.2001953125,5886.5498046875,205300
2013-09-13,5738.25,5805.7001953125,5730.7998046875,5753.60009765625,180600
2013-09-16,5627.89990234375,5771.75,5598.89990234375,5767.5,486900
2013-09-17,5685.75,5704.9501953125,5620.7001953125,5620.7001953125,320800
2013-09-18,5727.60009765625,5737.2998046875,5681.2998046875,5681.2998046875,189700
2013-09-19,5938.64990234375,5991.5498046875,5821.4501953125,5822.35009765625,327800
2013-09-20,5867.5,5914.25,5773.25,5907.25,357000
2013-09-23,5807.7001953125,5909.9501953125,5775.4501953125,5824.64990234375,226700
2013-09-24,5807.7998046875,5865.60009765625,5789.2998046875,5793.9501953125,180600
2013-09-25,5799.35009765625,5840.64990234375,5724.2998046875,5806.7001953125,232400
2013-09-26,5775.14990234375,5826.7998046875,5759.14990234375,5821.5498046875,362500
2013-09-27,5736.5,5810.85009765625,5723.0,5793.39990234375,153900
2013-09-30,5739.75,5755.4501953125,5722.39990234375,5736.2001953125,164400
2013-10-01,5711.5,5756.89990234375,5672.85009765625,5756.89990234375,241800
2013-10-03,5795.5498046875,5814.4501953125,5710.60009765625,5750.89990234375,294800
2013-10-04,5802.25,5855.2998046875,5766.0498046875,5779.64990234375,202600
2013-10-07,5844.2998046875,5852.25,5791.14990234375,5812.75,164300
2013-10-08,5823.10009765625,5876.75,5808.7998046875,5850.0,156300
2013-10-09,5818.0,5826.2998046875,5788.2001953125,5800.5498046875,148800
2013-10-10,5837.14990234375,5877.10009765625,5818.39990234375,5818.39990234375,182900
2013-10-11,5844.14990234375,5881.35009765625,5824.2998046875,5873.2001953125,196100
2013-10-14,5818.7998046875,5863.0,5813.64990234375,5841.4501953125,218600
2013-10-15,5820.14990234375,5849.60009765625,5769.14990234375,5829.85009765625,146500
2013-10-17,5828.2001953125,5888.85009765625,5816.35009765625,5816.35009765625,146300
2013-10-18,5917.5,5936.0,5840.75,5851.60009765625,255400
2013-10-21,5985.4501953125,6016.60009765625,5919.7001953125,5926.14990234375,253000
2013-10-22,5984.64990234375,6020.14990234375,5967.4501953125,5967.4501953125,155300
2013-10-23,5998.4501953125,6041.0,5918.14990234375,5990.75,243900
2013-10-24,5965.35009765625,6040.2001953125,5958.85009765625,5982.60009765625,119100
2013-10-25,5913.7001953125,5965.25,5904.5498046875,5939.10009765625,206800
2013-10-28,5846.4501953125,5968.60009765625,5840.4501953125,5940.85009765625,185200
2013-10-29,6001.10009765625,6013.60009765625,5878.85009765625,5882.25,171100
2013-10-30,6010.14990234375,6020.10009765625,5983.4501953125,6002.35009765625,182200
2013-10-31,6015.14990234375,6026.5,5977.85009765625,5995.60009765625,262400
2013-11-01,6058.9501953125,6069.39990234375,6017.4501953125,6017.4501953125,194000
2013-11-05,5991.75,6065.25,5984.9501953125,6051.7001953125,134100
2013-11-06,5937.0498046875,5991.89990234375,5928.4501953125,5974.60009765625,165700
2013-11-07,5922.2998046875,6005.2998046875,5917.10009765625,5946.85009765625,133400
2013-11-08,5895.64990234375,5922.75,5867.7998046875,5908.75,143300
2013-11-11,5834.10009765625,5903.0498046875,5826.0,5903.0498046875,158600
2013-11-12,5797.4501953125,5845.5,5783.64990234375,5827.7998046875,153600
2013-11-13,5795.5,5837.25,5775.89990234375,5801.39990234375,131400
2013-11-14,5832.35009765625,5876.35009765625,5818.75,5826.25,116700
2013-11-18,5891.7998046875,5903.64990234375,5855.14990234375,5856.7001953125,147200
2013-11-19,5892.5498046875,5918.25,5879.2998046875,5891.4501953125,172000
2013-11-20,5850.9501953125,5922.14990234375,5838.0,5891.2998046875,128400
2013-11-21,5753.4501953125,5847.4501953125,5739.64990234375,5847.4501953125,160000
2013-11-22,5741.0,5800.0498046875,5719.5,5779.64990234375,174800
2013-11-25,5814.7998046875,5822.75,5764.35009765625,5774.7998046875,157700
2013-11-26,5826.7001953125,5866.2998046875,5798.89990234375,5804.60009765625,175100
2013-11-27,5802.14990234375,5836.75,5775.60009765625,5831.5,124200
2013-11-28,5851.10009765625,5863.75,5817.9501953125,5817.9501953125,171800
2013-11-29,5952.7998046875,5959.2001953125,5861.7001953125,5861.7001953125,143600
2013-12-02,5953.85009765625,5994.75,5944.10009765625,5971.0498046875,160200
2013-12-03,5946.85009765625,5990.14990234375,5939.89990234375,5944.2001953125,138500
2013-12-04,5899.10009765625,5963.5498046875,5890.5498046875,5936.4501953125,205600
2013-12-05,5913.64990234375,5975.5498046875,5903.0498046875,5965.75,196200
2013-12-06,5900.14990234375,5948.9501953125,5893.7998046875,5920.85009765625,158900
2013-12-09,5996.60009765625,6001.5498046875,5935.89990234375,5995.5498046875,279500
2013-12-10,5990.35009765625,6011.85009765625,5961.60009765625,6005.89990234375,265800
2013-12-11,6001.14990234375,6010.35009765625,5982.0,5988.64990234375,190000
2013-12-12,5945.35009765625,5993.60009765625,5939.89990234375,5974.0498046875,242100
2013-12-13,5879.0,5934.2998046875,5871.2001953125,5927.9501953125,187700
2013-12-16,5976.89990234375,5989.35009765625,5932.25,5967.14990234375,233300
2013-12-17,6013.10009765625,6047.64990234375,6001.14990234375,6001.14990234375,231100
2013-12-18,6069.7001953125,6085.89990234375,6009.0498046875,6011.10009765625,239400
2013-12-19,6093.39990234375,6122.7001953125,6060.10009765625,6092.39990234375,236800
2013-12-20,6176.10009765625,6188.60009765625,6090.25,6098.2998046875,215900
2013-12-23,6184.10009765625,6239.0,6174.39990234375,6174.89990234375,341000
2013-12-24,6181.4501953125,6202.2001953125,6161.2001953125,6161.2001953125,192300
2013-12-26,6221.0,6274.85009765625,6179.0,6179.0,244700
2013-12-27,6237.5498046875,6262.39990234375,6230.5498046875,6234.4501953125,179900
2013-12-30,6258.14990234375,6291.0498046875,6236.39990234375,6286.5,292600
2013-12-31,6243.9501953125,6292.14990234375,6233.7998046875,6284.89990234375,120200
2014-01-01,6248.2001953125,6270.75,6244.10009765625,6258.10009765625,64300
2014-01-02,6180.9501953125,6314.14990234375,6167.2001953125,6234.85009765625,352100
2014-01-03,6209.75,6219.2998046875,6149.9501953125,6161.10009765625,562800
2014-01-06,6202.7998046875,6228.2001953125,6185.39990234375,6224.0498046875,256300
2014-01-07,6173.9501953125,6246.10009765625,6157.7001953125,6214.89990234375,212500
2014-01-08,6153.64990234375,6208.14990234375,6136.0498046875,6176.89990234375,146500
2014-01-09,6134.0498046875,6193.5,6120.5498046875,6167.89990234375,231200
2014-01-10,6067.35009765625,6144.64990234375,6056.39990234375,6129.4501953125,190800
2014-01-13,6040.89990234375,6089.7998046875,6007.0,6076.60009765625,232800
2014-01-14,6001.5,6058.60009765625,5993.89990234375,6031.2998046875,159200
2014-01-15,6049.5,6057.14990234375,6008.14990234375,6017.7001953125,161900
2014-01-16,6058.0,6088.60009765625,6044.85009765625,6057.0498046875,146500
2014-01-17,6047.4501953125,6094.35009765625,6034.25,6048.25,170000
2014-01-20,6072.0498046875,6079.0498046875,6013.39990234375,6044.85009765625,133200
2014-01-21,6114.7998046875,6134.0,6086.75,6098.0498046875,246600
2014-01-22,6141.35009765625,6149.0498046875,6093.9501953125,6111.7998046875,370300
2014-01-23,6134.2001953125,6155.2001953125,6121.7001953125,6129.64990234375,195600
2014-01-24,5998.4501953125,6095.4501953125,5988.2001953125,6076.25,438500
2014-01-27,5886.25,5941.10009765625,5851.7998046875,5941.10009765625,336500
2014-01-28,5824.39990234375,5911.0498046875,5804.60009765625,5900.75,300100
2014-01-29,5856.5498046875,5906.5,5844.35009765625,5867.5498046875,268700
2014-01-30,5790.7998046875,5815.2001953125,5755.7001953125,5813.2998046875,319200
2014-01-31,5815.89990234375,5828.0,5785.14990234375,5804.89990234375,215100
2014-02-03,5779.14990234375,5840.9501953125,5764.0,5803.35009765625,177400
2014-02-04,5782.75,5790.39990234375,5716.25,5739.39990234375,279900
2014-02-05,5803.10009765625,5806.64990234375,5750.60009765625,5788.2998046875,327800
2014-02-06,5844.25,5856.60009765625,5787.7998046875,5807.9501953125,230800
2014-02-07,5886.25,5907.5498046875,5856.10009765625,5866.4501953125,196500
2014-02-10,5848.14990234375,5912.4501953125,5837.0,5888.2998046875,265600
2014-02-11,5844.0498046875,5867.7001953125,5831.5,5856.25,146400
2014-02-12,5837.0,5863.2001953125,5822.7998046875,5863.2001953125,132800
2014-02-13,5776.60009765625,5850.5498046875,5766.9501953125,5847.85009765625,138700
2014-02-14,5784.75,5793.10009765625,5731.2998046875,5776.39990234375,129500
2014-02-17,5794.2998046875,5810.5,5780.14990234375,5781.35009765625,158300
2014-02-18,5862.7001953125,5876.75,5793.0,5793.0,203700
2014-02-19,5858.64990234375,5884.35009765625,5849.39990234375,5876.7001953125,221800
2014-02-20,5829.85009765625,5855.2001953125,5820.64990234375,5844.7998046875,127600
2014-02-21,5863.2001953125,5867.85009765625,5838.7001953125,5843.89990234375,148600
2014-02-24,5862.0498046875,5883.14990234375,5847.89990234375,5863.89990234375,127800
2014-02-25,5859.85009765625,5887.7998046875,5854.2001953125,5876.5,179800
2014-02-26,5862.14990234375,5878.75,5845.75,5854.0498046875,333800
2014-02-28,5843.7001953125,5867.89990234375,5800.2998046875,5846.39990234375,153900
2014-03-03,5793.2998046875,5841.39990234375,5784.10009765625,5836.2998046875,101200
2014-03-04,5857.0,5863.35009765625,5776.85009765625,5782.4501953125,154100
2014-03-05,5865.75,5901.35009765625,5846.75,5875.60009765625,217500
2014-03-06,5896.7001953125,5919.7998046875,5875.0498046875,5875.0498046875,187300
2014-03-07,5974.64990234375,5983.7998046875,5911.89990234375,5912.39990234375,416300
2014-03-10,6004.9501953125,6015.14990234375,5943.9501953125,5962.4501953125,525200
2014-03-11,5933.5,6020.89990234375,5922.39990234375,6006.64990234375,269900
2014-03-12,5928.2001953125,5971.14990234375,5896.7001953125,5921.0,298100
2014-03-13,5914.5,5978.60009765625,5894.4501953125,5927.14990234375,240300
2014-03-14,5901.25,5908.85009765625,5848.75,5882.60009765625,231700
2014-03-18,6007.75,6020.85009765625,5974.4501953125,5988.85009765625,210200
2014-03-19,6065.9501953125,6071.85009765625,6015.89990234375,6036.4501953125,174000
2014-03-20,6049.0,6092.0498046875,6036.4501953125,6058.85009765625,147500
2014-03-21,6063.14990234375,6099.14990234375,6051.2001953125,6070.35009765625,303100
2014-03-24,6132.2998046875,6142.85009765625,6099.39990234375,6101.7001953125,324500
2014-03-25,6174.14990234375,6183.64990234375,6117.7001953125,6120.39990234375,367800
2014-03-26,6252.75,6263.5498046875,6192.64990234375,6192.64990234375,888400
2014-03-27,6291.4501953125,6314.5498046875,6252.60009765625,6255.35009765625,876400
2014-03-28,6361.64990234375,6371.64990234375,6302.0,6304.7998046875,347300
2014-03-31,6453.0,6467.7001953125,6362.14990234375,6371.39990234375,395400
2014-04-01,6418.7998046875,6456.10009765625,6381.35009765625,6455.0,301400
2014-04-02,6405.4501953125,6444.2001953125,6395.0,6431.64990234375,223100
2014-04-03,6470.75,6480.85009765625,6403.85009765625,6403.85009765625,193300
2014-04-04,6458.60009765625,6491.7001953125,6445.5498046875,6479.9501953125,201300
2014-04-07,6463.75,6474.7001953125,6392.7001953125,6464.2001953125,227500
2014-04-09,6528.5,6540.85009765625,6464.89990234375,6464.89990234375,254300
2014-04-10,6578.25,6601.35009765625,6533.0,6537.0,194500
2014-04-11,6565.9501953125,6595.7998046875,6534.10009765625,6539.75,141600
2014-04-15,6510.9501953125,6585.9501953125,6457.2001953125,6556.85009765625,102900
2014-04-16,6474.25,6558.4501953125,6460.35009765625,6507.85009765625,90900
2014-04-17,6543.4501953125,6549.2001953125,6471.14990234375,6482.35009765625,102100
2014-04-21,6565.39990234375,6594.0498046875,6535.7001953125,6535.7001953125,181700
2014-04-22,6527.7001953125,6572.25,6521.10009765625,6572.25,164000
2014-04-23,6531.7998046875,6555.2001953125,6523.75,6528.89990234375,197900
2014-04-25,6458.25,6544.60009765625,6428.0498046875,6535.0,192500
2014-04-28,6422.10009765625,6487.89990234375,6396.0,6457.4501953125,130500
2014-04-29,6332.35009765625,6438.4501953125,6319.10009765625,6438.4501953125,132500
2014-04-30,6300.75,6365.64990234375,6240.2001953125,6332.60009765625,155600
2014-05-02,6236.7998046875,6316.5498046875,6226.85009765625,6301.9501953125,87700
2014-05-05,6225.0,6262.9501953125,6215.75,6222.75,79500
2014-05-06,6191.10009765625,6253.2001953125,6186.2998046875,6233.0498046875,90200
2014-05-07,6154.9501953125,6203.89990234375,6147.75,6177.89990234375,81100
2014-05-08,6164.39990234375,6186.2998046875,6143.7001953125,6156.89990234375,82100
2014-05-09,6290.5498046875,6304.85009765625,6141.9501953125,6141.9501953125,184000
2014-05-12,6416.85009765625,6425.25,6298.85009765625,6298.85009765625,155700
2014-05-13,6526.89990234375,6562.4501953125,6445.75,6452.10009765625,188300
2014-05-14,6561.39990234375,6572.60009765625,6514.7001953125,6539.25,145800
2014-05-15,6577.60009765625,6608.10009765625,6540.10009765625,6560.85009765625,138800
2014-05-16,6690.5,6888.89990234375,6645.14990234375,6700.5498046875,384500
2014-05-19,6721.5498046875,6783.25,6705.60009765625,6783.25,292800
2014-05-20,6824.5,6832.0,6732.64990234375,6757.2001953125,340300
2014-05-21,6837.5498046875,6865.7998046875,6798.0,6856.89990234375,246700
2014-05-22,6978.7001953125,7012.85009765625,6887.2001953125,6906.60009765625,219800
2014-05-23,7127.60009765625,7139.10009765625,7022.2001953125,7022.2001953125,165700
2014-05-26,7112.75,7260.5498046875,7033.5498046875,7183.2998046875,304700
2014-05-27,7048.9501953125,7133.35009765625,7000.64990234375,7130.2998046875,168900
2014-05-28,7101.0,7116.5,7026.7001953125,7053.0498046875,172400
2014-05-29,7052.7998046875,7117.60009765625,7027.5498046875,7102.64990234375,294500
2014-05-30,7190.5498046875,7224.60009765625,7067.0,7067.0,360900
2014-06-02,7252.5498046875,7275.4501953125,7163.4501953125,7226.2001953125,131700
2014-06-03,7355.14990234375,7373.89990234375,7277.0498046875,7283.14990234375,220400
2014-06-04,7366.85009765625,7387.75,7342.0,7369.2001953125,153500
2014-06-05,7549.39990234375,7565.7998046875,7391.35009765625,7394.0498046875,259300
2014-06-06,7578.25,7643.7998046875,7511.0,7612.39990234375,234600
2014-06-09,7606.14990234375,7663.0,7587.60009765625,7606.9501953125,156700
2014-06-10,7592.60009765625,7650.4501953125,7504.7001953125,7646.5,175300
2014-06-11,7528.7001953125,7609.60009765625,7471.75,7609.60009765625,154500
2014-06-12,7549.14990234375,7563.2001953125,7501.35009765625,7534.39990234375,99600
2014-06-13,7484.35009765625,7590.2998046875,7446.5498046875,7555.4501953125,121000
2014-06-16,7479.10009765625,7489.0,7412.7998046875,7487.2998046875,127300
2014-06-17,7543.85009765625,7560.10009765625,7468.35009765625,7476.60009765625,154300
2014-06-18,7518.5,7606.60009765625,7456.7998046875,7548.75,161200
2014-06-19,7488.2001953125,7572.2998046875,7452.9501953125,7538.10009765625,126300
2014-06-20,7436.85009765625,7491.2001953125,7421.60009765625,7446.2998046875,112600
2014-06-23,7458.85009765625,7477.64990234375,7406.35009765625,7449.0498046875,102900
2014-06-24,7487.89990234375,7523.39990234375,7461.14990234375,7464.10009765625,90300
2014-06-25,7541.0498046875,7565.0498046875,7486.10009765625,7489.7001953125,71200
2014-06-26,7544.10009765625,7563.64990234375,7491.5,7553.2998046875,143900
2014-06-27,7527.9501953125,7595.10009765625,7510.35009765625,7557.35009765625,118400
2014-06-30,7617.2998046875,7624.0,7538.39990234375,7538.85009765625,88000
2014-07-01,7749.14990234375,7764.7001953125,7640.7998046875,7640.7998046875,105700
2014-07-02,7933.0498046875,7943.60009765625,7786.4501953125,7810.5498046875,192900
2014-07-03,7902.10009765625,7963.39990234375,7891.2998046875,7957.89990234375,149000
2014-07-04,7885.89990234375,7947.0498046875,7853.2001953125,7911.10009765625,80200
2014-07-07,7909.7001953125,7919.39990234375,7868.60009765625,7902.25,108600
2014-07-08,7732.39990234375,7943.64990234375,7709.7998046875,7943.64990234375,189700
2014-07-09,7657.9501953125,7761.2001953125,7634.60009765625,7761.2001953125,155100
2014-07-10,7666.39990234375,7791.75,7531.2001953125,7653.35009765625,110800
2014-07-11,7631.35009765625,7722.35009765625,7587.2001953125,7645.5,190200
2014-07-14,7595.5,7643.14990234375,7565.25,7639.0,174500
2014-07-15,7641.5,7653.89990234375,7581.25,7612.9501953125,114600
2014-07-16,7729.4501953125,7756.2001953125,7628.7001953125,7656.0,97300
2014-07-17,7813.89990234375,7819.35009765625,7733.39990234375,7737.7998046875,131800
2014-07-18,7756.89990234375,7794.75,7727.35009765625,7794.75,72000
2014-07-21,7767.9501953125,7824.4501953125,7755.0,7767.64990234375,69200
2014-07-22,7794.0,7814.2001953125,7745.39990234375,7781.85009765625,82600
2014-07-23,7752.7998046875,7840.0498046875,7737.25,7826.25,73900
2014-07-24,7784.9501953125,7798.0498046875,7731.64990234375,7757.85009765625,93800
2014-07-25,7799.2998046875,7830.75,7746.5,7797.14990234375,101900
2014-07-28,7827.14990234375,7842.25,7726.10009765625,7777.64990234375,117500
2014-07-30,7890.35009765625,7908.35009765625,7738.35009765625,7794.9501953125,166000
2014-07-31,7839.7001953125,7938.9501953125,7823.9501953125,7885.5,182200
2014-08-01,7810.25,7906.5498046875,7779.25,7780.5,160100
2014-08-04,7910.89990234375,7924.2998046875,7813.2998046875,7813.2998046875,107400
2014-08-05,8031.25,8039.25,7921.25,7937.60009765625,113700
2014-08-06,7971.75,8070.7001953125,7957.5,8000.5,103700
2014-08-07,7942.60009765625,7995.0,7919.9501953125,7963.5,106600
2014-08-08,7798.35009765625,7898.2001953125,7777.75,7898.14990234375,144800
2014-08-11,7857.35009765625,7868.2001953125,7822.2998046875,7835.9501953125,130300
2014-08-12,7895.14990234375,7906.4501953125,7847.14990234375,7899.4501953125,78800
2014-08-13,7922.85009765625,7954.7998046875,7867.9501953125,7867.9501953125,126000
2014-08-14,7991.7001953125,7998.64990234375,7914.25,7919.9501953125,111400
2014-08-18,8095.5498046875,8106.75,7985.0498046875,7985.0498046875,97400
2014-08-19,8145.0,8192.75,8113.60009765625,8113.60009765625,149700
2014-08-20,8139.60009765625,8167.10009765625,8123.10009765625,8146.2001953125,97300
2014-08-21,8133.2001953125,8181.0498046875,8104.85009765625,8124.2001953125,81000
2014-08-22,8131.5498046875,8168.7001953125,8118.85009765625,8138.75,93800
2014-08-25,8131.4501953125,8188.85009765625,8120.7998046875,8145.7998046875,90600
2014-08-26,8151.39990234375,8176.7001953125,8099.14990234375,8102.35009765625,103500
2014-08-27,8153.85009765625,8201.400390625,8137.4501953125,8163.85009765625,89500
2014-08-28,8177.7998046875,8192.0,8149.2001953125,8151.89990234375,150700
2014-09-01,8310.9501953125,8318.9501953125,8198.9501953125,8198.9501953125,110600
2014-09-02,8301.0498046875,8333.900390625,8287.900390625,8316.9501953125,138100
2014-09-03,8300.7001953125,8362.349609375,8272.75,8323.7001953125,120500
2014-09-04,8286.599609375,8313.2001953125,8262.599609375,8288.4501953125,72300
2014-09-05,8296.75,8319.7001953125,8259.7001953125,8262.5498046875,74900
2014-09-08,8411.599609375,8417.650390625,8316.25,8325.599609375,116400
2014-09-09,8418.9501953125,8446.0,8388.4501953125,8424.650390625,87300
2014-09-10,8404.75,8422.849609375,8377.0,8385.2998046875,72900
2014-09-11,8434.25,8469.9501953125,8408.25,8408.25,104700
2014-09-12,8500.349609375,8509.150390625,8418.25,8418.25,118800
2014-09-15,8480.75,8496.5,8434.849609375,8488.2998046875,80500
2014-09-16,8436.849609375,8512.849609375,8402.2998046875,8453.7998046875,133400
2014-09-17,8463.0498046875,8486.349609375,8387.349609375,8481.0498046875,112800
2014-09-18,8524.5,8531.900390625,8447.400390625,8447.400390625,105600
2014-09-19,8489.2001953125,8556.099609375,8454.900390625,8539.099609375,180800
2014-09-22,8491.5,8509.650390625,8412.900390625,8455.7001953125,113700
2014-09-23,8446.099609375,8535.5498046875,8428.650390625,8496.599609375,127000
2014-09-24,8518.650390625,8528.5498046875,8431.0,8465.7001953125,107900
2014-09-25,8422.650390625,8556.900390625,8398.099609375,8532.650390625,205800
2014-09-26,8440.4501953125,8455.4501953125,8318.849609375,8397.5,96100
2014-09-29,8424.7001953125,8457.900390625,8401.2001953125,8433.099609375,65600
2014-09-30,8503.5498046875,8551.5498046875,8403.099609375,8412.2001953125,110300
2014-10-01,8398.150390625,8522.75,8380.7998046875,8490.900390625,78700
2014-10-07,8281.9501953125,8393.25,8270.25,8368.900390625,123600
2014-10-08,8238.9501953125,8293.849609375,8216.5,8250.400390625,105500
2014-10-09,8348.900390625,8360.75,8257.099609375,8257.099609375,75300
2014-10-10,8175.85009765625,8305.150390625,8165.2001953125,8301.849609375,109200
2014-10-13,8170.25,8198.849609375,8100.25,8133.14990234375,68100
2014-10-14,8175.2001953125,8215.7001953125,8022.89990234375,8183.2001953125,263900
2014-10-16,8071.25,8204.0,8037.4501953125,8122.75,113800
2014-10-17,8043.60009765625,8122.7001953125,8029.7001953125,8069.39990234375,95400
2014-10-20,8173.2001953125,8183.60009765625,8118.5498046875,8122.7001953125,58000
2014-10-21,8311.099609375,8323.599609375,8195.150390625,8199.5,90300
2014-10-22,8436.2001953125,8445.75,8348.0,8355.400390625,67000
2014-10-27,8371.25,8487.7998046875,8355.349609375,8481.849609375,95900
2014-10-28,8397.599609375,8407.7998046875,8327.9501953125,8348.349609375,122000
2014-10-29,8477.25,8491.5498046875,8374.599609375,8434.9501953125,127500
2014-10-30,8498.75,8532.75,8453.2998046875,8475.4501953125,151200
2014-10-31,8618.0498046875,8634.7998046875,8513.099609375,8518.7001953125,105300
2014-11-03,8649.900390625,8661.75,8578.150390625,8612.849609375,78900
2014-11-05,8616.650390625,8695.0,8602.7001953125,8657.349609375,96300
2014-11-07,8674.4501953125,8689.150390625,8608.650390625,8637.5498046875,142900
2014-11-10,8748.2998046875,8764.599609375,8680.2001953125,8692.2998046875,71400
2014-11-11,8773.25,8796.5,8731.349609375,8765.349609375,74700
2014-11-12,8823.349609375,8856.400390625,8779.4501953125,8784.5498046875,93600
2014-11-13,8792.2998046875,8872.7001953125,8773.849609375,8836.599609375,84700
2014-11-14,8836.75,8851.599609375,8777.0,8801.150390625,93000
2014-11-17,8829.75,8873.9501953125,8790.849609375,8859.0498046875,74200
2014-11-18,8903.2998046875,8921.75,8817.5498046875,8817.5498046875,101600
2014-11-19,8891.400390625,9024.7998046875,8877.150390625,8927.25,108000
2014-11-20,8880.0498046875,8951.599609375,8824.5498046875,8912.150390625,111200
2014-11-21,8871.849609375,8922.0,8832.349609375,8887.4501953125,75900
2014-11-24,8878.0,8941.75,8870.150390625,8908.650390625,131900
2014-11-25,8824.349609375,8889.400390625,8737.2001953125,8877.150390625,104400
2014-11-26,8852.4501953125,8865.2001953125,8793.5,8805.0498046875,70700
2014-11-27,8883.75,8897.75,8855.599609375,8856.4501953125,90000
2014-11-28,8937.150390625,8982.75,8910.150390625,8910.150390625,111800
2014-12-01,9035.9501953125,9064.7001953125,8925.099609375,8925.099609375,104700
2014-12-02,9042.150390625,9075.5498046875,9022.7001953125,9038.2998046875,76300
2014-12-03,9195.5,9211.2001953125,9059.9501953125,9059.9501953125,102800
2014-12-04,9354.5498046875,9380.0,9208.599609375,9208.599609375,133100
2014-12-05,9346.75,9411.7998046875,9322.400390625,9361.25,130900
2014-12-08,9231.0,9369.7001953125,9212.2998046875,9343.25,92200
2014-12-09,9071.75,9227.5498046875,9046.349609375,9225.349609375,102500
2014-12-10,9024.4501953125,9103.9501953125,9015.25,9066.900390625,72400
2014-12-11,8983.0,9038.9501953125,8945.0498046875,9032.0,70600
2014-12-12,8966.5498046875,9050.75,8951.4501953125,9002.599609375,85500
2014-12-15,8885.849609375,8956.349609375,8876.4501953125,8924.849609375,72600
2014-12-16,8618.150390625,8852.900390625,8593.2998046875,8849.25,137400
2014-12-17,8596.099609375,8640.2001953125,8474.5498046875,8575.0,140200
2014-12-18,8751.0,8756.7998046875,8650.599609375,8658.5498046875,100200
2014-12-19,8733.4501953125,8855.0498046875,8706.7001953125,8802.150390625,101900
2014-12-22,8817.7998046875,8830.2998046875,8764.9501953125,8773.5498046875,94000
2014-12-23,8779.900390625,8849.5,8747.099609375,8820.9501953125,70700
2014-12-24,8743.0498046875,8808.5498046875,8718.75,8785.4501953125,116300
2014-12-26,8720.2001953125,8781.4501953125,8695.150390625,8738.5498046875,39500
2014-12-29,8853.7001953125,8876.4501953125,8743.0498046875,8743.0498046875,69300
2014-12-30,8875.7001953125,8896.25,8842.2001953125,8864.7998046875,46000
2014-12-31,8895.4501953125,8921.2998046875,8848.9501953125,8859.2001953125,55200
2015-01-01,8913.849609375,8940.75,8864.650390625,8873.349609375,37200
2015-01-02,8989.849609375,9025.4501953125,8924.25,8924.25,68500
2015-01-05,9050.5,9111.400390625,9022.4501953125,9022.4501953125,71700
2015-01-06,8946.900390625,9043.5498046875,8920.150390625,9041.5498046875,125400
2015-01-07,9063.5,9094.099609375,8958.150390625,8971.2001953125,104400
2015-01-08,9180.650390625,9201.7998046875,9119.5498046875,9119.5498046875,105300
2015-01-09,9245.4501953125,9254.7001953125,9180.5,9219.7998046875,95800
2015-01-12,9356.5498046875,9368.900390625,9239.5498046875,9268.9501953125,90900
2015-01-13,9341.75,9434.5498046875,9304.849609375,9390.2001953125,128800
2015-01-14,9433.5498046875,9462.5498046875,9347.0498046875,9349.2998046875,203900
2015-01-15,9523.849609375,9563.849609375,9462.150390625,9519.7001953125,165900
2015-01-16,9606.150390625,9622.5,9514.9501953125,9544.349609375,115900
2015-01-19,9496.900390625,9652.7001953125,9472.4501953125,9638.2001953125,142200
2015-01-20,9527.0498046875,9545.849609375,9479.349609375,9497.5498046875,154500
2015-01-21,9652.400390625,9671.25,9516.25,9556.0,121200
2015-01-22,9659.0,9733.599609375,9617.5,9689.5498046875,150300
2015-01-23,9774.150390625,9784.4501953125,9673.349609375,9722.900390625,127900
2015-01-27,9821.4501953125,9829.099609375,9743.2001953125,9786.650390625,137700
2015-01-28,9788.9501953125,9852.099609375,9748.75,9805.099609375,112300
2015-01-29,9804.25,9827.400390625,9751.650390625,9788.599609375,181700
2015-01-30,9734.650390625,9831.7998046875,9701.4501953125,9829.4501953125,117200
2015-02-02,9699.2001953125,9760.099609375,9665.5,9713.9501953125,78700
2015-02-03,9723.2001953125,9822.400390625,9704.7001953125,9758.650390625,136900
2015-02-04,9662.5,9791.9501953125,9639.349609375,9762.2001953125,128100
2015-02-05,9608.150390625,9706.349609375,9587.75,9694.0,74600
2015-02-06,9611.4501953125,9655.900390625,9589.900390625,9614.5498046875,67600
2015-02-09,9455.900390625,9587.349609375,9445.599609375,9586.75,58300
2015-02-10,9520.650390625,9607.0,9431.75,9435.4501953125,71500
2015-02-11,9639.5,9660.599609375,9540.349609375,9544.849609375,67400
2015-02-12,9777.349609375,9794.2998046875,9701.099609375,9703.7998046875,87500
2015-02-13,9873.849609375,9911.7998046875,9801.7001953125,9824.849609375,86100
2015-02-16,9920.2998046875,10017.2001953125,9876.849609375,9876.849609375,74300
2015-02-18,9992.0,10021.849609375,9918.5,9918.5,85000
2015-02-19,10001.9501953125,10043.650390625,9878.650390625,10031.4501953125,130100
2015-02-20,9946.349609375,10031.400390625,9934.0498046875,10023.400390625,85900
2015-02-23,9902.5498046875,10003.5498046875,9883.2998046875,9977.4501953125,102000
2015-02-24,9955.650390625,9968.75,9893.7001953125,9935.0,77400
2015-02-25,9938.099609375,10007.2001953125,9891.7998046875,9989.0498046875,69700
2015-02-26,9786.349609375,9963.849609375,9772.7001953125,9962.5498046875,113600
2015-02-27,9956.0498046875,9976.25,9816.349609375,9816.349609375,110400
2015-03-02,10234.400390625,10261.349609375,10055.0,10061.75,110600
2015-03-03,10269.4501953125,10281.2001953125,10215.900390625,10257.099609375,79100
2015-03-04,10153.25,10355.900390625,10135.599609375,10319.75,103800
2015-03-05,10248.0,10286.7001953125,10161.349609375,10161.349609375,98000
2015-03-09,10246.150390625,10273.349609375,10181.099609375,10202.599609375,107900
2015-03-10,10157.0498046875,10268.2001953125,10135.9501953125,10268.2001953125,80100
2015-03-11,10170.5,10230.150390625,10136.7998046875,10172.4501953125,73200
2015-03-12,10280.5,10292.5,10182.7001953125,10185.2001953125,93300
2015-03-13,10099.75,10349.099609375,10080.4501953125,10329.7998046875,83800
2015-03-16,9982.25,10119.75,9967.900390625,10117.2998046875,88400
2015-03-17,10064.2001953125,10106.7998046875,9979.0498046875,10031.650390625,104300
2015-03-18,10040.349609375,10126.7998046875,10015.849609375,10108.75,109600
2015-03-19,10035.5498046875,10166.099609375,10009.7998046875,10110.25,85100
2015-03-20,9906.849609375,10046.900390625,9885.650390625,10046.900390625,116300
2015-03-23,9876.650390625,9956.849609375,9851.75,9953.900390625,91800
2015-03-24,9824.9501953125,9898.2001953125,9817.0498046875,9880.7001953125,73000
2015-03-25,9826.4501953125,9867.0498046875,9784.849609375,9844.0498046875,81900
2015-03-26,9683.5498046875,9802.2998046875,9656.5498046875,9802.2998046875,107900
2015-03-27,9680.2998046875,9734.5,9564.0,9733.7001953125,91300
2015-03-30,9799.5,9814.849609375,9714.4501953125,9754.4501953125,58900
2015-03-31,9866.4501953125,9924.349609375,9817.75,9832.5498046875,111600
2015-04-01,9885.0498046875,9896.349609375,9823.400390625,9875.099609375,70500
2015-04-06,9986.2998046875,9996.150390625,9886.2998046875,9909.349609375,71000
2015-04-07,10049.0,10070.599609375,9948.7001953125,10027.400390625,92800
2015-04-08,10104.5498046875,10156.9501953125,10065.0498046875,10077.2001953125,84300
2015-04-09,10146.150390625,10161.599609375,10076.5,10149.5498046875,75600
2015-04-10,10211.4501953125,10226.2001953125,10147.2001953125,10161.9501953125,88200
2015-04-13,10269.2001953125,10275.849609375,10208.2998046875,10217.75,71200
2015-04-15,10267.5498046875,10369.0,10243.7998046875,10278.5,100200
2015-04-16,10202.4501953125,10291.650390625,10130.5,10285.5,109700
2015-04-17,10133.7001953125,10216.0498046875,10118.400390625,10199.849609375,89400
2015-04-20,9911.150390625,10148.900390625,9875.849609375,10146.7998046875,81900
2015-04-21,9696.0,9922.900390625,9677.75,9920.849609375,116100
2015-04-22,9737.5,9768.4501953125,9577.4501953125,9743.150390625,116600
2015-04-23,9771.2998046875,9872.9501953125,9707.25,9792.349609375,87500
2015-04-24,9592.25,9776.150390625,9557.4501953125,9776.150390625,83200
2015-04-27,9520.2998046875,9630.9501953125,9449.599609375,9613.2998046875,93400
2015-04-28,9678.349609375,9697.2001953125,9489.849609375,9512.400390625,112800
2015-04-29,9646.4501953125,9713.0,9619.2998046875,9663.0498046875,140300
2015-04-30,9651.4501953125,9689.650390625,9552.25,9636.25,147400
2015-05-04,9824.7998046875,9839.400390625,9734.599609375,9748.4501953125,77400
2015-05-05,9975.2001953125,9995.099609375,9766.2998046875,9809.2998046875,140200
2015-05-06,9665.900390625,9952.7001953125,9652.25,9944.7001953125,123100
2015-05-07,9579.5,9663.25,9518.150390625,9643.5,77900
2015-05-08,9729.7998046875,9747.5,9624.150390625,9641.75,109400
2015-05-11,9790.599609375,9811.900390625,9733.75,9794.349609375,127200
2015-05-12,9573.4501953125,9807.150390625,9538.2998046875,9807.150390625,91700
2015-05-13,9702.2998046875,9719.650390625,9526.349609375,9649.150390625,98200
2015-05-14,9769.25,9778.4501953125,9604.849609375,9705.650390625,81200
2015-05-15,9762.650390625,9813.650390625,9729.150390625,9784.900390625,55200
2015-05-18,9857.25,9870.5,9756.650390625,9793.7001953125,54700
2015-05-19,9855.099609375,9914.5498046875,9830.349609375,9858.650390625,92000
2015-05-20,9877.25,9922.5,9864.25,9879.849609375,71600
2015-05-21,9857.7001953125,9898.7001953125,9819.0498046875,9895.599609375,81400
2015-05-22,9872.349609375,9912.2001953125,9858.900390625,9900.150390625,83000
2015-05-25,9794.849609375,9865.849609375,9781.349609375,9857.5,53100
2015-05-26,9757.849609375,9824.5498046875,9742.400390625,9824.5498046875,94000
2015-05-27,9740.5,9772.650390625,9685.849609375,9722.7998046875,85400
2015-05-28,9757.099609375,9776.099609375,9711.849609375,9762.5,123500
2015-05-29,9905.7001953125,9928.5,9767.75,9782.0498046875,412200
2015-06-01,9993.599609375,10002.5,9888.75,9896.5498046875,59600
2015-06-02,9792.25,9999.0,9771.400390625,9997.5,57200
2015-06-03,9580.650390625,9793.5,9527.2998046875,9784.7998046875,67900
2015-06-04,9604.599609375,9630.2998046875,9537.9501953125,9630.2998046875,88700
2015-06-05,9608.2998046875,9711.349609375,9564.099609375,9599.849609375,99200
2015-06-08,9457.2998046875,9636.25,9434.2998046875,9624.25,82300
2015-06-09,9478.349609375,9522.75,9423.150390625,9438.2998046875,88500
2015-06-10,9540.75,9561.75,9478.2001953125,9483.7998046875,85900
2015-06-11,9454.400390625,9630.25,9437.7998046875,9579.150390625,133200
2015-06-12,9456.9501953125,9469.599609375,9394.849609375,9399.849609375,80500
2015-06-15,9486.349609375,9526.900390625,9431.0,9483.900390625,102900
2015-06-16,9517.9501953125,9543.0,9401.900390625,9475.25,65200
2015-06-17,9661.7001953125,9707.0498046875,9547.0498046875,9555.349609375,130500
2015-06-18,9696.5498046875,9718.849609375,9650.650390625,9668.4501953125,60400
2015-06-19,9724.150390625,9751.900390625,9680.650390625,9691.5498046875,105800
2015-06-22,9840.2001953125,9850.75,9757.900390625,9775.849609375,62300
2015-06-23,9863.5,9892.0498046875,9821.7001953125,9870.400390625,67800
2015-06-24,9889.0498046875,9956.099609375,9851.5498046875,9887.849609375,88100
2015-06-25,9882.75,9941.25,9847.349609375,9856.9501953125,176000
2015-06-26,9898.599609375,9906.5498046875,9827.099609375,9883.650390625,67400
2015-06-29,9852.9501953125,9868.0,9706.099609375,9772.650390625,60700
2015-06-30,9983.9501953125,9999.349609375,9881.900390625,9882.150390625,100600
2015-07-01,10048.849609375,10105.150390625,9981.0498046875,9991.2001953125,84800
2015-07-02,10081.2001953125,10114.0498046875,10045.7001953125,10062.2001953125,85900
2015-07-03,10110.2001953125,10179.5498046875,10077.2998046875,10092.099609375,56300
2015-07-06,10128.4501953125,10144.0498046875,10004.150390625,10013.650390625,98000
2015-07-07,10132.900390625,10163.2998046875,10084.7998046875,10124.7998046875,116900
2015-07-08,10040.0,10130.599609375,9968.099609375,10068.4501953125,317300
2015-07-09,9995.4501953125,10092.0,9982.7001953125,10039.7998046875,202800
2015-07-10,9958.2998046875,10045.5498046875,9902.75,10023.650390625,142900
2015-07-13,10102.7998046875,10113.2998046875,9944.7001953125,9976.650390625,102200
2015-07-14,10156.0,10177.25,10082.4501953125,10118.75,63500
2015-07-15,10235.5498046875,10270.150390625,10171.150390625,10173.25,62700
2015-07-16,10291.9501953125,10301.599609375,10248.400390625,10251.5498046875,60800
2015-07-17,10287.349609375,10323.75,10266.75,10313.7001953125,120800
2015-07-20,10260.7001953125,10321.9501953125,10241.0,10309.650390625,69400
2015-07-21,10098.099609375,10280.900390625,10081.349609375,10268.9501953125,128900
2015-07-22,10239.2001953125,10249.0,10081.9501953125,10090.0,124700
2015-07-23,10205.25,10249.0,10194.9501953125,10240.650390625,103600
2015-07-24,10194.650390625,10258.650390625,10171.2001953125,10216.4501953125,76000
2015-07-27,10064.599609375,10179.2998046875,10055.400390625,10179.2998046875,90500
2015-07-28,10080.7001953125,10127.75,10036.2998046875,10072.0,111100
2015-07-29,10217.2998046875,10232.0498046875,10115.4501953125,10116.0,122900
2015-07-30,10290.5498046875,10355.0498046875,10251.099609375,10273.2001953125,156000
2015-07-31,10352.349609375,10398.0,10309.400390625,10310.900390625,98700
2015-08-03,10366.150390625,10415.9501953125,10356.25,10378.2001953125,79200
2015-08-04,10403.2998046875,10418.2998046875,10322.4501953125,10405.849609375,117300
2015-08-05,10473.0498046875,10516.5,10433.2001953125,10454.5498046875,93900
2015-08-06,10526.599609375,10549.0,10434.400390625,10503.650390625,103100
2015-08-07,10535.2001953125,10585.5498046875,10521.900390625,10575.599609375,120300
2015-08-10,10555.599609375,10600.9501953125,10526.75,10557.2998046875,99600
2015-08-11,10479.2001953125,10584.4501953125,10415.599609375,10583.099609375,118500
2015-08-12,10256.75,10468.5,10229.349609375,10468.5,153800
2015-08-13,10228.7001953125,10355.2001953125,10207.25,10303.4501953125,273100
2015-08-14,10345.7998046875,10357.5,10189.7001953125,10266.150390625,145300
2015-08-17,10306.650390625,10373.7998046875,10240.849609375,10373.7998046875,109800
2015-08-18,10357.5,10367.650390625,10275.900390625,10330.150390625,106100
2015-08-19,10396.25,10426.2998046875,10299.7001953125,10354.4501953125,91900
2015-08-20,10244.900390625,10433.75,10228.349609375,10354.0498046875,157000
2015-08-21,10198.0498046875,10211.2001953125,10098.849609375,10198.7001953125,211000
2015-08-24,9527.2998046875,9931.75,9493.7998046875,9931.75,237100
2015-08-25,9632.75,9716.2001953125,9266.7001953125,9631.599609375,271000
2015-08-26,9510.0498046875,9647.849609375,9484.25,9647.849609375,266900
2015-08-27,9630.4501953125,9674.400390625,9577.0498046875,9636.400390625,277100
2015-08-28,9704.099609375,9807.7998046875,9658.349609375,9734.150390625,203400
2015-08-31,9676.349609375,9758.0,9659.0,9720.2001953125,195900
2015-09-01,9535.7998046875,9665.2998046875,9496.25,9611.5498046875,144400
2015-09-02,9438.2998046875,9618.400390625,9418.650390625,9613.0,150700
2015-09-03,9534.0,9587.5,9455.349609375,9486.150390625,140700
2015-09-04,9391.7001953125,9518.5,9352.2998046875,9518.5,125800
2015-09-07,9245.75,9422.2001953125,9225.2001953125,9402.599609375,91100
2015-09-08,9233.849609375,9289.9501953125,9092.2998046875,9289.9501953125,148100
2015-09-09,9438.0,9453.0,9342.0,9353.2001953125,204700
2015-09-10,9431.0498046875,9459.650390625,9258.599609375,9359.150390625,181900
2015-09-11,9459.849609375,9508.0498046875,9433.9501953125,9489.2001953125,130200
2015-09-14,9547.0,9555.150390625,9444.7001953125,9514.349609375,139400
2015-09-15,9526.2998046875,9627.7001953125,9501.2998046875,9582.25,165100
2015-09-16,9538.75,9608.75,9508.7001953125,9606.2998046875,151000
2015-09-18,9544.25,9644.7998046875,9518.5498046875,9600.2001953125,236800
2015-09-21,9559.2001953125,9571.4501953125,9462.2001953125,9489.7998046875,129000
2015-09-22,9442.25,9614.900390625,9414.5498046875,9611.9501953125,149800
2015-09-23,9416.900390625,9457.4501953125,9331.849609375,9380.900390625,140500
2015-09-24,9470.599609375,9501.5498046875,9406.0,9428.0,195400
2015-09-28,9414.7001953125,9508.25,9396.0498046875,9500.5498046875,92000
2015-09-29,9441.150390625,9546.849609375,9285.2998046875,9340.5,209200
2015-09-30,9580.150390625,9605.4501953125,9500.599609375,9536.2998046875,264100
2015-10-01,9552.5,9659.650390625,9540.7998046875,9638.150390625,159500
2015-10-05,9558.0,9621.4501953125,9520.599609375,9595.650390625,239700
2015-10-06,9611.5498046875,9635.25,9552.9501953125,9633.75,262300
2015-10-07,9642.75,9672.349609375,9590.75,9596.599609375,358000
2015-10-08,9616.349609375,9684.25,9598.650390625,9678.650390625,258300
2015-10-09,9575.599609375,9706.0,9562.099609375,9668.2998046875,584700
2015-10-12,9538.2998046875,9621.4501953125,9509.25,9620.75,515100
2015-10-13,9513.25,9555.4501953125,9468.099609375,9555.4501953125,249300
2015-10-14,9484.2998046875,9537.400390625,9461.900390625,9522.849609375,261300
2015-10-15,9537.599609375,9544.349609375,9472.900390625,9490.75,229900
2015-10-16,9580.7998046875,9590.599609375,9522.75,9574.2998046875,170100
2015-10-19,9644.849609375,9657.0498046875,9568.0,9603.849609375,182500
2015-10-20,9646.5,9667.2998046875,9602.9501953125,9667.2998046875,234500
2015-10-21,9665.25,9698.5498046875,9624.5498046875,9630.599609375,253200
2015-10-23,9635.9501953125,9734.900390625,9622.7001953125,9721.0498046875,200400
2015-10-26,9645.25,9688.349609375,9626.5,9668.7998046875,174200
2015-10-27,9701.650390625,9712.2001953125,9623.5498046875,9656.900390625,253600
2015-10-28,9720.5498046875,9749.2001953125,9667.9501953125,9694.5498046875,240400
2015-10-29,9648.0,9715.349609375,9629.650390625,9703.2998046875,200100
2015-10-30,9591.9501953125,9679.0,9571.849609375,9647.0,229900
2015-11-02,9618.900390625,9628.9501953125,9533.0498046875,9616.650390625,127200
2015-11-03,9673.599609375,9699.4501953125,9647.099609375,9685.0,193200
2015-11-04,9666.400390625,9726.5,9655.2998046875,9706.25,119200
2015-11-05,9591.099609375,9683.599609375,9570.5,9663.900390625,116500
2015-11-06,9539.349609375,9617.150390625,9500.400390625,9609.5498046875,167300
2015-11-09,9613.75,9636.2998046875,9374.9501953125,9391.9501953125,195500
2015-11-10,9546.75,9608.5498046875,9531.2998046875,9607.9501953125,173600
2015-11-13,9435.0,9563.349609375,9425.150390625,9554.2998046875,185800
2015-11-16,9394.75,9432.650390625,9365.7998046875,9406.900390625,184600
2015-11-17,9465.400390625,9479.5498046875,9404.349609375,9431.9501953125,191100
2015-11-18,9369.0,9488.75,9356.599609375,9467.099609375,162800
2015-11-19,9489.400390625,9495.0,9400.5,9422.5,138100
2015-11-20,9568.2001953125,9602.849609375,9476.4501953125,9517.2001953125,146500
2015-11-23,9504.0498046875,9598.349609375,9484.650390625,9577.0,105800
2015-11-24,9463.5,9516.400390625,9447.0498046875,9495.599609375,146600
2015-11-26,9416.4501953125,9487.599609375,9396.900390625,9487.599609375,187600
2015-11-27,9444.9501953125,9472.349609375,9393.900390625,9472.349609375,151000
2015-11-30,9401.2998046875,9494.349609375,9351.0,9451.9501953125,286800
2015-12-01,9506.7998046875,9528.5498046875,9424.099609375,9439.650390625,188900
2015-12-02,9505.099609375,9540.2998046875,9467.7998046875,9540.2998046875,156400
2015-12-03,9425.099609375,9493.0,9413.150390625,9477.5498046875,128400
2015-12-04,9383.75,9433.150390625,9372.0,9395.099609375,120900
2015-12-07,9439.5,9458.2998046875,9410.349609375,9411.7001953125,110300
2015-12-08,9366.5,9432.5,9347.900390625,9412.25,148400
2015-12-09,9205.5,9369.400390625,9190.7998046875,9356.25,176600
2015-12-10,9269.0498046875,9291.75,9180.2998046875,9230.849609375,163400
2015-12-11,9235.150390625,9311.75,9213.4501953125,9291.650390625,154300
2015-12-14,9377.7001953125,9402.849609375,9213.7998046875,9236.099609375,137900
2015-12-15,9500.5,9514.5498046875,9397.2998046875,9397.2998046875,133600
2015-12-16,9473.400390625,9556.150390625,9460.650390625,9552.4501953125,109900
2015-12-17,9559.7998046875,9571.349609375,9440.75,9466.0,166700
2015-12-18,9498.150390625,9608.7998046875,9477.7001953125,9571.5498046875,192100
2015-12-21,9539.349609375,9550.849609375,9498.75,9527.2001953125,124900
2015-12-22,9496.849609375,9560.099609375,9472.4501953125,9540.5498046875,121800
2015-12-23,9562.0,9583.849609375,9538.650390625,9550.4501953125,127700
2015-12-24,9557.5498046875,9596.5,9543.7001953125,9596.5,144300
2015-12-28,9579.25,9599.150390625,9561.349609375,9561.900390625,115900
2015-12-29,9558.0498046875,9588.150390625,9538.25,9584.599609375,111100
2015-12-30,9515.349609375,9568.099609375,9502.5,9568.099609375,84600
2015-12-31,9558.25,9574.25,9506.099609375,9520.5498046875,118900
2016-01-01,9600.75,9616.349609375,9545.7998046875,9556.0498046875,60000
2016-01-04,9520.7998046875,9625.5,9511.400390625,9586.4501953125,138700
2016-01-05,9492.900390625,9559.25,9459.349609375,9547.7998046875,164700
2016-01-06,9412.150390625,9505.099609375,9398.099609375,9505.099609375,137100
2016-01-07,9102.900390625,9371.5498046875,9081.0498046875,9359.099609375,248100
2016-01-08,9060.7001953125,9187.4501953125,9049.5,9137.650390625,195000
2016-01-11,9048.4501953125,9090.4501953125,8952.599609375,9013.75,336700
2016-01-12,9084.7998046875,9109.400390625,9051.5498046875,9073.5,183900
2016-01-13,9101.900390625,9153.099609375,8971.400390625,9122.5498046875,232000
2016-01-14,9045.2998046875,9122.5498046875,8962.400390625,9031.849609375,221700
2016-01-15,8891.900390625,9102.150390625,8855.599609375,9065.2001953125,223500
2016-01-18,8789.150390625,8894.099609375,8767.7998046875,8873.5,243000
2016-01-19,8805.4501953125,8838.75,8756.75,8802.4501953125,302200
2016-01-20,8610.0,8744.0498046875,8528.7001953125,8744.0498046875,317700
2016-01-21,8418.099609375,8669.400390625,8399.7001953125,8663.75,290300
2016-01-22,8549.099609375,8576.400390625,8487.849609375,8493.9501953125,422600
2016-01-25,8569.25,8658.5498046875,8556.4501953125,8590.5498046875,233100
2016-01-27,8517.9501953125,8622.849609375,8509.7998046875,8618.7001953125,335600
2016-01-28,8569.900390625,8610.400390625,8495.7998046875,8501.150390625,419200
2016-01-29,8681.75,8704.2001953125,8506.900390625,8506.900390625,522700
2016-02-01,8613.25,8717.650390625,8601.0498046875,8717.4501953125,196500
2016-02-02,8517.150390625,8656.400390625,8487.75,8650.849609375,237500
2016-02-03,8499.7998046875,8570.599609375,8427.5,8469.400390625,299800
2016-02-04,8611.099609375,8634.0498046875,8535.599609375,8559.0,413500
2016-02-05,8654.900390625,8712.4501953125,8595.25,8607.0,485300
2016-02-08,8609.9501953125,8725.2001953125,8595.599609375,8688.2998046875,251100
2016-02-09,8498.25,8591.0,8491.599609375,8555.2001953125,234300
2016-02-10,8437.0,8513.5,8383.099609375,8495.5498046875,229500
2016-02-11,8209.0,8407.2001953125,8189.0498046875,8400.650390625,239400
2016-02-12,8211.0498046875,8240.2001953125,8087.85009765625,8238.2001953125,351000
2016-02-15,8419.7998046875,8437.0,8310.400390625,8312.400390625,417600
2016-02-16,8305.849609375,8453.25,8283.0,8435.0,311800
2016-02-17,8373.0,8386.099609375,8159.75,8299.650390625,324000
2016-02-18,8404.7998046875,8479.9501953125,8347.349609375,8433.2998046875,366500
2016-02-19,8379.9501953125,8405.5498046875,8308.349609375,8405.5498046875,190200
2016-02-22,8501.400390625,8511.7001953125,8353.349609375,8378.599609375,191100
2016-02-23,8397.7001953125,8499.75,8380.2001953125,8499.75,247500
2016-02-24,8343.650390625,8403.0498046875,8319.099609375,8385.150390625,167800
2016-02-25,8266.25,8369.4501953125,8251.7001953125,8363.75,203400
2016-02-26,8315.7998046875,8378.150390625,8246.099609375,8347.650390625,207600
2016-02-29,8154.85009765625,8333.5,8095.35009765625,8331.599609375,326000
2016-03-01,8334.0498046875,8350.75,8154.14990234375,8164.0,280100
2016-03-02,8489.099609375,8530.400390625,8414.2001953125,8414.2001953125,278000
2016-03-03,8547.849609375,8554.75,8479.7001953125,8540.599609375,391100
2016-03-04,8565.400390625,8588.849609375,8526.900390625,8588.849609375,355300
2016-03-08,8464.150390625,8575.900390625,8435.099609375,8562.099609375,364000
2016-03-09,8564.099609375,8584.150390625,8412.5,8427.849609375,336900
2016-03-10,8542.349609375,8594.0498046875,8495.650390625,8580.0498046875,336300
2016-03-11,8582.7998046875,8598.9501953125,8525.900390625,8547.650390625,277200
2016-03-14,8627.599609375,8659.0,8580.2998046875,8621.349609375,200200
2016-03-15,8588.2001953125,8658.0,8567.849609375,8621.2001953125,254600
2016-03-16,8602.400390625,8612.349609375,8515.7001953125,8597.400390625,264400
2016-03-17,8656.2998046875,8719.650390625,8627.349609375,8659.5498046875,254300
2016-03-18,8729.5498046875,8742.650390625,8604.900390625,8672.150390625,413300
2016-03-21,8923.349609375,8931.25,8738.0,8738.0,306200
2016-03-22,8974.5498046875,8989.9501953125,8868.7998046875,8920.099609375,290500
2016-03-23,9008.849609375,9021.849609375,8930.400390625,8980.0498046875,258000
2016-03-28,8871.4501953125,9027.75,8845.150390625,9027.75,412300
2016-03-29,8888.75,8937.9501953125,8848.5498046875,8849.5,252900
2016-03-30,8942.349609375,8971.0498046875,8909.5,8920.099609375,275000
2016-03-31,8965.7998046875,8991.5,8920.099609375,8938.150390625,530900
2016-04-01,8970.0498046875,9002.0498046875,8913.400390625,8936.5,335000
2016-04-04,8964.849609375,9020.75,8928.099609375,8988.4501953125,250400
2016-04-05,8804.0498046875,8963.0,8781.75,8926.5,326400
2016-04-06,8834.400390625,8840.150390625,8775.25,8818.5498046875,309600
2016-04-07,8709.900390625,8834.0,8692.650390625,8834.0,219800
2016-04-08,8684.25,8713.150390625,8669.7001953125,8694.4501953125,257100
2016-04-11,8778.2998046875,8786.599609375,8640.400390625,8700.849609375,329100
2016-04-12,8884.9501953125,8916.7001953125,8779.400390625,8790.7998046875,346900
2016-04-13,9085.349609375,9093.599609375,8948.7001953125,8951.0,515600
2016-04-18,9109.7001953125,9121.2998046875,9028.0498046875,9099.349609375,344100
2016-04-20,9127.5498046875,9144.9501953125,9082.0498046875,9117.150390625,625600
2016-04-21,9085.2998046875,9167.5498046875,9052.849609375,9156.150390625,360500
2016-04-22,9091.599609375,9117.900390625,9048.75,9064.2001953125,293100
2016-04-25,9035.400390625,9123.650390625,8997.849609375,9084.7001953125,258000
2016-04-26,9159.5498046875,9170.650390625,9003.849609375,9003.849609375,319900
2016-04-27,9176.900390625,9205.7001953125,9133.5498046875,9147.400390625,251400
2016-04-28,8999.25,9189.5498046875,8985.7998046875,9166.099609375,407100
2016-04-29,9030.7001953125,9088.75,8967.400390625,9016.400390625,450400
2016-05-02,9061.7001953125,9070.2998046875,8979.599609375,9026.2001953125,449300
2016-05-03,9011.599609375,9146.2001953125,8991.150390625,9082.2998046875,471000
2016-05-04,8935.0498046875,8995.650390625,8924.849609375,8986.5,400300
2016-05-05,8975.599609375,9002.0498046875,8926.150390625,8971.099609375,345400
2016-05-06,8995.75,9008.4501953125,8941.900390625,8971.75,278700
2016-05-09,9022.75,9084.75,9004.599609375,9023.849609375,267900
2016-05-10,9056.4501953125,9095.650390625,9023.9501953125,9024.7001953125,322100
2016-05-11,9087.4501953125,9098.5498046875,8951.099609375,8968.0,280200
2016-05-12,9105.900390625,9118.7998046875,9055.099609375,9088.25,207200
2016-05-13,8991.900390625,9095.75,8976.650390625,9094.099609375,266000
2016-05-16,9049.849609375,9063.150390625,8933.25,9013.75,226100
2016-05-17,9063.900390625,9091.150390625,9026.349609375,9079.349609375,225500
2016-05-18,8969.2998046875,9025.5,8924.75,9025.5,210600
2016-05-19,8895.25,8988.599609375,8865.4501953125,8965.2001953125,322000
2016-05-20,8860.599609375,8924.650390625,8846.599609375,8896.599609375,263200
2016-05-23,8830.150390625,8898.2998046875,8818.650390625,8891.5,207100
2016-05-24,8857.5,8873.599609375,8768.5,8840.099609375,230300
2016-05-25,9021.2001953125,9052.2998046875,8920.400390625,8920.400390625,632000
2016-05-26,9125.9501953125,9139.5498046875,9007.4501953125,9044.349609375,789100
2016-05-27,9194.400390625,9208.25,9132.900390625,9132.900390625,407000
2016-05-30,9186.849609375,9242.400390625,9158.0,9207.5,265400
2016-05-31,9215.2001953125,9257.150390625,9172.5498046875,9193.4501953125,607800
2016-06-01,9201.0498046875,9289.400390625,9186.2998046875,9247.099609375,498600
2016-06-02,9261.5498046875,9271.849609375,9137.349609375,9192.0498046875,296200
2016-06-03,9323.0498046875,9359.400390625,9280.650390625,9281.849609375,215000
2016-06-06,9262.349609375,9343.7998046875,9241.400390625,9324.2998046875,223900
2016-06-07,9346.400390625,9368.2998046875,9299.150390625,9310.5498046875,256400
2016-06-08,9380.5,9391.2001953125,9334.150390625,9334.150390625,272900
2016-06-09,9301.2001953125,9390.25,9283.599609375,9390.25,316900
2016-06-10,9266.5,9361.349609375,9258.900390625,9309.849609375,387700
2016-06-13,9259.5,9271.0498046875,9188.25,9198.7001953125,272700
2016-06-14,9221.7001953125,9282.599609375,9189.7998046875,9262.0,193700
2016-06-15,9322.2001953125,9325.599609375,9234.0,9250.0,365900
2016-06-16,9258.7998046875,9293.75,9176.5498046875,9286.150390625,438400
2016-06-17,9273.900390625,9325.349609375,9244.9501953125,9299.650390625,331700
2016-06-20,9326.0,9335.150390625,9189.349609375,9209.7998046875,324800
2016-06-21,9312.099609375,9329.7998046875,9289.2001953125,9329.7998046875,351400
2016-06-22,9289.2998046875,9318.2998046875,9263.900390625,9288.5498046875,283800
2016-06-23,9341.849609375,9351.7998046875,9260.599609375,9298.7001953125,325800
2016-06-24,9178.25,9187.900390625,9004.349609375,9148.2001953125,532000
2016-06-27,9204.650390625,9241.9501953125,9154.25,9160.5,317500
2016-06-28,9361.7001953125,9369.7001953125,9224.5498046875,9224.5498046875,262600
2016-06-29,9467.5,9484.599609375,9414.650390625,9419.599609375,300500
2016-06-30,9564.9501953125,9575.2998046875,9504.849609375,9530.0,352200
2016-07-01,9596.5,9615.5,9545.25,9576.7001953125,332600
2016-07-04,9606.650390625,9642.9501953125,9592.599609375,9620.5498046875,279400
2016-07-05,9595.650390625,9613.2001953125,9554.25,9596.849609375,381300
2016-07-07,9676.25,9690.5498046875,9596.599609375,9605.2001953125,578100
2016-07-08,9683.9501953125,9716.900390625,9653.5,9690.2001953125,325600
2016-07-11,9812.599609375,9825.7998046875,9754.0,9754.0,341100
2016-07-12,9881.099609375,9888.0498046875,9811.5498046875,9850.599609375,445000
2016-07-13,9853.2001953125,9911.0498046875,9833.0498046875,9873.900390625,792000
2016-07-14,9930.9501953125,9940.099609375,9854.099609375,9854.099609375,380300
2016-07-15,9961.349609375,10007.7001953125,9942.5,9959.099609375,319900
2016-07-18,9906.5498046875,10008.9501953125,9866.150390625,9986.0498046875,319800
2016-07-19,9880.2998046875,9892.7998046875,9816.0498046875,9865.0,357500
2016-07-20,9949.099609375,9958.5,9891.2001953125,9892.599609375,287700
2016-07-21,9943.4501953125,9981.5,9929.75,9964.400390625,629600
2016-07-22,9978.2998046875,9986.9501953125,9892.650390625,9971.150390625,619800
2016-07-25,10091.25,10102.5,9966.75,9983.4501953125,555400
2016-07-26,9994.150390625,10113.849609375,9972.5498046875,10113.849609375,378300
2016-07-27,10030.400390625,10111.5,9999.0498046875,10045.599609375,340300
2016-07-28,10183.849609375,10212.349609375,10032.5498046875,10054.2998046875,406300
2016-07-29,10203.400390625,10218.5498046875,10162.4501953125,10172.5498046875,346400
2016-08-01,10205.849609375,10281.75,10151.900390625,10251.349609375,514800
2016-08-02,10163.7998046875,10287.650390625,10145.9501953125,10228.099609375,513600
2016-08-03,10011.2001953125,10196.7001953125,9998.349609375,10192.849609375,375200
2016-08-04,10061.349609375,10107.400390625,9991.849609375,10107.400390625,304200
2016-08-05,10213.4501953125,10225.599609375,10101.5,10103.5498046875,377000
2016-08-08,10376.150390625,10391.900390625,10249.5,10251.25,332300
2016-08-09,10306.0498046875,10397.349609375,10238.7998046875,10397.349609375,275700
2016-08-10,10155.349609375,10326.7998046875,10140.900390625,10326.7998046875,278200
2016-08-11,10219.7001953125,10238.5498046875,10124.4501953125,10161.599609375,277100
2016-08-12,10265.349609375,10310.849609375,10200.849609375,10225.5498046875,281100
2016-08-16,10217.75,10302.150390625,10181.5498046875,10292.5,303000
2016-08-17,10224.099609375,10252.5498046875,10181.400390625,10204.7001953125,210800
2016-08-18,10237.2001953125,10276.900390625,10227.75,10245.25,239800
2016-08-19,10271.150390625,10294.4501953125,10225.75,10254.150390625,307900
2016-08-22,10241.2001953125,10289.5,10228.5498046875,10271.400390625,214200
2016-08-23,10214.5498046875,10237.150390625,10169.099609375,10236.5,183100
2016-08-24,10294.349609375,10314.599609375,10231.400390625,10243.75,219000
2016-08-25,10222.900390625,10335.2998046875,10205.5498046875,10329.2001953125,338900
2016-08-26,10210.0498046875,10267.099609375,10174.599609375,10248.150390625,157800
2016-08-29,10207.400390625,10223.349609375,10175.4501953125,10211.599609375,193200
2016-08-30,10404.25,10422.400390625,10233.849609375,10233.849609375,195800
2016-08-31,10359.5498046875,10438.900390625,10335.150390625,10411.599609375,374500
2016-09-01,10358.5,10399.650390625,10339.9501953125,10368.099609375,321400
2016-09-02,10383.2998046875,10416.75,10347.900390625,10369.9501953125,238100
2016-09-06,10583.2998046875,10594.75,10438.5498046875,10438.5498046875,207300
2016-09-07,10589.150390625,10632.849609375,10563.4501953125,10589.9501953125,332200
2016-09-08,10715.650390625,10722.75,10586.849609375,10591.2001953125,225300
2016-09-09,10565.349609375,10722.75,10555.849609375,10719.849609375,220900
2016-09-12,10360.7998046875,10438.5498046875,10337.75,10411.849609375,440200
2016-09-14,10377.099609375,10431.2001953125,10351.0,10381.5,297200
2016-09-15,10397.099609375,10407.400390625,10325.400390625,10380.25,388300
2016-09-16,10445.099609375,10538.7998046875,10415.599609375,10436.599609375,367200
2016-09-19,10419.400390625,10462.9501953125,10398.2998046875,10461.599609375,313200
2016-09-20,10411.5,10478.5,10401.25,10448.9501953125,390400
2016-09-21,10415.9501953125,10453.0,10385.4501953125,10411.25,225300
2016-09-22,10493.5498046875,10539.7001953125,10450.9501953125,10490.849609375,234300
2016-09-23,10478.2998046875,10519.150390625,10451.599609375,10519.150390625,269600
2016-09-26,10363.4501953125,10491.650390625,10347.0498046875,10459.2998046875,214400
2016-09-27,10361.7001953125,10408.7001953125,10337.4501953125,10400.400390625,166000
2016-09-28,10397.0498046875,10407.099609375,10351.9501953125,10371.650390625,225600
2016-09-29,10179.150390625,10472.2001953125,10125.5498046875,10468.4501953125,599800
2016-09-30,10271.25,10296.4501953125,10127.0498046875,10173.7001953125,387500
2016-10-03,10485.599609375,10493.599609375,10356.9501953125,10393.9501953125,338600
2016-10-04,10503.4501953125,10529.5,10463.2001953125,10528.2001953125,349800
2016-10-05,10553.75,10585.75,10513.9501953125,10539.25,311300
2016-10-06,10582.25,10658.650390625,10542.2001953125,10581.099609375,413300
2016-10-07,10515.099609375,10598.2998046875,10465.25,10597.0,254100
2016-10-10,10539.5498046875,10607.400390625,10530.2001953125,10563.150390625,225800
2016-10-13,10418.150390625,10511.0498046875,10335.349609375,10488.150390625,277400
2016-10-14,10348.099609375,10435.150390625,10332.599609375,10431.4501953125,182300
2016-10-17,10250.5498046875,10361.7998046875,10233.0,10354.9501953125,211100
2016-10-18,10347.0,10359.150390625,10279.099609375,10282.400390625,285800
2016-10-19,10330.150390625,10370.4501953125,10312.2001953125,10368.7998046875,210500
2016-10-20,10377.7998046875,10407.349609375,10356.4501953125,10356.5498046875,313500
2016-10-21,10383.2001953125,10391.0498046875,10335.150390625,10386.400390625,254200
2016-10-24,10404.900390625,10441.25,10381.400390625,10395.5498046875,229100
2016-10-25,10384.25,10421.7998046875,10341.4501953125,10416.599609375,204600
2016-10-26,10401.5498046875,10434.400390625,10352.849609375,10375.5498046875,204400
2016-10-27,10312.650390625,10430.900390625,10278.7001953125,10430.900390625,402800
2016-10-28,10374.099609375,10392.0498046875,10318.0498046875,10350.7998046875,516000
2016-11-01,10449.2001953125,10493.0498046875,10389.650390625,10422.849609375,583500
2016-11-02,10343.5,10417.5,10328.099609375,10360.900390625,343500
2016-11-03,10327.9501953125,10435.599609375,10309.7998046875,10332.0498046875,484100
2016-11-04,10262.7001953125,10418.7998046875,10200.5498046875,10364.349609375,420900
2016-11-07,10240.5,10368.150390625,10224.5,10342.0498046875,243700
2016-11-08,10271.650390625,10286.5,10177.0498046875,10264.9501953125,432800
2016-11-09,9990.5498046875,10027.7998046875,9534.900390625,9759.2998046875,490700
2016-11-10,9972.7001953125,10185.599609375,9945.900390625,10179.900390625,428300
2016-11-11,9722.349609375,9906.0498046875,9697.5498046875,9906.0498046875,373600
2016-11-15,9358.2001953125,9737.7998046875,9327.599609375,9722.25,471100
2016-11-16,9387.4501953125,9486.5,9341.7001953125,9476.7001953125,431900
2016-11-17,9345.900390625,9426.7001953125,9311.099609375,9405.4501953125,368800
2016-11-18,9305.9501953125,9390.7001953125,9274.5,9366.7998046875,291000
2016-11-21,9078.099609375,9346.5,9061.2001953125,9346.5,341800
2016-11-22,9270.900390625,9297.25,9126.75,9164.099609375,359700
2016-11-23,9363.099609375,9392.4501953125,9239.650390625,9319.650390625,347400
2016-11-24,9330.5498046875,9417.4501953125,9279.4501953125,9331.2001953125,499400
2016-11-25,9408.2001953125,9435.0498046875,9323.9501953125,9370.650390625,339400
2016-11-28,9486.150390625,9502.400390625,9383.150390625,9406.599609375,301200
2016-11-29,9615.25,9660.2998046875,9494.4501953125,9500.349609375,324400
2016-11-30,9766.0498046875,9775.25,9627.9501953125,9648.7001953125,356700
2016-12-01,9720.5498046875,9795.25,9700.650390625,9788.75,290400
2016-12-02,9534.2001953125,9688.150390625,9516.2001953125,9676.0,311300
2016-12-05,9711.650390625,9730.5498046875,9532.0,9537.7998046875,223300
2016-12-06,9661.400390625,9750.5,9650.2998046875,9735.150390625,222200
2016-12-07,9629.2998046875,9724.75,9589.650390625,9699.2998046875,196300
2016-12-08,9830.150390625,9838.75,9692.2998046875,9693.2001953125,282000
2016-12-09,9842.75,9859.9501953125,9791.5,9853.9501953125,238900
2016-12-12,9725.0498046875,9845.5498046875,9707.849609375,9839.400390625,219700
2016-12-13,9697.7001953125,9746.7998046875,9662.400390625,9740.5,251800
2016-12-14,9612.7001953125,9712.2001953125,9601.400390625,9704.099609375,200900
2016-12-15,9592.7001953125,9657.849609375,9528.25,9548.900390625,190400
2016-12-16,9599.5498046875,9639.9501953125,9579.25,9614.4501953125,220200
2016-12-19,9518.75,9589.349609375,9508.900390625,9584.400390625,214100
2016-12-20,9450.349609375,9532.849609375,9426.849609375,9525.9501953125,182900
2016-12-21,9449.599609375,9488.900390625,9411.849609375,9463.9501953125,155800
2016-12-22,9331.150390625,9446.7001953125,9313.150390625,9446.7001953125,219900
2016-12-23,9397.349609375,9419.2001953125,9260.7001953125,9315.900390625,249800
2016-12-26,9330.849609375,9370.7998046875,9290.5,9369.900390625,180700
2016-12-27,9450.5,9465.25,9255.5,9336.099609375,211300
2016-12-28,9473.400390625,9544.9501953125,9463.7998046875,9487.2998046875,202400
2016-12-29,9595.849609375,9623.400390625,9463.599609375,9470.0498046875,225300
2016-12-30,9667.849609375,9699.849609375,9623.9501953125,9628.4501953125,235700
2017-01-02,9788.0,9796.5498046875,9642.25,9696.25,238100
2017-01-03,9803.0498046875,9817.75,9767.349609375,9805.599609375,186000
2017-01-04,9754.9501953125,9865.25,9731.0498046875,9836.0498046875,265900
2017-01-05,9921.7998046875,9937.5498046875,9798.5498046875,9806.7001953125,299700
2017-01-06,9935.0498046875,10043.2001953125,9905.849609375,9935.75,262600
2017-01-09,9928.099609375,9985.0,9914.599609375,9982.650390625,150100
2017-01-10,9976.5,9980.900390625,9906.5498046875,9958.599609375,185900
2017-01-11,10107.2001953125,10117.349609375,10003.0,10004.099609375,228200
2017-01-12,10087.400390625,10129.4501953125,10064.849609375,10124.599609375,154800
2017-01-13,10045.900390625,10123.650390625,10018.25,10118.5498046875,180300
2017-01-16,10079.650390625,10101.2001953125,10015.349609375,10057.5498046875,147700
2017-01-17,10105.7001953125,10129.099609375,10080.650390625,10090.5498046875,162400
2017-01-18,10235.599609375,10263.4501953125,10119.650390625,10124.7998046875,295800
2017-01-19,10253.150390625,10270.5,10217.099609375,10233.25,215500
2017-01-20,10163.9501953125,10266.400390625,10136.0498046875,10231.650390625,215800
2017-01-23,10250.5498046875,10261.5498046875,10143.75,10158.0498046875,171700
2017-01-24,10345.349609375,10354.2001953125,10226.75,10254.0,271900
2017-01-25,10451.75,10463.4501953125,10355.0,10370.7001953125,433200
2017-01-27,10501.75,10548.2001953125,10460.7998046875,10474.0498046875,521100
2017-01-30,10498.400390625,10518.75,10467.849609375,10486.599609375,251000
2017-01-31,10424.7998046875,10515.349609375,10405.5,10510.099609375,245300
2017-02-01,10691.5498046875,10719.25,10424.150390625,10448.900390625,368200
2017-02-02,10692.599609375,10729.0498046875,10638.900390625,10713.25,327300
2017-02-03,10637.7998046875,10697.349609375,10610.0,10685.4501953125,241600
2017-02-06,10752.849609375,10764.5,10673.650390625,10684.099609375,259200
2017-02-07,10729.150390625,10778.099609375,10678.5498046875,10778.099609375,239400
2017-02-08,10756.4501953125,10776.599609375,10673.099609375,10756.25,306400
2017-02-09,10732.75,10804.599609375,10655.2998046875,10779.0,210000
2017-02-10,10704.9501953125,10759.599609375,10674.400390625,10753.5498046875,251300
2017-02-13,10691.2998046875,10772.099609375,10647.25,10737.349609375,248200
2017-02-14,10605.400390625,10715.4501953125,10570.0498046875,10713.75,249900
2017-02-15,10513.5498046875,10626.4501953125,10497.5,10606.7998046875,315400
2017-02-16,10669.25,10676.2001953125,10507.9501953125,10526.0,326800
2017-02-17,10679.0,10711.7998046875,10631.900390625,10694.9501953125,207000
2017-02-20,10789.25,10816.9501953125,10664.650390625,10705.599609375,220800
2017-02-21,10808.900390625,10824.25,10760.2001953125,10794.25,267400
2017-02-22,10748.150390625,10832.650390625,10711.150390625,10828.400390625,240200
2017-02-23,10672.150390625,10777.5498046875,10658.2001953125,10773.75,322900
2017-02-27,10608.650390625,10696.9501953125,10589.650390625,10668.7001953125,272600
2017-02-28,10611.0,10653.7001953125,10586.599609375,10613.849609375,231100
2017-03-01,10640.0498046875,10675.4501953125,10617.400390625,10648.25,258700
2017-03-02,10616.5,10748.75,10594.2998046875,10694.7001953125,331700
2017-03-03,10583.4501953125,10620.75,10546.9501953125,10616.400390625,212500
2017-03-06,10607.599609375,10647.0,10572.2998046875,10616.900390625,215900
2017-03-07,10563.5,10638.75,10554.7001953125,10627.599609375,344200
2017-03-08,10542.2998046875,10579.7998046875,10461.099609375,10572.849609375,285600
2017-03-09,10602.400390625,10620.900390625,10519.7998046875,10537.099609375,228100
2017-03-10,10623.650390625,10653.349609375,10576.4501953125,10627.2998046875,193600
2017-03-14,10860.2001953125,10872.9501953125,10713.7001953125,10770.7001953125,254300
2017-03-15,10875.599609375,10894.9501953125,10821.9501953125,10850.0498046875,221700
2017-03-16,10968.9501953125,10979.4501953125,10931.900390625,10939.5,308900
2017-03-17,10978.0498046875,11026.599609375,10932.2001953125,10992.150390625,277000
2017-03-20,10924.2001953125,11011.0498046875,10915.5498046875,10990.5498046875,208400
2017-03-21,10898.7001953125,10970.150390625,10855.4501953125,10934.599609375,204800
2017-03-22,10842.2001953125,10855.099609375,10790.349609375,10825.150390625,270500
2017-03-23,10875.75,10913.099609375,10859.5,10873.7998046875,266300
2017-03-24,10864.849609375,10909.5,10853.25,10894.650390625,232100
2017-03-27,10801.75,10890.150390625,10789.150390625,10851.5,214200
2017-03-28,10852.650390625,10887.0,10817.25,10818.400390625,200100
2017-03-29,10890.150390625,10919.5,10866.75,10888.5498046875,422000
2017-03-30,10943.7001953125,10961.849609375,10893.7001953125,10901.2998046875,518000
2017-03-31,10974.650390625,11005.0,10939.099609375,10947.5,259100
2017-04-03,11022.5498046875,11031.2001953125,10962.2001953125,11010.150390625,206000
2017-04-05,11190.4501953125,11202.650390625,11032.599609375,11046.25,226000
2017-04-06,11156.2998046875,11169.849609375,11090.2001953125,11167.25,227900
2017-04-07,11116.150390625,11180.2998046875,11099.650390625,11101.849609375,235300
2017-04-10,11136.9501953125,11172.150390625,11105.5,11129.150390625,304300
2017-04-11,11071.9501953125,11094.099609375,11054.099609375,11070.0,264100
2017-04-12,11080.2998046875,11116.349609375,10994.2001953125,11074.349609375,401600
2017-04-13,10969.400390625,11073.7001953125,10950.650390625,11071.5,230700
2017-04-17,10900.7998046875,10964.400390625,10883.0,10964.400390625,206600
2017-04-18,10832.650390625,11017.849609375,10820.2998046875,10916.650390625,348900
2017-04-19,10861.650390625,10883.7998046875,10803.0,10843.349609375,329100
2017-04-20,10922.7001953125,10935.5,10862.7998046875,10885.7001953125,287400
2017-04-21,10879.9501953125,10970.7998046875,10862.599609375,10949.25,365300
2017-04-24,10990.099609375,11005.0498046875,10893.7998046875,10926.650390625,392000
2017-04-25,11090.4501953125,11107.150390625,10991.849609375,11019.9501953125,463300
2017-04-26,11183.7998046875,11215.849609375,11099.2001953125,11110.650390625,279600
2017-04-27,11165.4501953125,11228.5498046875,11123.849609375,11203.0498046875,236000
2017-04-28,11239.2998046875,11271.349609375,11134.2001953125,11182.7998046875,357900
2017-05-02,11297.900390625,11332.849609375,11218.900390625,11318.2998046875,310800
2017-05-03,11314.25,11353.2998046875,11289.849609375,11337.7001953125,184300
2017-05-04,11359.0,11369.349609375,11303.5,11318.0498046875,248000
2017-05-05,11288.9501953125,11346.4501953125,11229.400390625,11333.5498046875,392400
2017-05-08,11316.900390625,11382.5,11299.9501953125,11366.349609375,478100
2017-05-09,11385.099609375,11409.4501953125,11315.4501953125,11346.2998046875,319500
2017-05-10,11629.75,11646.599609375,11412.599609375,11429.400390625,362600
2017-05-11,11626.349609375,11663.099609375,11595.0498046875,11633.650390625,348200
2017-05-12,11616.650390625,11659.349609375,11563.7001953125,11652.2998046875,253900
2017-05-15,11727.099609375,11735.150390625,11629.7001953125,11654.75,340400
2017-05-16,11819.599609375,11832.2001953125,11731.7001953125,11743.349609375,326400
2017-05-17,11801.599609375,11821.5498046875,11741.150390625,11821.5498046875,324800
2017-05-18,11567.400390625,11765.349609375,11535.900390625,11761.650390625,260200
2017-05-19,11532.9501953125,11692.9501953125,11464.599609375,11631.0,316800
2017-05-22,11485.349609375,11614.400390625,11472.7998046875,11578.150390625,294100
2017-05-23,11525.0498046875,11583.9501953125,11433.650390625,11520.849609375,315900
2017-05-24,11477.0498046875,11554.150390625,11408.0,11547.349609375,281500
2017-05-25,11624.599609375,11643.099609375,11457.5498046875,11504.0498046875,691800
2017-05-26,11768.4501953125,11789.4501953125,11591.650390625,11638.4501953125,638500
2017-05-29,11864.2001953125,11909.349609375,11739.150390625,11778.25,311600
2017-05-30,11897.25,11908.849609375,11794.5,11850.5,301600
2017-05-31,11921.9501953125,11981.849609375,11899.4501953125,11904.2001953125,475700
2017-06-01,11937.349609375,11993.099609375,11888.650390625,11937.2001953125,486600
2017-06-02,11906.650390625,12016.25,11867.650390625,11990.7001953125,314900
2017-06-05,11971.5,12006.5,11925.099609375,11937.400390625,226800
2017-06-06,11892.75,11977.5498046875,11858.2001953125,11969.4501953125,209900
2017-06-07,12010.599609375,12033.599609375,11932.25,11972.2998046875,237700
2017-06-08,12031.75,12082.0498046875,11999.5498046875,12005.0498046875,277000
2017-06-09,12186.5,12202.099609375,12011.75,12039.7001953125,342500
2017-06-12,12121.599609375,12187.0,12076.150390625,12158.849609375,248500
2017-06-13,12093.75,12189.599609375,12071.349609375,12137.099609375,263600
2017-06-14,12113.849609375,12129.5498046875,12027.25,12112.7001953125,260100
2017-06-15,12070.5,12154.150390625,12042.599609375,12108.0498046875,245700
2017-06-16,12045.75,12112.2001953125,12024.0,12087.4501953125,251100
2017-06-19,12110.0498046875,12146.349609375,12074.900390625,12103.150390625,163800
2017-06-20,12063.5498046875,12139.349609375,12055.400390625,12138.349609375,215200
2017-06-21,12161.349609375,12182.9501953125,12020.5498046875,12058.599609375,198700
2017-06-22,12085.25,12195.2001953125,12063.5,12167.0,218600
2017-06-23,12023.4501953125,12109.25,11948.0498046875,12102.75,211800
2017-06-27,11957.900390625,12091.9501953125,11910.2998046875,12059.2001953125,190700
2017-06-28,12027.9501953125,12079.900390625,11944.599609375,11980.150390625,224900
2017-06-29,12073.650390625,12121.9501953125,12052.849609375,12082.400390625,437800
2017-06-30,12090.5498046875,12114.7998046875,11995.849609375,12049.9501953125,273100
2017-07-03,12271.2001953125,12282.7998046875,12121.5,12153.099609375,674300
2017-07-04,12282.75,12367.2001953125,12260.7998046875,12324.900390625,494900
2017-07-05,12378.400390625,12386.099609375,12271.650390625,12288.25,357000
2017-07-06,12418.400390625,12440.75,12375.5498046875,12393.0,275000
2017-07-07,12372.150390625,12432.9501953125,12358.0498046875,12396.5,305200
2017-07-10,12421.900390625,12441.099609375,12053.900390625,12414.5,46200
2017-07-11,12422.150390625,12496.349609375,12407.900390625,12464.849609375,419500
2017-07-12,12551.2998046875,12562.7998046875,12446.0,12458.900390625,266200
2017-07-13,12632.0498046875,12642.0498046875,12575.849609375,12589.5,219400
2017-07-14,12623.4501953125,12655.7001953125,12581.5498046875,12647.2001953125,236600
2017-07-17,12727.900390625,12739.75,12639.599609375,12648.9501953125,237700
2017-07-18,12719.9501953125,12806.5,12688.9501953125,12731.849609375,393800
2017-07-19,12785.2998046875,12828.849609375,12723.5498046875,12815.400390625,252700
2017-07-20,12698.2998046875,12812.849609375,12683.9501953125,12802.5,204400
2017-07-21,12753.0498046875,12765.2001953125,12624.0,12726.900390625,377900
2017-07-24,12750.349609375,12767.099609375,12707.5,12763.2001953125,267700
2017-07-25,12750.849609375,12787.5498046875,12716.4501953125,12780.75,311400
2017-07-26,12846.099609375,12861.7001953125,12765.7001953125,12804.7998046875,324400
2017-07-27,12843.0498046875,12936.099609375,12827.599609375,12874.5,307000
2017-07-28,12823.349609375,12841.650390625,12740.849609375,12817.650390625,225800
2017-07-31,12924.599609375,12946.400390625,12851.9501953125,12884.9501953125,214800
2017-08-01,13026.9501953125,13059.5,12931.0,12932.0498046875,308500
2017-08-02,12968.0,13042.849609375,12919.599609375,13039.5498046875,185300
2017-08-03,12945.599609375,12998.599609375,12904.900390625,12960.650390625,225900
2017-08-04,13068.349609375,13087.849609375,12883.150390625,12892.4501953125,268300
2017-08-07,13116.5498046875,13163.150390625,13026.849609375,13030.849609375,190700
2017-08-08,13110.900390625,13249.25,13064.150390625,13138.650390625,418400
2017-08-09,13016.0498046875,13124.7998046875,12983.5,13097.2998046875,236000
2017-08-10,12847.4501953125,12972.7001953125,12777.4501953125,12949.5498046875,316400
2017-08-11,12571.5498046875,12751.7998046875,12520.75,12696.7001953125,383100
2017-08-14,12737.0498046875,12782.099609375,12653.5,12670.7998046875,245200
2017-08-16,12983.5,12997.7998046875,12770.4501953125,12786.0498046875,265100
2017-08-17,12938.599609375,13044.7998046875,12922.400390625,13024.400390625,305000
2017-08-18,12969.400390625,12984.650390625,12848.349609375,12852.599609375,251300
2017-08-21,12834.2001953125,13058.099609375,12815.9501953125,12998.4501953125,181300
2017-08-22,12825.5,12936.349609375,12784.7998046875,12931.7998046875,219700
2017-08-23,12885.9501953125,12899.9501953125,12795.2998046875,12880.4501953125,185600
2017-08-24,12888.849609375,12905.25,12837.75,12892.75,211200
2017-08-28,12972.9501953125,12990.2001953125,12905.2001953125,12941.099609375,258600
2017-08-29,12884.900390625,12958.5,12840.400390625,12953.0498046875,229200
2017-08-30,13048.7998046875,13063.25,12966.7998046875,12981.4501953125,195000
2017-08-31,13139.7001953125,13156.7998046875,12983.2001953125,13063.9501953125,326200
2017-09-01,13268.349609375,13284.9501953125,13150.0498046875,13169.9501953125,339200
2017-09-04,13226.75,13317.849609375,13118.25,13284.400390625,352500
2017-09-05,13257.4501953125,13289.150390625,13206.0498046875,13267.650390625,207900
2017-09-06,13248.099609375,13283.349609375,13177.75,13201.25,204000
2017-09-07,13364.7998046875,13373.9501953125,13274.099609375,13290.599609375,250700
2017-09-08,13428.0,13473.2001953125,13376.25,13417.7998046875,432000
2017-09-11,13556.9501953125,13612.25,13437.599609375,13437.599609375,221200
2017-09-12,13677.400390625,13687.4501953125,13605.0,13626.7998046875,229600
2017-09-13,13635.7998046875,13715.2001953125,13617.099609375,13688.150390625,201200
2017-09-14,13576.5498046875,13692.849609375,13550.5,13671.25,256800
2017-09-15,13581.5498046875,13627.25,13471.4501953125,13536.150390625,300900
2017-09-18,13748.9501953125,13795.099609375,13624.349609375,13628.4501953125,178500
2017-09-19,13719.849609375,13784.650390625,13708.2998046875,13782.349609375,136800
2017-09-20,13655.7001953125,13760.75,13642.349609375,13759.349609375,206600
2017-09-21,13588.099609375,13671.099609375,13499.349609375,13657.650390625,235500
2017-09-22,13329.099609375,13543.150390625,13307.150390625,13543.150390625,274300
2017-09-25,13234.5498046875,13353.150390625,13111.599609375,13327.5,325400
2017-09-26,13229.599609375,13287.0498046875,13129.900390625,13287.0498046875,261600
2017-09-27,13024.0,13294.099609375,12998.25,13271.9501953125,300900
2017-09-28,13091.4501953125,13127.5498046875,12922.2001953125,13036.5,440100
2017-09-29,13125.5498046875,13210.75,13101.2998046875,13155.349609375,411200
2017-10-03,13147.75,13269.349609375,13110.0498046875,13255.5,311800
2017-10-04,13169.75,13218.25,13111.5498046875,13167.7001953125,184600
2017-10-05,13153.5,13240.900390625,13140.7001953125,13197.900390625,160300
2017-10-06,13307.75,13324.0,13206.650390625,13221.0498046875,238200
2017-10-09,13309.0,13370.25,13265.2001953125,13336.400390625,175000
2017-10-10,13279.099609375,13353.900390625,13264.5498046875,13341.099609375,228500
2017-10-11,13204.150390625,13320.2998046875,13130.7001953125,13315.650390625,254600
2017-10-12,13401.349609375,13417.7001953125,13206.0,13237.0498046875,200400
2017-10-13,13425.849609375,13453.9501953125,13376.7001953125,13410.150390625,191700
2017-10-16,13576.0,13590.7998046875,13464.599609375,13472.5498046875,246000
2017-10-17,13589.5,13609.900390625,13532.25,13590.2001953125,208400
2017-10-18,13519.5,13596.599609375,13478.849609375,13594.5498046875,201200
2017-10-19,13422.4501953125,13539.2998046875,13373.4501953125,13539.2998046875,26200
2017-10-23,13461.400390625,13534.349609375,13389.599609375,13449.400390625,202100
2017-10-24,13563.0498046875,13609.900390625,13514.0,13527.900390625,200300
2017-10-25,13609.5498046875,13669.849609375,13554.75,13660.0498046875,229200
2017-10-26,13743.4501953125,13766.75,13573.5,13660.5,451900
2017-10-27,13796.4501953125,13828.849609375,13766.7001953125,13816.5498046875,302200
2017-10-30,13830.349609375,13940.4501953125,13811.4501953125,13858.7998046875,169100
2017-10-31,13762.4501953125,13878.349609375,13748.400390625,13850.4501953125,216600
2017-11-01,13883.2998046875,13905.150390625,13800.849609375,13808.75,286700
2017-11-02,13816.150390625,13912.9501953125,13805.349609375,13912.9501953125,211600
2017-11-03,13800.2001953125,13876.5498046875,13761.900390625,13871.25,208800
2017-11-06,13848.650390625,13913.4501953125,13747.7998046875,13780.400390625,210900
2017-11-07,13718.849609375,13935.25,13697.650390625,13901.0498046875,293600
2017-11-08,13606.0,13778.849609375,13561.0,13728.5498046875,491800
2017-11-09,13680.5498046875,13782.400390625,13588.25,13696.5,335700
2017-11-10,13733.5,13776.099609375,13634.400390625,13674.0,290400
2017-11-13,13601.4501953125,13799.75,13563.099609375,13736.7001953125,316700
2017-11-14,13560.900390625,13655.5498046875,13544.400390625,13632.2998046875,276400
2017-11-15,13409.099609375,13536.849609375,13369.099609375,13525.7001953125,282200
2017-11-16,13509.099609375,13548.2998046875,13415.349609375,13441.5,210500
2017-11-17,13654.5498046875,13718.25,13607.9501953125,13608.9501953125,260900
2017-11-20,13711.7001953125,13733.2998046875,13617.25,13677.2998046875,225400
2017-11-21,13704.650390625,13789.849609375,13686.099609375,13756.2001953125,230800
2017-11-22,13714.25,13753.2001953125,13648.75,13735.7001953125,353700
2017-11-23,13684.7998046875,13745.099609375,13633.4501953125,13740.4501953125,253800
2017-11-24,13692.2998046875,13724.7001953125,13668.2998046875,13695.0498046875,252400
2017-11-27,13714.5498046875,13729.150390625,13652.9501953125,13662.0498046875,347900
2017-11-28,13789.099609375,13829.849609375,13704.75,13716.9501953125,213700
2017-11-29,13831.7001953125,13852.7998046875,13739.400390625,13812.099609375,208200
2017-11-30,13741.0,13805.7998046875,13722.650390625,13798.099609375,356200
2017-12-01,13611.5,13829.650390625,13583.7998046875,13799.599609375,355500
2017-12-04,13620.4501953125,13683.349609375,13549.599609375,13672.5498046875,272900
2017-12-05,13587.4501953125,13657.25,13515.400390625,13657.25,276300
2017-12-06,13587.7998046875,13613.2998046875,13500.2001953125,13544.7001953125,318500
2017-12-07,13856.900390625,13914.0498046875,13608.5,13610.5498046875,223600
2017-12-08,14051.599609375,14110.75,13906.349609375,13928.5498046875,290700
2017-12-11,14132.599609375,14148.2001953125,14072.4501953125,14126.5498046875,185000
2017-12-12,14066.0,14213.0498046875,14043.9501953125,14129.650390625,302300
2017-12-13,13971.0,14125.349609375,13918.400390625,14062.650390625,327700
2017-12-14,13963.9501953125,14033.75,13855.5498046875,14005.650390625,263600
2017-12-15,14101.4501953125,14148.25,14064.900390625,14077.25,431400
2017-12-18,14281.2001953125,14357.0,13830.150390625,14043.599609375,403600
2017-12-19,14656.25,14690.400390625,14324.349609375,14331.0,360900
2017-12-20,14654.099609375,14730.2998046875,14631.0,14730.2998046875,256500
2017-12-21,14598.0498046875,14710.400390625,14576.0,14693.25,271300
2017-12-22,14629.849609375,14707.2001953125,14587.5498046875,14636.2998046875,176700
2017-12-26,14685.599609375,14702.5498046875,14634.2998046875,14665.0,278100
2017-12-27,14681.650390625,14752.75,14619.7001953125,14713.400390625,243700
2017-12-28,14713.900390625,14794.5498046875,14683.0,14740.099609375,298500
2017-12-29,14801.900390625,14825.650390625,14739.75,14758.400390625,197700
2018-01-01,14666.4501953125,14844.5,14644.2998046875,14828.4501953125,206800
2018-01-02,14624.0498046875,14737.0498046875,14526.9501953125,14717.150390625,390700
2018-01-03,14656.099609375,14753.2001953125,14615.0,14692.900390625,367600
2018-01-04,14721.0498046875,14748.2998046875,14634.2998046875,14700.2001953125,319800
2018-01-05,14812.150390625,14870.9501953125,14762.2001953125,14776.9501953125,277100
2018-01-08,14875.150390625,14888.849609375,14793.7001953125,14834.2001953125,194700
2018-01-09,14786.150390625,14945.849609375,14747.0498046875,14928.2998046875,346100
2018-01-10,14768.9501953125,14835.849609375,14731.75,14807.2001953125,215300
2018-01-11,14781.400390625,14804.900390625,14733.0498046875,14764.5,208700
2018-01-12,14874.2998046875,14910.4501953125,14735.7998046875,14835.099609375,240600
2018-01-15,14820.900390625,14925.599609375,14802.2001953125,14916.0,216500
2018-01-16,14731.7998046875,14883.5498046875,14658.849609375,14836.5,265700
2018-01-17,14773.349609375,14797.099609375,14577.7998046875,14742.0,271100
2018-01-18,14655.150390625,14890.599609375,14577.5498046875,14872.900390625,319800
2018-01-19,14690.349609375,14713.5,14565.2001953125,14675.5498046875,235500
2018-01-22,14687.900390625,14723.099609375,14625.25,14712.5498046875,219900
2018-01-23,14847.900390625,14895.2998046875,14706.5,14731.0498046875,386300
2018-01-24,14774.900390625,14847.349609375,14739.0498046875,14812.400390625,337700
2018-01-25,14697.2001953125,14842.7001953125,14681.650390625,14790.0498046875,368700
2018-01-29,14905.75,14987.75,14801.900390625,14805.900390625,341000
2018-01-30,14845.650390625,14931.2998046875,14814.2998046875,14891.349609375,260300
2018-01-31,14751.75,14836.75,14698.2998046875,14834.0498046875,274800
2018-02-01,14752.0,14847.5,14478.5498046875,14784.849609375,407200
2018-02-02,14429.400390625,14672.650390625,14380.4501953125,14634.0,614300
2018-02-05,14402.099609375,14451.0,14061.849609375,14192.7998046875,449300
2018-02-06,14162.5,14298.7001953125,13824.650390625,13858.650390625,493400
2018-02-07,14069.150390625,14337.5498046875,14014.7001953125,14322.9501953125,540800
2018-02-08,14235.7001953125,14271.5498046875,14013.75,14131.150390625,516800
2018-02-09,14204.5,14233.349609375,14013.599609375,14032.650390625,330400
2018-02-12,14348.75,14379.75,14257.0,14291.7001953125,268500
2018-02-14,14324.2998046875,14449.5498046875,14281.349609375,14445.9501953125,393400
2018-02-15,14406.599609375,14490.5,14373.75,14401.0,316300
2018-02-16,14270.7998046875,14493.5498046875,14217.9501953125,14489.75,327500
2018-02-19,14143.650390625,14311.7998046875,14075.7001953125,14308.75,256900
2018-02-20,14203.2001953125,14251.650390625,14101.9501953125,14154.0498046875,316500
2018-02-21,14212.400390625,14285.75,14143.099609375,14284.4501953125,320200
2018-02-22,14101.650390625,14181.7998046875,14074.599609375,14181.650390625,384100
2018-02-23,14234.099609375,14255.599609375,14118.7001953125,14137.5,251600
2018-02-26,14448.7998046875,14470.150390625,14270.400390625,14271.4501953125,270100
2018-02-27,14379.150390625,14533.4501953125,14360.5498046875,14507.7998046875,306200
2018-02-28,14249.900390625,14323.75,14210.0498046875,14322.4501953125,447600
2018-03-01,14219.849609375,14345.5498046875,14202.0498046875,14255.7001953125,365300
2018-03-05,14012.400390625,14160.650390625,13973.650390625,14159.400390625,312600
2018-03-06,13826.5498046875,14154.4501953125,13797.099609375,14069.349609375,322800
2018-03-07,13818.900390625,13894.5498046875,13750.0,13819.0498046875,354400
2018-03-08,13841.400390625,13944.349609375,13725.2001953125,13898.400390625,362800
2018-03-09,13813.25,13939.75,13794.349609375,13910.5498046875,501200
2018-03-12,14070.9501953125,14083.349609375,13861.349609375,13910.900390625,367300
2018-03-13,14064.0498046875,14100.400390625,13998.4501953125,14071.7998046875,489700
2018-03-14,14079.900390625,14099.0498046875,14009.349609375,14021.9501953125,289700
2018-03-15,14039.099609375,14111.349609375,14009.0,14085.4501953125,299800
2018-03-16,13848.150390625,14059.150390625,13818.7998046875,14059.150390625,397200
2018-03-19,13828.5,13946.0,13794.0,13920.900390625,354000
2018-03-20,13744.5,13790.599609375,13649.0,13665.349609375,324700
2018-03-21,13773.5498046875,13888.400390625,13740.75,13793.599609375,341800
2018-03-22,13671.849609375,13825.400390625,13659.150390625,13794.400390625,317300
2018-03-23,13510.5498046875,13565.7001953125,13419.7001953125,13496.7001953125,375000
2018-03-26,13710.2001953125,13735.0,13453.9501953125,13525.849609375,324300
2018-03-27,13833.0,13862.2998046875,13761.849609375,13817.099609375,301400
2018-03-28,13767.7001953125,13918.7998046875,13734.4501953125,13773.75,582000
2018-04-02,14010.349609375,14032.5498046875,13845.599609375,13857.599609375,358800
2018-04-03,14067.9501953125,14084.2998046875,13947.900390625,13983.349609375,289500
2018-04-04,13993.650390625,14194.4501953125,13966.25,14101.150390625,408800
2018-04-05,14232.25,14246.25,14113.5,14141.900390625,323000
2018-04-06,14270.7998046875,14283.5,14123.0,14242.0,262100
2018-04-09,14313.099609375,14345.75,14246.7998046875,14254.2998046875,277600
2018-04-10,14305.650390625,14408.900390625,14270.5498046875,14403.7998046875,309600
2018-04-11,14454.400390625,14485.4501953125,14320.0,14361.2998046875,389500
2018-04-12,14377.5498046875,14446.150390625,14344.4501953125,14439.9501953125,252300
2018-04-13,14363.5498046875,14448.25,14318.7998046875,14442.25,434100
2018-04-16,14463.5,14478.5498046875,14311.7998046875,14317.5498046875,270000
2018-04-17,14488.400390625,14521.349609375,14435.2001953125,14504.7001953125,261800
2018-04-18,14489.9501953125,14575.4501953125,14469.599609375,14555.849609375,334100
2018-04-19,14633.349609375,14655.150390625,14552.0,14560.4501953125,478800
2018-04-20,14639.25,14657.099609375,14545.900390625,14573.9501953125,373200
2018-04-23,14633.650390625,14680.5498046875,14617.5498046875,14653.900390625,340200
2018-04-24,14608.349609375,14682.0,14520.349609375,14614.7998046875,392400
2018-04-25,14544.25,14607.25,14495.9501953125,14596.0,408400
2018-04-26,14589.7001953125,14617.75,14517.900390625,14572.099609375,408200
2018-04-27,14555.599609375,14726.849609375,14510.2001953125,14655.599609375,229800
2018-04-30,14737.400390625,14749.099609375,14584.599609375,14588.0498046875,214900
2018-05-02,14481.400390625,14799.150390625,14453.9501953125,14795.849609375,337600
2018-05-03,14377.349609375,14492.900390625,14270.5,14488.150390625,352200
2018-05-04,14300.349609375,14416.900390625,14286.7998046875,14414.4501953125,392400
2018-05-07,14464.7998046875,14481.0498046875,14330.0498046875,14347.599609375,217900
2018-05-08,14398.7998046875,14494.099609375,14379.5,14493.0498046875,242000
2018-05-09,14332.25,14410.9501953125,14316.7001953125,14400.7998046875,276100
2018-05-10,14238.9501953125,14392.900390625,14214.650390625,14365.099609375,261300
2018-05-11,14349.5498046875,14360.5,14238.7998046875,14294.5498046875,245000
2018-05-14,14242.75,14400.2001953125,14225.150390625,14400.099609375,307900
2018-05-15,14254.5,14376.2998046875,14208.349609375,14320.400390625,450700
2018-05-16,14377.150390625,14404.5,14179.4501953125,14207.4501953125,304600
2018-05-17,14354.2001953125,14460.75,14318.7001953125,14434.4501953125,278100
2018-05-18,14283.150390625,14400.099609375,14256.4501953125,14360.599609375,334300
2018-05-21,14036.099609375,14312.5498046875,14006.7998046875,14307.2998046875,732000
2018-05-22,14207.25,14225.5,13989.0498046875,13994.349609375,803000
2018-05-23,14106.25,14176.0,14078.2998046875,14162.849609375,518000
2018-05-24,14023.9501953125,14142.0498046875,13979.0498046875,14132.2001953125,482900
2018-05-25,14195.150390625,14232.0,13998.5498046875,14038.9501953125,483200
2018-05-28,14345.2001953125,14362.5,14220.349609375,14258.900390625,271600
2018-05-29,14320.75,14437.900390625,14247.849609375,14256.2001953125,526200
2018-05-30,14277.5498046875,14299.099609375,14189.900390625,14219.9501953125,354000
2018-05-31,14311.599609375,14366.5498046875,14227.599609375,14342.2001953125,598300
2018-06-01,14312.099609375,14452.7001953125,14281.150390625,14353.0,425100
2018-06-04,14169.7998046875,14346.2001953125,14155.599609375,14345.599609375,317800
2018-06-05,14163.599609375,14190.4501953125,14087.900390625,14166.5498046875,299000
2018-06-06,14286.4501953125,14317.5,14163.2001953125,14184.900390625,400400
2018-06-07,14442.9501953125,14477.900390625,14342.7001953125,14345.7001953125,485800
2018-06-08,14389.849609375,14428.5498046875,14343.7001953125,14414.099609375,299600
2018-06-11,14422.9501953125,14471.5498046875,14373.099609375,14417.7998046875,418700
2018-06-12,14529.7001953125,14550.650390625,14362.900390625,14450.5498046875,305600
2018-06-13,14470.349609375,14557.5498046875,14459.5,14557.2998046875,320600
2018-06-14,14422.0498046875,14513.25,14379.2998046875,14449.0498046875,310100
2018-06-15,14423.75,14459.4501953125,14304.0,14400.599609375,482600
2018-06-18,14311.0,14457.0498046875,14279.2001953125,14425.25,337400
2018-06-19,14154.7998046875,14263.349609375,14090.25,14257.900390625,436800
2018-06-20,14200.5,14253.650390625,14166.900390625,14183.0498046875,367900
2018-06-21,14120.349609375,14233.400390625,14105.099609375,14201.0,348600
2018-06-22,14203.400390625,14217.2001953125,14056.599609375,14110.0,352000
2018-06-25,14167.4501953125,14276.650390625,14145.150390625,14229.0,602500
2018-06-26,14306.75,14370.349609375,14141.900390625,14159.7998046875,406800
2018-06-27,14188.4501953125,14381.150390625,14148.2998046875,14346.099609375,372600
2018-06-28,14054.75,14202.150390625,14025.2998046875,14188.5498046875,423300
2018-06-29,14271.7001953125,14287.599609375,14067.9501953125,14068.400390625,374400
2018-07-02,14265.7998046875,14317.2998046875,14151.849609375,14300.150390625,418900
2018-07-03,14269.75,14310.599609375,14158.5,14258.599609375,424600
2018-07-04,14455.7998046875,14473.0,14226.2998046875,14280.400390625,367400
2018-07-05,14473.400390625,14502.0,14413.7001953125,14465.7998046875,361000
2018-07-06,14452.900390625,14574.4501953125,14400.099609375,14440.849609375,614700
2018-07-09,14584.5498046875,14600.150390625,14517.900390625,14537.9501953125,426200
2018-07-10,14661.650390625,14682.400390625,14611.75,14618.5498046875,358700
2018-07-11,14573.150390625,14651.75,14554.349609375,14639.849609375,394000
2018-07-12,14550.7001953125,14722.0,14541.7001953125,14634.75,455800
2018-07-13,14580.0,14616.75,14496.5498046875,14599.900390625,306900
2018-07-16,14451.4501953125,14649.2001953125,14422.4501953125,14617.650390625,477900
2018-07-17,14355.0,14507.7001953125,14299.150390625,14484.650390625,717700
2018-07-18,14089.7998046875,14443.5,14044.349609375,14419.7998046875,1401200
2018-07-19,14104.7001953125,14208.400390625,14038.2001953125,14139.9501953125,1557400
2018-07-20,14108.849609375,14175.599609375,14041.150390625,14119.5,765200
2018-07-23,14431.400390625,14451.75,14154.150390625,14196.5498046875,534600
2018-07-24,14561.0498046875,14648.5498046875,14453.650390625,14479.099609375,700800
2018-07-25,14498.400390625,14643.0498046875,14461.900390625,14598.4501953125,486600
2018-07-26,14386.0498046875,14589.75,14326.650390625,14570.2998046875,615900
2018-07-27,14388.900390625,14443.400390625,14363.0,14407.349609375,406200
2018-07-30,14525.849609375,14543.5498046875,14382.7998046875,14438.099609375,385100
2018-07-31,14716.25,14736.099609375,14464.0,14539.650390625,360600
2018-08-01,14638.599609375,14797.650390625,14562.650390625,14723.75,938500
2018-08-02,14541.599609375,14647.7998046875,14498.7001953125,14645.0498046875,680400
2018-08-03,14679.400390625,14699.2998046875,14584.5,14593.150390625,619000
2018-08-06,14621.900390625,14730.7998046875,14587.9501953125,14728.4501953125,320500
2018-08-07,14675.9501953125,14716.0498046875,14603.650390625,14647.5498046875,431700
2018-08-08,14700.849609375,14740.7001953125,14631.0,14723.4501953125,682300
2018-08-09,14702.650390625,14743.7998046875,14600.0,14742.2001953125,497900
2018-08-10,14658.099609375,14764.599609375,14629.099609375,14717.75,459800
2018-08-13,14510.5498046875,14627.849609375,14490.9501953125,14571.2001953125,400500
2018-08-14,14607.7998046875,14643.7998046875,14516.150390625,14528.7001953125,357700
2018-08-16,14575.099609375,14637.2001953125,14509.7998046875,14547.5498046875,328800
2018-08-17,14774.099609375,14789.2001953125,14631.25,14642.9501953125,354600
2018-08-20,14806.4501953125,14892.349609375,14769.400390625,14827.2001953125,310700
2018-08-21,14837.25,14868.25,14771.0498046875,14847.900390625,348500
2018-08-23,14991.25,15006.25,14867.400390625,14903.599609375,468500
2018-08-24,14971.7001953125,15008.400390625,14900.349609375,14986.75,405600
2018-08-27,15072.2001953125,15092.849609375,15028.9501953125,15052.599609375,340100
2018-08-28,15124.9501953125,15184.099609375,15052.150390625,15113.9501953125,414200
2018-08-29,15064.650390625,15166.75,15045.5,15156.0,508300
2018-08-30,15102.9501953125,15152.75,15051.900390625,15084.849609375,504300
2018-08-31,15066.900390625,15182.9501953125,15020.349609375,15107.2998046875,427200
2018-09-03,14742.0498046875,15161.400390625,14713.900390625,15153.400390625,502300
2018-09-04,14421.25,14746.900390625,14346.5498046875,14716.25,484700
2018-09-05,14316.150390625,14397.7001953125,14148.0498046875,14376.599609375,462000
2018-09-06,14320.5,14425.0,14236.2998046875,14407.4501953125,375900
2018-09-07,14407.849609375,14427.75,14257.5498046875,14356.650390625,474000
2018-09-10,14169.25,14394.150390625,14151.9501953125,14387.0,346600
2018-09-11,13975.900390625,14255.0,13960.7001953125,14210.099609375,404400
2018-09-12,14155.349609375,14211.400390625,13963.4501953125,14021.75,367100
2018-09-14,14344.2998046875,14357.75,14267.2998046875,14286.849609375,466200
2018-09-17,14204.150390625,14291.599609375,14184.150390625,14288.75,340800
2018-09-18,14212.7001953125,14340.349609375,14190.349609375,14246.25,329700
2018-09-19,14049.2998046875,14289.4501953125,14010.900390625,14272.25,371300
2018-09-21,13799.9501953125,14132.650390625,13413.0498046875,14108.25,772800
2018-09-24,13510.7998046875,13871.400390625,13426.5498046875,13841.0,486800
2018-09-25,13781.5498046875,13824.4501953125,13391.849609375,13519.599609375,491200
2018-09-26,13695.349609375,13903.650390625,13603.0498046875,13889.4501953125,592500
2018-09-27,13563.2001953125,13755.2998046875,13543.5,13713.599609375,571800
2018-09-28,13412.5,13652.25,13314.099609375,13619.5,543100
2018-10-01,13485.7998046875,13511.400390625,13246.75,13415.7998046875,622600
2018-10-03,13380.2001953125,13522.900390625,13347.900390625,13478.4501953125,699400
2018-10-04,13149.0,13268.0498046875,13076.349609375,13265.650390625,625900
2018-10-05,12815.849609375,13107.849609375,12743.0498046875,13086.650390625,642200
2018-10-08,12599.599609375,12813.400390625,12456.2001953125,12759.900390625,801900
2018-10-09,12525.400390625,12691.400390625,12399.0,12664.75,549100
2018-10-10,12836.0498046875,12851.25,12546.599609375,12549.5,486100
2018-10-11,12676.099609375,12787.099609375,12418.400390625,12527.7998046875,582300
2018-10-12,13035.0498046875,13073.349609375,12803.9501953125,12815.7998046875,523800
2018-10-15,13013.2998046875,13095.2001953125,12936.0,13095.2001953125,458400
2018-10-16,13112.150390625,13170.400390625,13060.9501953125,13088.25,476500
2018-10-17,12899.400390625,13263.7998046875,12883.400390625,13235.5,491800
2018-10-19,12837.400390625,12889.5,12716.849609375,12847.099609375,549100
2018-10-22,12765.2001953125,12954.25,12746.7001953125,12945.099609375,424100
2018-10-23,12548.099609375,12702.849609375,12469.900390625,12701.599609375,459800
2018-10-24,12622.5,12679.25,12488.5498046875,12612.7001953125,555700
2018-10-25,12534.849609375,12583.75,12469.25,12494.25,652900
2018-10-26,12479.849609375,12590.7998046875,12363.400390625,12540.349609375,543800
2018-10-29,12632.25,12648.349609375,12480.2001953125,12532.4501953125,572600
2018-10-30,12739.9501953125,12755.099609375,12620.400390625,12641.150390625,438200
2018-10-31,12960.650390625,12971.2001953125,12670.7998046875,12803.5,562700
2018-11-01,13015.849609375,13114.349609375,12972.599609375,13064.650390625,708700
2018-11-02,13251.5498046875,13308.4501953125,13115.75,13122.75,643000
2018-11-05,13271.099609375,13335.0498046875,13206.650390625,13260.900390625,495100
2018-11-06,13223.400390625,13389.9501953125,13172.2001953125,13323.650390625,487600
2018-11-07,13329.150390625,13348.400390625,13307.0498046875,13313.5,8000
2018-11-09,13423.650390625,13443.150390625,13318.599609375,13395.0,399700
2018-11-12,13299.400390625,13485.0,13268.25,13460.7998046875,441200
2018-11-13,13363.5,13371.150390625,13218.0498046875,13270.9501953125,351200
2018-11-14,13360.5,13447.2998046875,13332.7998046875,13389.5,1238400
2018-11-15,13440.900390625,13468.349609375,13325.400390625,13388.9501953125,647100
2018-11-16,13449.099609375,13512.75,13386.7998046875,13470.75,447300
2018-11-19,13507.0,13522.7001953125,13428.599609375,13499.75,537000
2018-11-20,13355.7998046875,13498.849609375,13331.5498046875,13498.75,626700
2018-11-21,13404.150390625,13435.099609375,13318.099609375,13373.2998046875,570700
2018-11-22,13334.5,13447.400390625,13313.849609375,13424.5,439900
2018-11-26,13443.75,13460.849609375,13288.5,13376.349609375,589700
2018-11-27,13487.099609375,13502.849609375,13398.900390625,13435.150390625,521200
2018-11-28,13449.2001953125,13542.849609375,13429.599609375,13525.099609375,447800
2018-11-29,13564.7001953125,13629.400390625,13529.2998046875,13544.0,560400
2018-11-30,13747.0,13770.150390625,13593.849609375,13606.099609375,670100
2018-12-03,13877.2998046875,13898.650390625,13760.349609375,13835.150390625,718500
2018-12-04,13838.75,13928.150390625,13806.7001953125,13893.2998046875,427800
2018-12-05,13680.400390625,13803.150390625,13641.25,13787.7998046875,606500
2018-12-06,13425.75,13599.900390625,13405.75,13594.5498046875,516900
2018-12-07,13508.5498046875,13519.75,13425.4501953125,13477.650390625,369400
2018-12-10,13298.25,13368.75,13246.0,13331.25,360900
2018-12-11,13439.0498046875,13479.9501953125,13150.900390625,13170.150390625,495600
2018-12-12,13735.9501953125,13756.0,13485.650390625,13493.2998046875,463400
2018-12-13,13895.099609375,13929.4501953125,13806.5498046875,13810.650390625,407400
2018-12-14,13895.650390625,13918.2998046875,13824.7001953125,13872.9501953125,341500
2018-12-17,13967.9501953125,14019.349609375,13917.4501953125,14019.349609375,509500
2018-12-18,14032.2998046875,14044.650390625,13903.75,13952.0498046875,416200
2018-12-19,14149.2998046875,14188.0,14061.099609375,14080.2998046875,540500
2018-12-20,14023.7001953125,14135.5498046875,13995.400390625,14086.5,406100
2018-12-21,13804.150390625,14071.4501953125,13777.849609375,14063.2998046875,478400
2018-12-24,13683.7001953125,13822.25,13657.4501953125,13793.650390625,308800
2018-12-26,13722.5498046875,13748.25,13456.4501953125,13624.0498046875,373500
2018-12-27,13743.2998046875,13840.7998046875,13723.849609375,13797.150390625,394000
2018-12-28,13879.7998046875,13896.2001953125,13786.4501953125,13787.4501953125,357200
2018-12-31,13941.849609375,13955.5,13887.599609375,13942.900390625,330300
2019-01-01,13881.650390625,13953.2001953125,13835.0,13953.2001953125,262700
2019-01-02,13689.599609375,13842.349609375,13669.650390625,13842.349609375,709700
2019-01-03,13581.849609375,13780.2001953125,13567.599609375,13687.349609375,490200
2019-01-04,13584.2001953125,13645.5498046875,13505.7998046875,13604.599609375,497400
2019-01-07,13620.849609375,13713.75,13606.5498046875,13685.150390625,552000
2019-01-08,13606.7998046875,13647.9501953125,13557.2998046875,13647.4501953125,543400
2019-01-09,13622.349609375,13676.5,13555.5498046875,13671.099609375,507800
2019-01-10,13641.150390625,13669.349609375,13603.9501953125,13649.0498046875,526400
2019-01-11,13620.2998046875,13659.7998046875,13581.0,13651.150390625,335500
2019-01-14,13576.7001953125,13628.900390625,13520.5498046875,13622.4501953125,322900
2019-01-15,13730.900390625,13743.599609375,13599.349609375,13600.0498046875,400300
2019-01-16,13649.5,13785.900390625,13638.75,13751.599609375,332600
2019-01-17,13659.9501953125,13697.2001953125,13601.5498046875,13676.650390625,268200
2019-01-18,13599.2998046875,13718.0498046875,13569.849609375,13694.25,291800
2019-01-21,13554.150390625,13667.400390625,13530.9501953125,13617.5,276700
2019-01-22,13491.0498046875,13540.349609375,13427.5498046875,13537.25,496200
2019-01-23,13503.5,13585.599609375,13479.9501953125,13499.150390625,336500
2019-01-24,13473.5498046875,13547.900390625,13442.2001953125,13542.900390625,542100
2019-01-25,13267.0,13557.4501953125,13222.9501953125,13509.900390625,477500
2019-01-28,13128.349609375,13280.2998046875,13066.349609375,13280.25,421100
2019-01-29,13159.75,13188.75,13053.650390625,13107.75,423500
2019-01-30,13228.099609375,13248.599609375,13158.2998046875,13208.5498046875,386500
2019-01-31,13320.650390625,13331.099609375,13217.0498046875,13272.25,798400
2019-02-01,13262.0498046875,13409.7001953125,13094.0,13222.349609375,1879500
2019-02-04,13263.650390625,13321.7998046875,13182.5,13267.25,551600
2019-02-05,13227.75,13335.7998046875,13195.400390625,13244.7998046875,443000
2019-02-06,13315.4501953125,13354.349609375,13146.150390625,13270.7998046875,382200
2019-02-07,13427.2001953125,13440.5,13322.5,13350.150390625,668600
2019-02-08,13189.25,13398.349609375,13172.2998046875,13366.9501953125,549300
2019-02-11,13038.900390625,13163.599609375,12997.7001953125,13161.650390625,480500
2019-02-12,12978.849609375,13053.150390625,12963.2998046875,13051.4501953125,407700
2019-02-14,12861.650390625,12883.5498046875,12788.400390625,12837.349609375,691400
2019-02-15,12671.75,12858.7998046875,12594.9501953125,12855.75,800600
2019-02-18,12581.2001953125,12694.4501953125,12511.7001953125,12681.25,480700
2019-02-19,12606.7998046875,12698.0498046875,12579.75,12580.099609375,677300
2019-02-20,12771.2001953125,12788.900390625,12658.0498046875,12658.0498046875,570300
2019-02-21,12884.900390625,12897.0498046875,12777.2998046875,12810.900390625,458100
2019-02-22,12998.5498046875,13012.0,12863.9501953125,12891.0498046875,548700
2019-02-25,13060.349609375,13085.4501953125,12996.650390625,13031.9501953125,388500
2019-02-26,13049.5,13093.0498046875,12859.5,12978.75,523700
2019-02-27,13038.0,13176.4501953125,12937.2001953125,13081.650390625,635200
2019-02-28,13078.7998046875,13109.650390625,13026.2998046875,13103.5498046875,986300
2019-03-01,13196.650390625,13206.900390625,13128.2998046875,13138.599609375,575600
2019-03-05,13316.349609375,13330.150390625,13180.0498046875,13192.400390625,587700
2019-03-06,13275.400390625,13417.650390625,13260.0,13393.5498046875,658000
2019-03-07,13251.25,13316.0,13234.7001953125,13315.7001953125,491700
2019-03-08,13201.650390625,13257.099609375,13175.900390625,13241.099609375,374400
2019-03-11,13428.4501953125,13440.5,13239.349609375,13251.4501953125,472600
2019-03-12,13517.0,13617.150390625,13498.5,13505.650390625,667700
2019-03-13,13407.349609375,13542.7001953125,13380.0,13542.7001953125,435000
2019-03-14,13388.0,13438.900390625,13335.2001953125,13428.2001953125,385300
2019-03-15,13304.0498046875,13428.5498046875,13278.75,13417.0,771200
2019-03-18,13238.650390625,13357.150390625,13189.900390625,13355.7001953125,489300
2019-03-19,13237.099609375,13260.0498046875,13200.5498046875,13250.7001953125,387200
2019-03-20,13192.349609375,13277.349609375,13175.400390625,13276.5498046875,350600
2019-03-22,13128.7998046875,13245.650390625,13107.650390625,13174.75,404200
2019-03-25,12984.099609375,13051.2001953125,12962.150390625,13051.2001953125,328500
2019-03-26,13085.5,13103.25,12993.849609375,13026.099609375,438200
2019-03-27,13097.7998046875,13172.2001953125,13059.7998046875,13131.099609375,496700
2019-03-28,13171.099609375,13184.900390625,13101.7001953125,13110.7998046875,588400
2019-04-01,13365.849609375,13518.75,13345.75,13438.4501953125,611900
2019-04-02,13313.7001953125,13409.4501953125,13269.9501953125,13399.150390625,474900
2019-04-03,13314.099609375,13386.2998046875,13303.849609375,13328.0,470400
2019-04-04,13314.2001953125,13342.9501953125,13256.099609375,13326.0,490400
2019-04-05,13343.349609375,13372.400390625,13283.5498046875,13348.400390625,411100
2019-04-08,13291.599609375,13413.099609375,13253.650390625,13395.4501953125,396800
2019-04-09,13381.099609375,13399.2998046875,13243.599609375,13302.25,710200
2019-04-10,13378.599609375,13420.650390625,13342.849609375,13376.0,527800
2019-04-11,13389.5,13417.25,13326.400390625,13386.9501953125,705700
2019-04-12,13471.7998046875,13478.5,13379.2001953125,13402.9501953125,465800
2019-04-15,13502.349609375,13529.0498046875,13473.599609375,13517.2998046875,475700
2019-04-16,13565.2998046875,13594.099609375,13530.25,13539.2001953125,469300
2019-04-18,13478.400390625,13598.4501953125,13453.2001953125,13592.5,422700
2019-04-22,13341.75,13467.099609375,13329.150390625,13467.0,335200
2019-04-23,13298.849609375,13392.0,13286.75,13356.7001953125,352000
2019-04-24,13280.2998046875,13312.0498046875,13177.900390625,13303.25,537500
2019-04-25,13177.349609375,13291.650390625,13158.7001953125,13285.2998046875,534700
2019-04-26,13153.2998046875,13199.349609375,13108.5498046875,13193.2998046875,590900
2019-04-30,13043.5498046875,13147.400390625,12975.900390625,13131.849609375,533300
2019-05-02,12927.400390625,13074.5,12913.099609375,13018.5,840600
2019-05-03,12848.099609375,12943.599609375,12825.849609375,12931.2998046875,417400
2019-05-06,12735.5498046875,12771.5498046875,12711.599609375,12769.2001953125,310300
2019-05-07,12702.5498046875,12831.099609375,12686.5,12783.2998046875,421100
2019-05-08,12575.2998046875,12673.099609375,12544.25,12659.2001953125,534500
2019-05-09,12536.2001953125,12562.150390625,12480.099609375,12539.900390625,418000
2019-05-10,12523.0498046875,12580.2001953125,12492.75,12557.400390625,318100
2019-05-13,12434.900390625,12574.349609375,12410.7998046875,12546.2001953125,318500
2019-05-14,12506.9501953125,12530.25,12375.75,12404.2001953125,546900
2019-05-15,12418.849609375,12549.650390625,12391.599609375,12526.900390625,444500
2019-05-16,12500.599609375,12517.7998046875,12384.5498046875,12451.7998046875,345000
2019-05-17,12682.7998046875,12698.150390625,12481.2001953125,12506.0498046875,351800
2019-05-20,13026.900390625,13045.0,12831.349609375,12921.7998046875,603400
2019-05-21,12965.099609375,13075.900390625,12928.25,13042.099609375,505600
2019-05-22,12924.9501953125,12982.849609375,12860.150390625,12973.5,347200
2019-05-23,12830.5498046875,13093.25,12799.75,13063.9501953125,651200
2019-05-24,13059.099609375,13079.650390625,12802.2998046875,12878.9501953125,908400
2019-05-27,13206.400390625,13218.599609375,13032.9501953125,13054.400390625,651100
2019-05-28,13242.099609375,13272.349609375,13196.7001953125,13236.2998046875,1081700
2019-05-29,13123.7001953125,13206.0498046875,13103.599609375,13204.75,370300
2019-05-30,13139.5498046875,13159.849609375,13075.650390625,13114.2998046875,460800
2019-05-31,13153.9501953125,13213.5,13061.7001953125,13173.75,512500
2019-06-03,13341.2998046875,13357.400390625,13150.349609375,13152.5,553600
2019-06-04,13290.150390625,13360.0498046875,13270.0,13319.599609375,459400
2019-06-06,13169.2998046875,13311.7001953125,13149.5498046875,13311.25,442600
2019-06-07,13135.099609375,13197.0,13056.099609375,13174.650390625,358800
2019-06-10,13271.0498046875,13289.0498046875,13194.9501953125,13197.5,339100
2019-06-11,13311.349609375,13336.349609375,13248.0498046875,13309.400390625,470800
2019-06-12,13279.650390625,13336.25,13235.7998046875,13287.150390625,381900
2019-06-13,13223.0,13274.4501953125,13153.900390625,13269.7001953125,318900
2019-06-14,13117.900390625,13253.0,13082.900390625,13204.4501953125,274800
2019-06-17,12918.7001953125,13123.900390625,12904.849609375,13123.900390625,416400
2019-06-18,12882.9501953125,12961.0,12831.849609375,12915.4501953125,360900
2019-06-19,12859.9501953125,12984.2001953125,12812.4501953125,12943.75,399200
2019-06-20,13018.150390625,13035.25,12744.400390625,12821.9501953125,599100
2019-06-21,12909.349609375,13004.5,12875.5,12993.599609375,488400
2019-06-24,12884.349609375,12947.7001953125,12858.599609375,12929.650390625,306400
2019-06-25,12934.9501953125,12942.2998046875,12822.0,12867.849609375,419200
2019-06-26,12987.2998046875,13004.099609375,12907.0498046875,12916.9501953125,435100
2019-06-27,13047.400390625,13098.099609375,13010.5498046875,13013.0,492300
2019-06-28,13044.099609375,13089.150390625,13010.5498046875,13072.2001953125,336500
2019-07-01,13048.0498046875,13116.650390625,13035.2001953125,13116.25,336600
2019-07-02,13134.5498046875,13151.7998046875,13035.5498046875,13064.7998046875,292200
2019-07-03,13109.4501953125,13151.75,13091.4501953125,13151.75,421300
2019-07-04,13145.5498046875,13178.2998046875,13101.2998046875,13112.2998046875,290100
2019-07-05,12930.849609375,13171.349609375,12896.25,13166.5498046875,362900
2019-07-08,12683.599609375,12883.900390625,12638.75,12883.0498046875,366000
2019-07-09,12628.5,12686.5498046875,12563.0,12679.400390625,351400
2019-07-10,12528.5,12673.900390625,12510.2998046875,12631.150390625,291300
2019-07-11,12607.25,12619.4501953125,12530.25,12576.4501953125,398900
2019-07-12,12652.599609375,12708.2998046875,12577.849609375,12606.650390625,387300
2019-07-15,12669.5,12681.7001953125,12553.2998046875,12673.75,279900
2019-07-16,12736.9501953125,12746.400390625,12626.599609375,12644.9501953125,486900
2019-07-17,12776.650390625,12812.650390625,12715.75,12736.4501953125,296200
2019-07-18,12635.900390625,12773.25,12614.7998046875,12771.7001953125,475400
2019-07-19,12423.7998046875,12708.75,12387.650390625,12689.150390625,511000
2019-07-22,12457.4501953125,12496.2001953125,12361.7001953125,12430.0498046875,488100
2019-07-23,12421.0,12466.900390625,12396.900390625,12458.2001953125,578000
2019-07-24,12292.0498046875,12440.2998046875,12229.900390625,12417.650390625,520900
2019-07-25,12390.599609375,12405.2001953125,12298.75,12300.75,532300
2019-07-26,12389.25,12416.7998046875,12299.400390625,12405.650390625,586700
2019-07-29,12212.0,12388.900390625,12175.75,12385.4501953125,510300
2019-07-30,12056.7998046875,12264.400390625,12039.349609375,12215.25,557500
2019-07-31,12127.849609375,12161.849609375,11912.150390625,12031.25,609000
2019-08-01,11977.5,12097.0498046875,11895.5,12082.0498046875,888600
2019-08-02,11988.0,12041.349609375,11813.2001953125,11906.75,1715500
2019-08-05,11931.7998046875,11967.7001953125,11743.9501953125,11900.599609375,662900
2019-08-06,12041.150390625,12072.75,11883.4501953125,11883.849609375,653500
2019-08-07,11994.400390625,12099.25,11977.9501953125,12050.0498046875,600600
2019-08-08,12097.849609375,12124.5,11976.0,12013.150390625,607800
2019-08-09,12246.5,12302.75,12145.0,12145.5498046875,836800
2019-08-13,12024.0498046875,12240.2001953125,12009.650390625,12240.2001953125,532400
2019-08-14,12095.0498046875,12152.9501953125,11980.5498046875,12045.5,612400
2019-08-16,12161.0498046875,12172.5498046875,11965.7998046875,12063.7001953125,534000
2019-08-19,12121.0,12232.650390625,12093.9501953125,12207.849609375,414700
2019-08-20,12079.2001953125,12126.099609375,12017.099609375,12123.7998046875,351700
2019-08-21,12013.849609375,12098.25,11979.150390625,12096.650390625,521900
2019-08-22,11878.7001953125,12027.849609375,11854.7998046875,11996.150390625,710400
2019-08-23,12048.650390625,12085.400390625,11826.849609375,11841.9501953125,742400
2019-08-26,12153.900390625,12211.349609375,11919.599609375,12203.5498046875,1164100
2019-08-27,12319.849609375,12356.7001953125,12190.5,12190.7998046875,920100
2019-08-28,12189.7998046875,12335.2998046875,12131.9501953125,12320.900390625,536900
2019-08-29,12189.5,12251.2998046875,12125.900390625,12191.2001953125,518600
2019-08-30,12361.349609375,12393.0498046875,12188.5,12234.75,614100
2019-09-03,12184.2998046875,12346.349609375,12167.150390625,12315.099609375,710100
2019-09-04,12100.75,12224.7998046875,12031.5498046875,12204.849609375,695300
2019-09-05,12161.349609375,12182.599609375,12119.2998046875,12123.9501953125,539700
2019-09-06,12267.5,12282.25,12184.2998046875,12189.25,505300
2019-09-09,12403.849609375,12417.4501953125,12213.4501953125,12253.2998046875,501100
2019-09-11,12485.599609375,12511.400390625,12413.900390625,12456.0498046875,863400
2019-09-12,12386.5498046875,12547.849609375,12374.599609375,12508.5,543000
2019-09-13,12500.7001953125,12519.849609375,12351.9501953125,12422.5498046875,630900
2019-09-16,12514.599609375,12559.349609375,12383.849609375,12442.4501953125,454100
2019-09-17,12336.0,12561.2998046875,12315.400390625,12533.25,642700
2019-09-18,12357.349609375,12385.75,12279.75,12373.650390625,707400
2019-09-19,12232.0,12376.9501953125,12197.5498046875,12370.25,435300
2019-09-20,13150.0498046875,13179.5,12230.400390625,12275.25,1793800
2019-09-23,13693.7998046875,13946.75,13368.150390625,13370.4501953125,1421700
2019-09-24,13703.5498046875,13792.4501953125,13621.400390625,13766.599609375,936200
2019-09-25,13452.349609375,13669.349609375,13390.400390625,13665.0498046875,752800
2019-09-26,13643.2998046875,13682.400390625,13493.2001953125,13496.400390625,975500
2019-09-27,13545.75,13634.7001953125,13486.599609375,13630.599609375,1619800
2019-09-30,13471.400390625,13555.0,13357.7998046875,13552.75,4502800
2019-10-01,13315.849609375,13536.2998046875,13216.099609375,13483.2001953125,2859900
2019-10-03,13174.2998046875,13282.150390625,13118.599609375,13278.849609375,1797000
2019-10-04,12990.7001953125,13267.25,12974.7001953125,13232.0,1584700
2019-10-07,13017.0498046875,13082.849609375,12929.25,13001.75,1567200
2019-10-09,13260.25,13274.099609375,13019.349609375,13035.7001953125,2783600
2019-10-10,13185.099609375,13278.0,13169.849609375,13248.349609375,4839400
2019-10-11,13308.400390625,13338.9501953125,13205.400390625,13217.0498046875,1833700
2019-10-14,13439.400390625,13485.2998046875,13341.5,13365.7001953125,1866800
2019-10-15,13619.5,13653.2998046875,13449.599609375,13470.75,1685700
2019-10-16,13681.599609375,13706.099609375,13614.650390625,13638.099609375,3584100
2019-10-17,13838.650390625,13862.2998046875,13638.599609375,13675.849609375,2290900
2019-10-18,13985.75,14019.25,13798.2998046875,13842.849609375,1803500
2019-10-22,13955.9501953125,14041.0,13914.7998046875,13994.9501953125,1849800
2019-10-23,14001.150390625,14053.7998046875,13942.5,13956.150390625,2058700
2019-10-24,13909.0498046875,14066.849609375,13860.150390625,14045.400390625,8173000
2019-10-25,13933.5498046875,13951.5,13856.650390625,13936.599609375,4832100
2019-10-29,14184.9501953125,14204.5,13988.849609375,14031.400390625,4180000
2019-10-30,14167.349609375,14283.5,14133.599609375,14283.5,3282100
2019-10-31,14196.2998046875,14239.849609375,14156.0,14213.4501953125,4670400
2019-11-01,14249.9501953125,14279.900390625,14187.2001953125,14228.400390625,8568700
2019-11-04,14210.2998046875,14356.2001953125,14196.2001953125,14291.650390625,2414500
2019-11-05,14113.650390625,14243.150390625,14076.849609375,14235.0,1603300
2019-11-06,14111.2001953125,14171.2998046875,14041.25,14111.400390625,2139400
2019-11-07,14141.7998046875,14164.7001953125,14053.75,14161.7001953125,2157600
2019-11-08,13921.150390625,14156.400390625,13895.599609375,14144.7998046875,2902100
2019-11-11,13873.9501953125,13957.7998046875,13833.849609375,13871.099609375,2011800
2019-11-13,13852.7998046875,13985.0,13825.150390625,13937.4501953125,2984600
2019-11-14,13788.5498046875,13876.150390625,13734.400390625,13860.75,6542200
2019-11-15,13800.7998046875,13883.400390625,13776.7001953125,13828.0,9014800
2019-11-18,13771.25,13862.900390625,13754.0,13836.7998046875,6017400
2019-11-19,13785.0498046875,13825.2001953125,13738.25,13816.400390625,10779500
2019-11-20,13842.5498046875,13902.4501953125,13766.0498046875,13816.25,18828500
2019-11-21,13741.9501953125,13868.2001953125,13721.349609375,13865.0,9299400
2019-11-22,13681.150390625,13753.900390625,13627.650390625,13748.099609375,5007600
2019-11-25,13885.75,13907.150390625,13685.099609375,13693.400390625,5773900
2019-11-26,13760.349609375,13930.849609375,13742.849609375,13900.7001953125,13158200
2019-11-27,13862.0,13883.2001953125,13784.25,13795.099609375,4189400
2019-11-28,13894.849609375,13908.0498046875,13823.7998046875,13894.599609375,5957000
2019-11-29,13779.2001953125,13894.4501953125,13733.599609375,13886.849609375,4442900
2019-12-02,13799.7998046875,13844.349609375,13769.150390625,13818.849609375,15195000
2019-12-03,13667.900390625,13817.5,13646.849609375,13809.2001953125,7690300
2019-12-04,13765.0498046875,13774.4501953125,13616.400390625,13651.849609375,7532200
2019-12-05,13704.150390625,13801.849609375,13684.599609375,13796.7998046875,3711700
2019-12-06,13599.2998046875,13755.900390625,13562.349609375,13730.5498046875,5429400
2019-12-09,13597.150390625,13643.2001953125,13556.75,13638.849609375,3478700
2019-12-10,13508.0,13614.900390625,13480.650390625,13610.4501953125,4103200
2019-12-11,13481.0,13542.5,13414.650390625,13523.599609375,2771500
2019-12-12,13592.849609375,13610.900390625,13479.2001953125,13522.0498046875,1605700
2019-12-13,13744.25,13766.7998046875,13652.7001953125,13670.2998046875,3197300
2019-12-16,13635.599609375,13795.2998046875,13625.099609375,13755.099609375,1885300
2019-12-17,13712.349609375,13740.9501953125,13668.0,13690.0498046875,3646200
2019-12-18,13701.9501953125,13740.7998046875,13634.4501953125,13737.150390625,3701100
2019-12-19,13747.4501953125,13776.849609375,13680.25,13696.7001953125,2684500
2019-12-20,13749.150390625,13783.5498046875,13712.75,13748.2998046875,2586800
2019-12-23,13775.25,13825.5,13722.7001953125,13739.4501953125,1823400
2019-12-24,13746.150390625,13812.5,13726.150390625,13792.5498046875,1494900
2019-12-26,13708.650390625,13785.7998046875,13692.4501953125,13756.4501953125,2322900
2019-12-27,13740.2998046875,13766.5498046875,13693.5498046875,13746.400390625,1692200
2019-12-30,13833.75,13843.4501953125,13756.349609375,13764.7001953125,2112000
2019-12-31,13788.9501953125,13861.5,13774.7998046875,13839.0,2119500
2020-01-01,13801.5498046875,13840.7998046875,13787.9501953125,13819.7001953125,836700
2020-01-02,13880.75,13890.900390625,13825.900390625,13831.599609375,1280500
2020-01-03,13783.400390625,13877.2998046875,13754.75,13877.2998046875,1217400
2020-01-06,13498.5498046875,13739.25,13485.650390625,13734.400390625,1034200
2020-01-07,13579.9501953125,13667.75,13541.2001953125,13576.25,1368700
2020-01-08,13597.25,13605.349609375,13433.349609375,13468.75,3736800
2020-01-09,13756.0,13771.4501953125,13692.7001953125,13722.7001953125,4329800
2020-01-10,13791.900390625,13852.599609375,13752.75,13794.0498046875,1533800
2020-01-13,13862.400390625,13870.849609375,13820.7998046875,13833.75,1702700
2020-01-14,13990.2001953125,14006.599609375,13866.5,13888.099609375,1223700
2020-01-15,14043.5,14057.7001953125,13955.75,14011.5498046875,1755300
2020-01-16,14132.0498046875,14146.2998046875,14049.150390625,14054.9501953125,2458300
2020-01-17,14146.849609375,14167.5498046875,14096.099609375,14147.5,11140200
2020-01-20,14087.0498046875,14194.349609375,14069.75,14164.0498046875,3669500
2020-01-21,14028.849609375,14117.150390625,14013.400390625,14066.5,6900
2020-01-22,13989.5498046875,14102.599609375,13970.349609375,14086.5498046875,3500
2020-01-23,14052.7001953125,14064.5,13960.400390625,13990.7998046875,3811800
2020-01-24,14189.349609375,14226.400390625,14053.2001953125,14080.650390625,1895700
2020-01-27,14083.5,14216.0,14054.0498046875,14130.900390625,1745800
2020-01-28,14032.349609375,14155.400390625,14020.0498046875,14130.5498046875,3290100
2020-01-29,14097.0,14199.2001953125,14070.5498046875,14116.7998046875,2628700
2020-01-30,13907.349609375,14100.099609375,13871.0,14091.4501953125,2879800
2020-01-31,13760.2998046875,13965.9501953125,13734.849609375,13963.75,2069600
2020-02-03,13958.0,13987.75,13621.0,13627.75,1808300
2020-02-04,14131.75,14158.2998046875,13967.400390625,14006.2001953125,1294200
2020-02-05,14149.599609375,14260.400390625,14091.0498046875,14202.9501953125,1782000
2020-02-06,14172.7001953125,14268.7001953125,14124.150390625,14208.150390625,1602000
2020-02-07,14219.9501953125,14239.400390625,14134.150390625,14207.349609375,1716600
2020-02-10,14101.900390625,14235.349609375,14069.4501953125,14234.7001953125,1253800
2020-02-11,14066.400390625,14201.2998046875,14036.9501953125,14177.0498046875,1759600
2020-02-12,14174.0498046875,14233.25,14083.0498046875,14092.599609375,3386600
2020-02-13,14251.349609375,14263.75,14141.0,14172.650390625,1653000
2020-02-14,14076.9501953125,14345.900390625,14053.849609375,14236.349609375,14595900
2020-02-17,14057.900390625,14151.0498046875,14042.849609375,14096.7001953125,8520500
2020-02-18,13995.2998046875,14057.5498046875,13876.4501953125,14055.2998046875,6880000
2020-02-19,14171.400390625,14184.7998046875,14050.349609375,14089.4501953125,10537000
2020-02-20,14110.0,14220.7001953125,14098.349609375,14161.2998046875,10117700
2020-02-24,13856.5498046875,14076.900390625,13837.9501953125,14076.849609375,7489400
2020-02-25,13828.7998046875,13993.7998046875,13815.599609375,13906.2001953125,6740400
2020-02-26,13673.150390625,13842.75,13647.2001953125,13818.25,3914200
2020-02-27,13657.650390625,13701.0,13522.4501953125,13697.0498046875,4604500
2020-02-28,13256.849609375,13424.849609375,13218.150390625,13401.400390625,5143900
2020-03-02,13224.2998046875,13558.650390625,13137.0,13407.400390625,3333600
2020-03-03,13467.849609375,13511.2001953125,13282.9501953125,13315.900390625,3959100
2020-03-04,13416.2001953125,13528.650390625,13201.599609375,13513.4501953125,2969900
2020-03-05,13464.4501953125,13584.5498046875,13436.7001953125,13464.25,4110000
2020-03-06,13332.0,13376.0498046875,13067.599609375,13168.2001953125,3900900
2020-03-09,12847.900390625,13151.0,12743.400390625,13112.099609375,7713200
2020-03-11,12802.4501953125,12964.650390625,12679.9501953125,12805.9501953125,7919500
2020-03-12,11975.9501953125,12463.5,11848.5498046875,12462.5,8377400
2020-03-13,12177.0498046875,12422.099609375,10746.400390625,11332.150390625,15175800
2020-03-16,11602.5498046875,11894.9501953125,11529.650390625,11840.400390625,13947500
2020-03-17,11583.25,11896.650390625,11543.0,11661.2998046875,7757300
2020-03-18,11034.150390625,11767.0498046875,10977.7001953125,11719.5,23001700
2020-03-19,10438.349609375,10723.25,10212.2998046875,10593.5,7588100
2020-03-20,11009.7998046875,11119.2001953125,10457.0,10540.150390625,5454800
2020-03-23,9683.400390625,10453.599609375,9648.2001953125,10120.4501953125,4169700
2020-03-24,10058.599609375,10299.849609375,9743.349609375,9965.650390625,3984400
2020-03-25,10481.7001953125,10546.4501953125,9926.7001953125,9958.4501953125,2419400
2020-03-26,10874.5498046875,10967.75,10423.400390625,10585.599609375,3031300
2020-03-27,10690.9501953125,11279.2001953125,10627.0,11236.9501953125,2326600
2020-03-30,10664.25,10787.349609375,10495.5498046875,10590.349609375,1515900
2020-03-31,11069.2998046875,11100.599609375,10758.150390625,10927.349609375,2567200
2020-04-01,10791.099609375,11142.650390625,10715.7001953125,11091.150390625,2536800
2020-04-03,10631.9501953125,10882.599609375,10614.400390625,10882.599609375,2702900
2020-04-07,11465.2998046875,11493.5498046875,10933.849609375,10952.849609375,2564500
2020-04-08,11592.349609375,11933.150390625,11345.150390625,11388.4501953125,3060300
2020-04-09,11940.599609375,11960.849609375,11743.150390625,11821.400390625,2322800
2020-04-13,11915.349609375,11996.650390625,11662.599609375,11993.7998046875,9179200
2020-04-15,12130.650390625,12328.7998046875,12029.7001953125,12078.0,8710900
2020-04-16,12225.650390625,12302.0,11984.150390625,12083.2001953125,5152300
2020-04-17,12271.900390625,12545.7001953125,12154.5498046875,12544.599609375,6201500
2020-04-20,12118.2998046875,12385.75,12092.099609375,12385.7001953125,3641500
2020-04-21,11920.900390625,12005.349609375,11784.4501953125,11894.4501953125,3389800
2020-04-22,12161.75,12181.7998046875,11813.2001953125,11902.7001953125,5249200
2020-04-23,12174.900390625,12425.5498046875,12133.7001953125,12217.0498046875,7628200
2020-04-24,12074.7001953125,12253.2001953125,12049.400390625,12121.650390625,3902500
2020-04-27,12339.599609375,12373.2998046875,12191.0498046875,12203.650390625,3114700
2020-04-28,12254.25,12470.5498046875,12222.0,12463.0498046875,3857500
2020-04-29,12311.900390625,12358.0498046875,12272.0,12323.25,4402500
2020-04-30,12524.900390625,12552.0,12431.75,12481.400390625,4589200
2020-05-04,12053.4501953125,12211.7998046875,12001.0498046875,12195.7998046875,5486100
2020-05-05,11845.150390625,12229.0498046875,11813.849609375,12193.599609375,2862600
2020-05-06,11851.7998046875,12005.75,11732.2001953125,11880.849609375,5176200
2020-05-07,11730.349609375,11844.650390625,11711.599609375,11823.0,4093100
2020-05-08,11851.7001953125,11932.2998046875,11827.849609375,11932.2998046875,2560000
2020-05-11,11950.349609375,12030.4501953125,11930.2001953125,11943.650390625,10457700
2020-05-12,12017.2998046875,12049.0498046875,11775.2001953125,11917.0498046875,7634500
2020-05-13,12016.400390625,12398.7998046875,11995.349609375,12398.7998046875,6859900
2020-05-14,12041.900390625,12104.099609375,11896.2001953125,11935.7001953125,3606800
2020-05-15,12079.9501953125,12111.400390625,11989.5498046875,12108.7998046875,3733200
2020-05-18,11753.849609375,12106.849609375,11735.75,12097.0498046875,5189600
2020-05-19,11762.7998046875,11906.2001953125,11734.0,11899.0,9731900
2020-05-20,11873.349609375,11900.5498046875,11752.9501953125,11775.0498046875,5763400
2020-05-21,11959.2998046875,12012.75,11860.7998046875,11902.099609375,5045900
2020-05-22,11944.4501953125,11997.0,11856.0,11935.5498046875,4230800
2020-05-26,12013.7998046875,12077.2998046875,11984.7001953125,12029.849609375,3258800
2020-05-27,12033.849609375,12073.7001953125,11912.400390625,12069.4501953125,2651800
2020-05-28,12238.900390625,12251.75,12035.7998046875,12064.150390625,5884900
2020-05-29,12497.75,12527.599609375,12186.900390625,12211.9501953125,26380000
2020-06-01,12666.75,12741.2001953125,12588.75,12608.75,6463900
2020-06-02,12722.349609375,12775.4501953125,12651.150390625,12742.0498046875,10524000
2020-06-03,12795.5,12971.099609375,12760.0,12874.7998046875,10705200
2020-06-04,12818.7998046875,12913.099609375,12726.099609375,12822.25,10058100
2020-06-05,12996.25,13017.0498046875,12860.9501953125,12905.2998046875,19493400
2020-06-08,13036.75,13176.2001953125,13010.599609375,13148.2998046875,21668700
2020-06-09,12898.7998046875,13107.7998046875,12862.9501953125,13070.849609375,16851000
2020-06-10,12921.650390625,12975.5498046875,12882.25,12917.900390625,11986400
2020-06-11,12696.7998046875,12981.849609375,12673.650390625,12926.0498046875,23253800
2020-06-12,12791.25,12809.9501953125,12308.7998046875,12309.4501953125,16116000
2020-06-15,12697.650390625,12862.5498046875,12660.7998046875,12809.0498046875,9415400
2020-06-16,12663.349609375,12885.5,12547.650390625,12876.849609375,8866600
2020-06-17,12715.599609375,12787.4501953125,12624.900390625,12635.5498046875,4993200
2020-06-18,12761.599609375,12785.75,12695.900390625,12711.5498046875,10605200
2020-06-19,12842.75,12874.4501953125,12771.849609375,12820.7001953125,6684300
2020-06-22,13012.5,13034.349609375,12864.400390625,12922.25,12838500
2020-06-23,13156.400390625,13205.25,13057.0498046875,13076.9501953125,5365200
2020-06-24,13065.099609375,13300.0498046875,13031.650390625,13242.7998046875,6392700
2020-06-25,13158.0,13176.900390625,12968.5,12983.5498046875,6975800
2020-06-26,13158.2001953125,13263.7998046875,13126.9501953125,13245.0498046875,12154700
2020-06-29,13123.75,13158.400390625,13041.2001953125,13136.9501953125,11053100
2020-06-30,13226.5498046875,13287.5,13157.7001953125,13216.650390625,9834800
2020-07-01,13146.349609375,13225.25,13104.2998046875,13225.25,5133500
2020-07-02,13198.400390625,13235.2001953125,13128.7001953125,13208.900390625,4385400
2020-07-03,13225.5498046875,13265.5498046875,13180.900390625,13238.099609375,3320400
2020-07-06,13398.2001953125,13408.849609375,13269.099609375,13306.849609375,3348900
2020-07-07,13466.25,13488.9501953125,13334.400390625,13444.599609375,3155300
2020-07-08,13460.0,13551.900390625,13427.599609375,13490.900390625,5660000
2020-07-09,13443.0498046875,13519.2001953125,13408.5498046875,13507.099609375,4283300
2020-07-10,13461.75,13492.7998046875,13373.25,13421.7998046875,9902200
2020-07-13,13589.2001953125,13603.0498046875,13519.0498046875,13549.4501953125,4412300
2020-07-14,13404.0,13570.7001953125,13379.5,13559.5,3450500
2020-07-15,13405.7001953125,13525.5498046875,13375.9501953125,13459.849609375,5391300
2020-07-16,13555.0498046875,13582.099609375,13291.0498046875,13461.4501953125,10502100
2020-07-17,13599.400390625,13674.7998046875,13554.25,13593.150390625,8291600
2020-07-20,13703.099609375,13731.0,13633.900390625,13693.2001953125,10920600
2020-07-21,13693.9501953125,13829.4501953125,13675.0498046875,13792.599609375,7295000
2020-07-22,13573.2998046875,13749.7998046875,13514.7998046875,13747.099609375,6051400
2020-07-23,13623.5498046875,13679.9501953125,13591.9501953125,13623.0498046875,2795200
2020-07-24,13576.099609375,13606.7998046875,13466.7001953125,13567.4501953125,3237700
2020-07-27,13525.349609375,13632.9501953125,13486.900390625,13614.099609375,2367000
2020-07-28,13612.4501953125,13626.650390625,13524.150390625,13537.75,2688000
2020-07-29,13550.849609375,13690.599609375,13524.75,13622.599609375,4256100
2020-07-30,13510.5,13660.7001953125,13481.4501953125,13597.7998046875,4346000
2020-07-31,13559.849609375,13613.0,13494.0498046875,13534.0,3845900
2020-08-03,13555.4501953125,13654.150390625,13543.099609375,13604.0,4802600
2020-08-04,13635.650390625,13691.7998046875,13612.0498046875,13635.4501953125,3674900
2020-08-05,13704.2998046875,13748.650390625,13649.599609375,13690.099609375,3416400
2020-08-06,13737.849609375,13768.0,13683.150390625,13752.4501953125,2164000
2020-08-07,13908.349609375,13948.5498046875,13717.0,13724.9501953125,7365500
2020-08-10,13973.0498046875,14037.349609375,13951.599609375,13984.25,4702100
2020-08-11,13940.2998046875,14044.7001953125,13931.25,14031.0,2150600
2020-08-12,13929.5498046875,13955.150390625,13879.099609375,13927.5,2255800
2020-08-13,14023.150390625,14047.2001953125,13947.900390625,13967.0498046875,4442500
2020-08-14,13898.650390625,14075.099609375,13840.400390625,14047.2998046875,5181600
2020-08-17,14027.349609375,14048.900390625,13855.849609375,13988.7001953125,1939300
2020-08-18,14176.9501953125,14188.75,14052.9501953125,14056.349609375,2995900
2020-08-19,14158.75,14243.900390625,14145.2001953125,14223.7001953125,2984000
2020-08-20,14148.0498046875,14179.7001953125,14062.75,14097.5498046875,2518700
2020-08-21,14269.849609375,14318.0498046875,14226.25,14261.4501953125,1696200
2020-08-24,14343.4501953125,14407.5498046875,14323.900390625,14352.849609375,5861100
2020-08-25,14316.900390625,14412.599609375,14295.2998046875,14388.7998046875,2098000
2020-08-26,14294.5498046875,14348.2001953125,14260.2998046875,14342.7998046875,1372700
2020-08-27,14286.400390625,14366.2001953125,14274.900390625,14361.9501953125,2710200
2020-08-28,14262.0,14376.0,14242.2001953125,14331.650390625,13461700
2020-08-31,13828.2998046875,14351.0,13792.25,14333.4501953125,7582000
2020-09-01,13900.0,13959.900390625,13743.4501953125,13894.7998046875,18119600
2020-09-02,14041.349609375,14059.75,13938.2001953125,13951.150390625,6014000
2020-09-03,14209.0,14225.900390625,14098.5,14117.2998046875,16049100
2020-09-04,14094.75,14237.7001953125,13995.650390625,14007.599609375,17160100
2020-09-07,14162.900390625,14210.650390625,14034.2998046875,14178.5,14261200
2020-09-08,14029.400390625,14192.2998046875,13992.099609375,14186.099609375,5398000
2020-09-09,14004.7998046875,14023.5,13894.2998046875,13937.0498046875,4416500
2020-09-10,14085.25,14102.650390625,13990.900390625,14077.7001953125,4056200
2020-09-11,14097.400390625,14141.5498046875,14058.5,14101.5,2712600
2020-09-14,14207.5,14264.7001953125,14162.099609375,14200.099609375,4977300
2020-09-15,14323.2998046875,14355.2998046875,14263.0498046875,14269.849609375,8469800
2020-09-16,14394.5498046875,14410.2998046875,14317.25,14360.2001953125,2507300
2020-09-17,14338.849609375,14415.400390625,14295.349609375,14371.400390625,2459800
2020-09-18,14234.0,14407.5,14217.4501953125,14398.0,4469600
2020-09-21,13803.400390625,14258.650390625,13753.2001953125,14244.7001953125,3933000
2020-09-22,13623.650390625,13841.5,13468.150390625,13829.599609375,5446900
2020-09-23,13677.099609375,13747.400390625,13578.7998046875,13695.7998046875,6818400
2020-09-24,13417.25,13588.75,13398.099609375,13580.5,5935500
2020-09-25,13740.25,13758.7001953125,13526.650390625,13559.7001953125,6321600
2020-09-28,13948.0,13978.7001953125,13814.400390625,13865.2001953125,5065500
2020-09-29,13904.900390625,14051.5,13876.75,14008.7001953125,5406500
2020-09-30,14011.7001953125,14047.599609375,13892.7998046875,13923.400390625,3870000
2020-10-01,14059.75,14102.7998046875,14028.849609375,14102.7998046875,2701400
2020-10-05,14072.7001953125,14133.849609375,14060.849609375,14112.25,3489300
2020-10-06,14061.400390625,14178.5,14046.2998046875,14151.9501953125,2295500
2020-10-07,14149.900390625,14177.2998046875,14061.7001953125,14101.849609375,2508900
2020-10-08,14221.2998046875,14263.2001953125,14157.7998046875,14198.150390625,3114400
2020-10-09,14152.400390625,14260.7998046875,14118.400390625,14220.400390625,1542000
2020-10-12,14112.4501953125,14213.7998046875,14061.7001953125,14195.650390625,1482400
2020-10-13,14061.7998046875,14181.0,14043.349609375,14100.2998046875,1545100
2020-10-14,14079.400390625,14093.7998046875,14013.599609375,14060.25,2071200
2020-10-15,13931.099609375,14139.9501953125,13897.25,14112.400390625,2730400
2020-10-16,14012.150390625,14037.75,13881.7001953125,13973.150390625,1920700
2020-10-19,14125.5,14138.0,14035.400390625,14091.349609375,2606100
2020-10-20,14069.9501953125,14120.849609375,14029.400390625,14078.150390625,4310400
2020-10-21,13976.9501953125,14129.900390625,13900.5498046875,14124.599609375,2307300
2020-10-22,14056.900390625,14076.9501953125,13945.400390625,13963.099609375,2515600
2020-10-23,14148.599609375,14168.0498046875,14089.75,14136.5498046875,4835500
2020-10-26,14090.099609375,14219.099609375,14045.400390625,14203.900390625,1525400
2020-10-27,14336.099609375,14358.150390625,14075.900390625,14120.099609375,1635700
2020-10-28,14258.5498046875,14371.400390625,14228.150390625,14349.900390625,2268000
2020-10-29,14139.9501953125,14191.2001953125,14085.0,14141.0498046875,2504100
2020-10-30,14091.150390625,14259.75,14023.4501953125,14142.150390625,4742700
2020-11-02,14050.5,14171.75,13989.7998046875,14144.7001953125,3010000
2020-11-03,14051.9501953125,14124.599609375,14029.349609375,14111.900390625,1748600
2020-11-04,14116.400390625,14188.2998046875,14066.099609375,14079.9501953125,1174500
2020-11-05,14303.900390625,14319.099609375,14242.099609375,14253.5498046875,1404900
2020-11-06,14255.150390625,14408.9501953125,14233.5498046875,14331.0498046875,2081000
2020-11-09,14354.75,14381.849609375,14301.0,14362.349609375,1801700
2020-11-10,14319.349609375,14503.75,14227.5,14503.75,2292400
2020-11-11,14364.150390625,14390.25,14233.349609375,14345.7998046875,2042000
2020-11-12,14435.2998046875,14451.150390625,14336.400390625,14377.599609375,1592900
2020-11-13,14406.5,14444.2998046875,14378.650390625,14434.7001953125,2484900
2020-11-17,14570.0498046875,14605.7001953125,14525.5498046875,14564.7001953125,6919600
2020-11-18,14603.7001953125,14617.2998046875,14484.7001953125,14555.9501953125,3085900
2020-11-19,14622.5,14753.900390625,14562.75,14593.5,3744800
2020-11-20,14711.5498046875,14742.150390625,14609.5498046875,14687.900390625,6383000
2020-11-23,14789.150390625,14841.25,14747.25,14815.599609375,4501300
2020-11-24,14901.5498046875,14918.0498046875,14825.599609375,14836.9501953125,4893700
2020-11-25,14714.400390625,14976.900390625,14683.2998046875,14976.349609375,4985100
2020-11-26,14835.4501953125,14871.150390625,14647.25,14756.7998046875,3307300
2020-11-27,14946.349609375,14988.9501953125,14786.400390625,14903.75,3027600
2020-12-01,14963.0498046875,15071.400390625,14877.849609375,15071.400390625,4021800
2020-12-02,14988.650390625,15022.400390625,14889.650390625,15014.2001953125,2142500
2020-12-03,15173.2001953125,15201.400390625,15040.099609375,15072.9501953125,2115100
2020-12-04,15234.900390625,15288.2998046875,15147.75,15235.4501953125,2358400
2020-12-07,15290.900390625,15331.75,15238.9501953125,15276.900390625,1795400
2020-12-08,15304.7998046875,15417.099609375,15221.4501953125,15344.9501953125,2172600
2020-12-09,15349.349609375,15381.4501953125,15319.9501953125,15357.849609375,3488700
2020-12-10,15469.099609375,15491.5498046875,15271.9501953125,15361.849609375,2084000
2020-12-11,15500.2998046875,15568.75,15387.75,15510.75,4517800
2020-12-14,15611.4501953125,15633.099609375,15527.25,15570.849609375,3100700
2020-12-15,15520.400390625,15617.2998046875,15465.849609375,15607.7001953125,1797200
2020-12-16,15609.0498046875,15653.0,15556.0,15586.2998046875,2512700
2020-12-17,15530.5498046875,15646.4501953125,15496.349609375,15630.2001953125,2868400
2020-12-18,15549.5,15618.9501953125,15491.150390625,15567.849609375,2505400
2020-12-21,15137.0498046875,15560.7001953125,14922.650390625,15552.75,4072500
2020-12-22,15208.5,15271.9501953125,14864.150390625,15112.099609375,4529300
2020-12-23,15496.900390625,15525.7998046875,15224.400390625,15238.400390625,6584800
2020-12-24,15568.2001953125,15662.75,15485.2001953125,15615.7998046875,4639600
2020-12-28,15633.0,15695.75,15588.0,15661.099609375,2838400
2020-12-29,15538.150390625,15712.5,15505.2998046875,15686.0,3224100
2020-12-30,15678.099609375,15703.5498046875,15499.349609375,15593.9501953125,2342800
2020-12-31,15653.4501953125,15712.400390625,15627.4501953125,15672.400390625,7676100
2021-01-04,15886.7001953125,15913.4501953125,15771.0498046875,15871.75,7394600
2021-01-05,15999.900390625,16019.5,15801.2001953125,15840.5,3860800
2021-01-06,15973.4501953125,16089.2998046875,15860.849609375,16029.900390625,4314000
2021-01-07,16024.849609375,16094.900390625,16005.650390625,16084.599609375,4320900
2021-01-08,16254.2001953125,16283.4501953125,16106.349609375,16135.75,3630900
2021-01-11,16383.400390625,16394.05078125,16253.150390625,16357.099609375,2921500
2021-01-12,16354.5498046875,16477.05078125,16328.849609375,16377.75,4988700
2021-01-13,16328.5,16447.099609375,16234.5498046875,16423.349609375,7437900
2021-01-14,16388.5,16413.900390625,16287.2998046875,16368.0498046875,2133600
2021-01-15,16229.0498046875,16441.150390625,16117.4501953125,16403.849609375,12818200
2021-01-18,16049.7998046875,16240.4501953125,15882.0,16236.0,5529800
2021-01-19,16236.599609375,16254.5,16122.5498046875,16132.2998046875,3049700
2021-01-20,16312.650390625,16363.099609375,16246.4501953125,16256.650390625,2372000
2021-01-21,16247.5498046875,16475.05078125,16197.2998046875,16412.0,3353600
2021-01-25,16075.0,16351.849609375,15931.2001953125,16336.7001953125,5105700
2021-01-27,15954.0498046875,16082.599609375,15923.849609375,16082.599609375,4964200
2021-01-28,15767.5,15907.7998046875,15710.5,15821.5,5183100
2021-01-29,15492.099609375,15905.9501953125,15450.25,15886.0,3596900
2021-02-01,15807.900390625,15842.650390625,15412.7998046875,15584.2001953125,3641800
2021-02-02,16098.0,16138.150390625,15954.099609375,15963.2001953125,3384400
2021-02-03,16125.2001953125,16200.900390625,16027.0,16168.900390625,4334700
2021-02-04,16285.5,16381.75,16127.599609375,16189.400390625,2243600
2021-02-05,16159.099609375,16390.05078125,16135.599609375,16354.0498046875,2446800
2021-02-08,16291.400390625,16322.7998046875,16229.2998046875,16267.2998046875,2265700
2021-02-09,16237.5498046875,16416.599609375,16212.400390625,16350.900390625,3559100
2021-02-10,16227.25,16322.849609375,16142.599609375,16255.0,1689700
2021-02-11,16325.75,16343.75,16190.900390625,16226.5498046875,5759100
2021-02-12,16180.7001953125,16335.25,16140.0498046875,16301.0,5216700
2021-02-16,16199.4501953125,16370.0498046875,16155.7001953125,16343.5,2539800
2021-02-18,16048.0,16226.650390625,16006.2998046875,16205.900390625,2422600
2021-02-19,15888.7998046875,16074.9501953125,15829.400390625,16055.4501953125,3771500
2021-02-22,15681.599609375,15978.75,15631.25,15942.4501953125,2896400
2021-02-23,15744.0498046875,15808.0,15620.0498046875,15745.900390625,2835700
2021-02-24,15873.25,15887.0,15771.349609375,15835.2998046875,2378100
2021-02-25,15934.4501953125,15998.2001953125,15885.2001953125,15959.2998046875,2555000
2021-02-26,15757.7998046875,15940.4501953125,15700.849609375,15816.25,3575700
2021-03-01,15962.7001953125,15988.150390625,15812.9501953125,15867.7998046875,2362100
2021-03-02,16190.4501953125,16214.7001953125,16008.5,16041.0,3391800
2021-03-03,16295.4501953125,16314.75,16237.849609375,16296.0498046875,2632600
2021-03-04,16368.349609375,16411.150390625,16184.0498046875,16220.599609375,2000300
2021-03-05,16221.2998046875,16364.0498046875,16197.650390625,16329.900390625,3496200
2021-03-08,16234.400390625,16341.650390625,16208.099609375,16296.400390625,2020100
2021-03-09,16199.150390625,16355.4501953125,16079.650390625,16310.9501953125,3004300
2021-03-10,16276.25,16309.900390625,16233.4501953125,16276.75,1607100
2021-03-12,16131.5498046875,16356.150390625,16114.4501953125,16335.7001953125,2233100
2021-03-15,16038.400390625,16203.849609375,15951.2001953125,16203.849609375,1649600
2021-03-16,16155.900390625,16170.650390625,16079.349609375,16084.25,200
2021-03-17,15927.9501953125,16181.599609375,15909.650390625,16177.75,200
2021-03-18,15734.25,16074.099609375,15672.849609375,16036.650390625,2819000
2021-03-19,15916.599609375,15938.75,15441.2998046875,15648.349609375,2829900
2021-03-22,16048.7001953125,16070.9501953125,15887.400390625,15923.0498046875,1827600
2021-03-23,16157.9501953125,16210.849609375,16075.099609375,16104.849609375,1604500
2021-03-24,15988.9501953125,16155.25,15970.099609375,16094.7001953125,1343700
2021-03-25,15655.7001953125,16004.650390625,15627.349609375,15997.099609375,6428900
2021-03-26,15845.849609375,15863.7001953125,15739.650390625,15773.2001953125,4090200
2021-03-30,16188.5498046875,16229.400390625,15923.4501953125,15927.0498046875,2056800
2021-03-31,16261.400390625,16279.7998046875,16123.5498046875,16196.150390625,2988100
2021-04-01,16273.75,16368.9501953125,16218.849609375,16341.150390625,2852300
2021-04-05,16105.900390625,16284.099609375,15965.2998046875,16278.349609375,2174500
2021-04-06,16157.4501953125,16205.650390625,16081.5498046875,16159.599609375,2313000
2021-04-07,16313.5,16364.900390625,16168.25,16202.5498046875,1982200
2021-04-08,16481.80078125,16551.75,16344.650390625,16355.650390625,2470200
2021-04-09,16459.349609375,16610.19921875,16434.69921875,16537.150390625,1509500
2021-04-12,15929.2001953125,16289.5498046875,15869.150390625,16269.599609375,2907000
2021-04-13,16032.900390625,16083.849609375,15898.0498046875,15965.650390625,1606200
2021-04-15,15982.849609375,16128.75,15816.75,16091.4501953125,1991700
2021-04-16,16141.7998046875,16190.900390625,16012.0,16036.7998046875,1070900
2021-04-19,15951.599609375,15982.2001953125,15754.349609375,15897.7001953125,1875700
2021-04-20,15926.5,16148.75,15813.7998046875,16086.0498046875,1472400
2021-04-22,15853.7998046875,15891.5498046875,15771.25,15889.7998046875,1620800
2021-04-23,15796.5,15890.349609375,15739.9501953125,15814.900390625,1089500
2021-04-26,15909.7998046875,15938.2001953125,15856.7001953125,15891.25,927800
2021-04-27,15984.099609375,16023.400390625,15952.9501953125,15993.9501953125,1564200
2021-04-28,16038.2001953125,16083.2001953125,15976.599609375,16017.5,1432600
2021-04-29,16051.650390625,16174.599609375,15968.099609375,16145.150390625,1987300
2021-04-30,15935.75,16089.349609375,15905.599609375,16018.349609375,1477800
2021-05-03,16050.0498046875,16076.7998046875,15813.5,15855.599609375,1235400
2021-05-04,16002.25,16116.650390625,15936.599609375,16089.4501953125,1594300
2021-05-06,16182.849609375,16206.400390625,16094.5,16131.9501953125,881700
2021-05-07,16309.349609375,16354.2998046875,16235.7998046875,16278.7001953125,1314200
2021-05-10,16396.75,16428.80078125,16342.900390625,16378.7001953125,1981300
2021-05-12,16381.349609375,16492.69921875,16325.0498046875,16443.5,4351000
2021-05-14,16386.19921875,16470.69921875,16312.4501953125,16447.44921875,2043800
2021-05-17,16462.80078125,16505.900390625,16383.2998046875,16460.19921875,1147600
2021-05-18,16625.650390625,16643.150390625,16533.19921875,16603.0,1342300
2021-05-19,16659.75,16717.099609375,16608.05078125,16621.849609375,1444200
2021-05-21,16632.400390625,16663.150390625,16579.599609375,16659.150390625,1636600
2021-05-24,16660.55078125,16717.0,16618.19921875,16665.55078125,1269900
2021-05-26,16758.55078125,16816.400390625,16745.80078125,16800.900390625,974900
2021-05-27,16814.349609375,16851.349609375,16724.05078125,16782.599609375,1598700
2021-05-28,16767.55078125,16934.900390625,16749.55078125,16883.400390625,2232200
2021-06-01,16851.5,16955.69921875,16815.44921875,16942.150390625,1326200
2021-06-02,16996.05078125,17011.650390625,16838.25,16838.5,1926100
2021-06-03,17087.349609375,17099.44921875,17026.150390625,17048.349609375,4749900
2021-06-04,17093.150390625,17146.94921875,17042.099609375,17111.650390625,4256500
2021-06-07,17219.05078125,17254.30078125,17142.80078125,17171.849609375,3166600
2021-06-08,17274.69921875,17293.099609375,17192.30078125,17257.75,3514900
2021-06-09,17152.75,17336.400390625,17088.44921875,17305.849609375,2514800
2021-06-10,17269.05078125,17304.650390625,17187.94921875,17201.19921875,1786700
2021-06-11,17335.849609375,17383.25,17278.44921875,17329.349609375,2214700
2021-06-14,17309.849609375,17339.5,17084.5,17322.849609375,1580300
2021-06-15,17412.849609375,17426.900390625,17321.05078125,17345.349609375,1150400
2021-06-16,17370.25,17435.849609375,17289.94921875,17406.599609375,1917600
2021-06-17,17296.150390625,17432.349609375,17250.599609375,17287.849609375,2291400
2021-06-18,17212.599609375,17348.650390625,16945.25,17336.849609375,8930100
2021-06-21,17259.0,17275.5,17026.349609375,17067.30078125,3535800
2021-06-22,17331.55078125,17419.30078125,17308.400390625,17343.900390625,2322100
2021-06-23,17363.400390625,17428.55078125,17337.5,17401.650390625,1776900
2021-06-24,17440.099609375,17470.44921875,17396.349609375,17415.599609375,3230500
2021-06-25,17517.599609375,17534.05078125,17473.55078125,17517.30078125,6302800
2021-06-28,17533.55078125,17599.900390625,17502.150390625,17588.80078125,3129200
2021-06-29,17476.69921875,17572.69921875,17448.349609375,17544.900390625,2189400
2021-06-30,17506.69921875,17606.5,17484.0,17530.75,2373500
2021-07-01,17504.25,17578.19921875,17484.650390625,17518.150390625,6796300
2021-07-02,17479.05078125,17557.80078125,17412.400390625,17551.25,3462000
2021-07-06,17538.599609375,17679.75,17500.94921875,17579.94921875,2731800
2021-07-07,17609.19921875,17632.19921875,17509.69921875,17546.900390625,1288900
2021-07-08,17510.849609375,17655.849609375,17457.5,17600.349609375,2253300
2021-07-09,17573.30078125,17594.650390625,17475.099609375,17496.650390625,2162300
2021-07-12,17601.05078125,17687.650390625,17558.150390625,17677.19921875,1448900
2021-07-13,17605.80078125,17697.44921875,17589.94921875,17693.650390625,1230000
2021-07-14,17647.94921875,17663.94921875,17605.30078125,17626.849609375,871442600
2021-07-15,17676.05078125,17702.400390625,17638.69921875,17688.25,1024200
2021-07-16,17720.349609375,17735.900390625,17672.400390625,17727.05078125,6238600
2021-07-19,17636.69921875,17731.44921875,17577.599609375,17658.44921875,7803800
2021-07-20,17598.19921875,17704.55078125,17478.75,17662.849609375,2920000
2021-07-22,17704.349609375,17794.05078125,17669.69921875,17740.94921875,7110400
2021-07-23,17755.849609375,17865.400390625,17723.5,17805.599609375,11863400
2021-07-26,17779.349609375,17819.650390625,17688.19921875,17773.05078125,2542600
2021-07-27,17710.900390625,17858.099609375,17658.0,17831.75,1824400
2021-07-28,17675.05078125,17755.150390625,17522.75,17751.849609375,2957700
2021-07-29,17686.599609375,17738.650390625,17643.94921875,17721.099609375,2617600
2021-07-30,17762.400390625,17817.55078125,17669.69921875,17740.650390625,2461600
2021-08-02,17957.650390625,17994.400390625,17866.0,17883.19921875,2341300
2021-08-03,18190.30078125,18212.44921875,17998.0,18024.849609375,9194300
2021-08-04,17999.19921875,18277.900390625,17966.80078125,18243.150390625,13270300
2021-08-05,17989.05078125,18019.80078125,17840.0,18019.30078125,22508900
2021-08-06,17998.30078125,18087.099609375,17975.349609375,18030.05078125,12936000
2021-08-09,17986.44921875,18121.30078125,17893.55078125,18085.75,9840276100
2021-08-10,17942.94921875,18043.30078125,17831.19921875,18020.19921875,4582900
2021-08-11,17995.400390625,18011.94921875,17719.19921875,17939.69921875,3453800
2021-08-12,18073.55078125,18095.400390625,18004.75,18019.099609375,1633800
2021-08-13,18122.099609375,18188.0,18084.349609375,18124.44921875,2590400
2021-08-16,18112.099609375,18168.099609375,18050.0,18126.650390625,2287600
2021-08-17,18172.650390625,18270.05078125,18032.650390625,18142.0,3198000
2021-08-18,18239.69921875,18270.0,18130.0,18191.400390625,5504700
2021-08-20,18152.80078125,18241.900390625,18000.69921875,18076.44921875,3933300
2021-08-23,18140.25,18335.75,17990.150390625,18305.05078125,5509400
2021-08-24,18219.349609375,18253.900390625,18104.05078125,18221.19921875,2222500
2021-08-25,18264.75,18375.55078125,18241.25,18264.5,1827500
2021-08-26,18278.150390625,18350.25,18204.69921875,18263.5,3246400
2021-08-27,18452.0,18470.19921875,18260.94921875,18320.650390625,2064200
2021-08-30,18625.25,18656.25,18557.349609375,18571.94921875,1442400
2021-08-31,18717.5,18736.55078125,18619.349609375,18661.599609375,3664400
2021-09-01,18767.44921875,18827.94921875,18640.400390625,18792.400390625,3375600
2021-09-02,19041.25,19058.150390625,18820.900390625,18869.80078125,8021700
2021-09-03,19070.650390625,19143.05078125,19023.05078125,19094.150390625,10328300
2021-09-06,19098.75,19181.55078125,19065.75,19163.55078125,2975300
2021-09-07,19137.30078125,19195.25,19034.849609375,19147.150390625,11085300
2021-09-08,19074.75,19177.849609375,18982.599609375,19168.44921875,13834000
2021-09-09,19283.5,19305.599609375,19052.5,19054.099609375,4934400
2021-09-13,19328.900390625,19343.900390625,19247.650390625,19275.05078125,3897300
2021-09-14,19317.650390625,19403.75,19293.25,19394.69921875,8087000
2021-09-15,19418.650390625,19436.900390625,19356.099609375,19399.44921875,10040200
2021-09-16,19439.94921875,19542.650390625,19413.44921875,19469.400390625,24175500
2021-09-17,19286.19921875,19536.69921875,19256.849609375,19514.5,14571300
2021-09-20,19174.69921875,19383.44921875,19133.05078125,19190.55078125,7248100
2021-09-21,19236.849609375,19254.75,19044.349609375,19147.80078125,6774900
2021-09-22,19294.69921875,19346.599609375,19229.30078125,19290.0,3696900
2021-09-23,19442.150390625,19492.099609375,19391.650390625,19420.75,3874400
2021-09-24,19335.25,19528.099609375,19310.25,19498.650390625,9864500
2021-09-27,19306.849609375,19419.75,19250.05078125,19413.349609375,3892900
2021-09-28,19269.55078125,19455.30078125,19179.75,19361.30078125,3576100
2021-09-29,19180.650390625,19281.30078125,19164.44921875,19205.900390625,3650300
2021-09-30,19220.599609375,19285.900390625,19167.75,19192.75,10721100
2021-10-01,19145.849609375,19179.69921875,19031.55078125,19178.400390625,4287500
2021-10-04,19296.25,19318.0,19154.19921875,19225.400390625,2429600
2021-10-05,19425.650390625,19448.69921875,19279.400390625,19291.650390625,6938100
2021-10-06,19255.05078125,19533.0,19215.849609375,19476.75,4960800
2021-10-07,19458.80078125,19564.80078125,19383.69921875,19401.099609375,3381900
2021-10-08,19445.400390625,19588.19921875,19433.900390625,19543.400390625,2172600
2021-10-11,19482.400390625,19593.650390625,19455.30078125,19461.19921875,3496900
2021-10-12,19694.25,19718.5,19455.80078125,19525.75,3662200
2021-10-13,19653.150390625,19814.849609375,19636.099609375,19810.69921875,2689000
2021-10-14,19756.5,19885.0,19731.75,19792.900390625,1801400
2021-10-18,19969.55078125,20067.75,19919.5,19974.80078125,2345400
2021-10-19,19712.0,20129.849609375,19664.55078125,20064.0,4213800
2021-10-20,19409.55078125,19744.150390625,19338.150390625,19707.0,4717000
2021-10-21,19298.30078125,19545.75,19135.19921875,19522.349609375,1801100
2021-10-22,19010.69921875,19390.400390625,18927.900390625,19300.349609375,1562900
2021-10-25,18817.55078125,19067.94921875,18558.099609375,19057.94921875,2709000
2021-10-26,19012.650390625,19038.349609375,18835.30078125,18852.25,3121100
2021-10-27,18997.55078125,19126.349609375,18947.650390625,19028.0,1740600
2021-10-28,18873.75,19029.900390625,18810.75,19013.94921875,3385100
2021-10-29,19069.94921875,19096.400390625,18682.05078125,18890.099609375,2926200
2021-11-01,19230.150390625,19259.150390625,19038.44921875,19150.400390625,2797700
2021-11-02,19348.55078125,19429.55078125,19269.25,19274.599609375,1254600
2021-11-03,19280.099609375,19415.599609375,19198.05078125,19402.099609375,1191700
2021-11-04,19376.19921875,19439.5,19364.099609375,19410.05078125,394600
2021-11-08,19650.55078125,19678.099609375,19388.30078125,19470.650390625,1762700
2021-11-09,19632.650390625,19679.599609375,19560.05078125,19630.099609375,3747500
2021-11-10,19573.099609375,19622.05078125,19531.150390625,19573.150390625,2710300
2021-11-11,19421.55078125,19574.05078125,19351.55078125,19574.05078125,2315900
2021-11-12,19544.099609375,19585.30078125,19453.650390625,19533.75,3193100
2021-11-15,19644.80078125,19670.80078125,19524.849609375,19575.400390625,1549100
2021-11-16,19700.55078125,19796.650390625,19622.849609375,19679.55078125,2028100
2021-11-17,19691.94921875,19771.44921875,19633.80078125,19667.69921875,1546900
2021-11-18,19308.19921875,19737.099609375,19239.599609375,19725.30078125,2778800
2021-11-22,19095.30078125,19421.75,18894.849609375,19388.150390625,5632100
2021-11-23,19357.05078125,19393.05078125,19032.69921875,19112.30078125,6840500
2021-11-24,19167.44921875,19383.150390625,19104.75,19374.400390625,5077200
2021-11-25,19206.599609375,19244.75,19040.69921875,19161.30078125,6567000
2021-11-26,18695.900390625,19087.650390625,18643.69921875,19087.650390625,4071200
2021-11-29,18614.349609375,18673.150390625,18287.55078125,18623.80078125,6980700
2021-11-30,18540.55078125,18816.80078125,18452.75,18644.849609375,4116500
2021-12-01,18727.099609375,18746.05078125,18584.650390625,18663.650390625,9753400
2021-12-02,18866.900390625,18885.099609375,18691.80078125,18752.150390625,9078100
2021-12-03,18813.900390625,18945.05078125,18772.25,18875.80078125,11509800
2021-12-06,18571.69921875,18862.44921875,18539.94921875,18854.0,17237300
2021-12-07,18751.30078125,18835.0,18649.599609375,18708.400390625,6206200
2021-12-08,18976.0,18996.55078125,18805.94921875,18808.400390625,4781900
2021-12-09,19136.650390625,19155.25,18996.05078125,19061.150390625,13774600
2021-12-10,19224.80078125,19253.849609375,19101.099609375,19133.19921875,5675400
2021-12-13,19220.75,19425.44921875,19194.349609375,19372.0,4220400
2021-12-14,19243.0,19280.099609375,19128.80078125,19210.19921875,3905100
2021-12-15,19130.650390625,19268.25,19095.400390625,19245.150390625,2889400
2021-12-16,19088.80078125,19235.150390625,19025.150390625,19195.0,3470900
2021-12-17,18705.30078125,19073.19921875,18672.5,19045.44921875,3608300
2021-12-20,18355.900390625,18557.150390625,18127.099609375,18543.69921875,5627200
2021-12-21,18649.80078125,18759.599609375,18442.25,18456.849609375,4436200
2021-12-22,18811.900390625,18829.099609375,18713.900390625,18716.650390625,2903600
2021-12-23,18949.349609375,18990.94921875,18895.05078125,18936.0,1340600
2021-12-24,18833.44921875,19038.05078125,18803.05078125,19034.19921875,2680200
2021-12-27,18817.55078125,18854.349609375,18635.849609375,18795.849609375,1551500
2021-12-28,18976.099609375,19002.05078125,18885.150390625,18911.94921875,2060900
2021-12-29,18966.650390625,19018.25,18914.25,18970.849609375,3677400
2021-12-30,18934.44921875,19002.55078125,18907.150390625,18981.349609375,4173600
2021-12-31,19225.80078125,19246.80078125,18958.30078125,18966.55078125,6596100
2022-01-03,19353.80078125,19398.599609375,19251.900390625,19257.5,4276400
2022-01-04,19387.69921875,19461.900390625,19253.19921875,19445.69921875,3369400
2022-01-05,19445.80078125,19467.05078125,19342.150390625,19407.349609375,2872800
2022-01-06,19402.650390625,19428.650390625,19301.599609375,19360.19921875,3386300
2022-01-07,19473.80078125,19508.30078125,19387.44921875,19433.94921875,2788400
2022-01-10,19564.80078125,19614.150390625,19519.75,19531.19921875,2383000
2022-01-11,19465.80078125,19588.75,19414.19921875,19536.30078125,21355000
2022-01-12,19573.400390625,19587.400390625,19489.94921875,19555.349609375,8857200
2022-01-13,19648.05078125,19670.400390625,19546.849609375,19626.30078125,2904100
2022-01-14,19560.099609375,19682.099609375,19532.650390625,19603.25,1825200
2022-01-17,19601.19921875,19639.75,19517.19921875,19588.69921875,2174600
2022-01-18,19251.25,19639.19921875,19218.400390625,19636.099609375,2175100
2022-01-19,19130.400390625,19237.80078125,19058.19921875,19235.05078125,2907400
2022-01-20,19035.849609375,19215.400390625,18963.94921875,19130.5,1658600
2022-01-21,19019.150390625,19134.44921875,18870.05078125,18975.69921875,2074800
2022-01-24,18480.69921875,19044.0,18346.69921875,18994.19921875,3891800
2022-01-25,18809.80078125,18838.849609375,18138.900390625,18383.150390625,4319500
2022-01-27,18629.099609375,18719.150390625,18407.400390625,18709.5,3784500
2022-01-28,18681.19921875,18927.099609375,18659.150390625,18712.0,3523600
2022-01-31,18827.19921875,18893.900390625,18728.30078125,18818.44921875,2743400
2022-02-01,19113.0,19139.25,18831.099609375,18971.55078125,3150000
2022-02-02,19202.849609375,19270.599609375,19150.0,19211.900390625,4789400
2022-02-03,19135.349609375,19248.0,19102.650390625,19176.25,2368700
2022-02-04,19108.349609375,19183.0,19060.19921875,19174.599609375,3520700
2022-02-07,18905.44921875,19180.0,18793.5,19100.849609375,2003900
2022-02-08,18875.69921875,19054.650390625,18736.19921875,18990.25,1963400
2022-02-09,19158.849609375,19182.05078125,18926.0,18944.94921875,2126700
2022-02-10,19183.94921875,19223.94921875,19063.650390625,19222.69921875,2921500
2022-02-11,18923.75,19088.80078125,18905.349609375,19087.099609375,1742900
2022-02-14,18379.0,18632.75,18328.44921875,18571.69921875,2645900
2022-02-15,18804.849609375,18822.400390625,18343.44921875,18485.94921875,2765200
2022-02-16,18773.94921875,18927.05078125,18729.44921875,18886.69921875,2468300
2022-02-17,18811.5,18907.55078125,18707.099609375,18846.05078125,1575800
2022-02-18,18671.849609375,18802.69921875,18636.599609375,18720.19921875,2167700
2022-02-21,18615.69921875,18689.69921875,18399.400390625,18587.099609375,4783700
2022-02-22,18552.30078125,18576.849609375,18254.80078125,18284.349609375,2608200
2022-02-23,18596.349609375,18707.400390625,18560.900390625,18635.900390625,2256800
2022-02-24,17886.19921875,18283.94921875,17840.650390625,18140.150390625,5629100
2022-02-25,18259.80078125,18335.44921875,18053.55078125,18061.650390625,2959900
2022-02-28,18357.849609375,18384.75,17943.349609375,18169.900390625,3564700
2022-03-02,18216.94921875,18307.30078125,18107.94921875,18244.5,2639700
2022-03-03,17995.150390625,18403.5,17966.19921875,18398.30078125,5047800
2022-03-04,17557.349609375,17890.849609375,17466.05078125,17862.599609375,5893100
2022-03-07,17066.099609375,17293.0,16957.650390625,17253.19921875,4188200
2022-03-08,17133.44921875,17152.80078125,16808.849609375,17059.900390625,2778000
2022-03-09,17403.05078125,17443.349609375,17088.0,17201.75,2624000
2022-03-10,17746.05078125,17819.099609375,17567.849609375,17738.5,2646600
2022-03-11,17695.599609375,17781.099609375,17625.150390625,17734.099609375,2196200
2022-03-14,17727.650390625,17746.650390625,17536.05078125,17717.400390625,1842600
2022-03-15,17640.099609375,17851.69921875,17555.650390625,17722.599609375,3068800
2022-03-16,17942.19921875,17958.900390625,17761.05078125,17835.80078125,1687800
2022-03-17,18183.19921875,18195.69921875,18066.400390625,18096.099609375,1718600
2022-03-21,18066.25,18320.94921875,18026.5,18297.80078125,2092300
2022-03-22,17949.650390625,18080.5,17749.25,18063.5,1673300
2022-03-23,17900.80078125,18082.94921875,17864.75,18059.44921875,1783100
2022-03-24,17871.099609375,17961.099609375,17817.650390625,17843.69921875,1779700
2022-03-25,17713.55078125,17930.05078125,17670.05078125,17919.75,945100
2022-03-28,17698.0,17790.150390625,17553.400390625,17741.30078125,1576900
2022-03-29,17817.44921875,17846.44921875,17736.599609375,17783.900390625,2358300
2022-03-30,17970.44921875,17985.75,17845.25,17939.30078125,1567600
2022-03-31,18107.30078125,18125.69921875,17992.150390625,18001.0,3421200
2022-04-01,18270.80078125,18286.400390625,18057.849609375,18123.75,3240800
2022-04-04,18524.099609375,18543.099609375,18294.30078125,18297.599609375,2521400
2022-04-05,18660.80078125,18717.30078125,18559.55078125,18607.900390625,1830600
2022-04-06,18711.94921875,18730.05078125,18577.349609375,18632.25,4146900
2022-04-07,18666.599609375,18793.25,18644.69921875,18678.900390625,2670600
2022-04-08,18802.599609375,18841.25,18692.5,18727.75,4520800
2022-04-11,18859.30078125,18915.349609375,18735.80078125,18833.650390625,2696800
2022-04-12,18632.349609375,18825.55078125,18571.25,18804.150390625,2252300
2022-04-13,18627.44921875,18778.44921875,18591.75,18692.0,1665700
2022-04-18,18583.30078125,18618.400390625,18400.25,18513.599609375,1563000
2022-04-19,18244.650390625,18777.0,18119.19921875,18659.5,1591400
2022-04-20,18483.0,18519.650390625,18267.599609375,18330.05078125,1420100
2022-04-21,18678.599609375,18694.599609375,18493.30078125,18537.849609375,1327100
2022-04-22,18552.5,18702.75,18524.69921875,18581.05078125,986200
2022-04-25,18289.69921875,18423.349609375,18237.55078125,18343.150390625,1697700
2022-04-26,18499.69921875,18544.599609375,18389.0,18460.80078125,1968000
2022-04-27,18387.5,18471.650390625,18274.55078125,18412.5,2185700
2022-04-28,18588.900390625,18649.05078125,18423.05078125,18533.75,1521100
2022-04-29,18456.75,18721.900390625,18398.150390625,18657.099609375,1492400
2022-05-02,18360.900390625,18398.94921875,18240.55078125,18363.44921875,1122100
2022-05-04,17984.599609375,18556.69921875,17927.099609375,18450.19921875,1657200
2022-05-05,17974.25,18203.599609375,17941.0,18137.900390625,1569700
2022-05-06,17759.05078125,17826.599609375,17626.44921875,17738.75,1598200
2022-05-09,17547.599609375,17658.19921875,17455.900390625,17643.650390625,1136600
2022-05-10,17507.0,17691.94921875,17469.5,17561.0,1446700
2022-05-11,17406.400390625,17604.05078125,17189.099609375,17522.80078125,1774500
2022-05-12,17162.69921875,17290.69921875,17032.849609375,17275.650390625,1692400
2022-05-13,17199.69921875,17469.599609375,17147.599609375,17338.650390625,1828200
2022-05-16,17267.69921875,17351.0,17168.30078125,17313.099609375,3965300
2022-05-17,17678.599609375,17699.400390625,17364.55078125,17396.30078125,2112000
2022-05-18,17761.0,17811.650390625,17664.900390625,17716.69921875,1379600
2022-05-19,17378.650390625,17534.25,17361.19921875,17448.80078125,2004700
2022-05-20,17772.099609375,17798.849609375,17615.650390625,17637.5,1636800
2022-05-23,17912.80078125,18099.25,17838.650390625,17876.19921875,2122000
2022-05-24,17814.599609375,17983.55078125,17771.150390625,17982.150390625,1781800
2022-05-25,17651.599609375,17910.30078125,17620.099609375,17880.400390625,1423900
2022-05-26,17787.5,17826.650390625,17475.94921875,17701.400390625,2205100
2022-05-27,17989.05078125,18007.099609375,17821.650390625,17918.75,1683900
2022-05-30,18279.099609375,18336.849609375,18086.099609375,18126.349609375,2188800
2022-05-31,18355.30078125,18421.05078125,18211.150390625,18280.5,5415800
2022-06-01,18193.30078125,18507.0,18141.75,18376.30078125,1620300
2022-06-02,18283.69921875,18302.25,18103.099609375,18179.44921875,1387200
2022-06-03,18006.69921875,18402.19921875,17994.69921875,18365.55078125,1383200
2022-06-06,17944.900390625,17998.349609375,17783.849609375,17951.849609375,1229900
2022-06-07,17749.25,17840.849609375,17662.0,17795.55078125,1158300
2022-06-08,17689.900390625,17794.849609375,17581.5,17770.099609375,1114800
2022-06-09,17726.099609375,17754.55078125,17572.80078125,17657.05078125,963100
2022-06-10,17676.75,17713.69921875,17540.30078125,17562.849609375,974000
2022-06-13,17476.80078125,17547.80078125,17409.900390625,17474.650390625,1518000
2022-06-14,17404.80078125,17562.19921875,17345.69921875,17425.400390625,1231300
2022-06-15,17411.099609375,17475.30078125,17363.099609375,17460.650390625,763600
2022-06-16,17174.25,17573.150390625,17144.400390625,17547.80078125,1611400
2022-06-17,16919.05078125,17151.30078125,16874.25,17130.650390625,1799800
2022-06-20,16897.150390625,16974.30078125,16805.30078125,16920.0,2411200
2022-06-21,17157.80078125,17193.650390625,16948.599609375,16979.94921875,1884800
2022-06-22,16983.849609375,17145.650390625,16963.150390625,17113.650390625,1818000
2022-06-23,17296.94921875,17317.94921875,17009.5,17015.5,1402900
2022-06-24,17481.150390625,17499.5,17373.150390625,17374.650390625,1307200
2022-06-27,17649.900390625,17705.150390625,17588.400390625,17648.5,1435700
2022-06-28,17705.5,17742.05078125,17483.80078125,17608.349609375,1293700
2022-06-29,17614.599609375,17688.599609375,17519.69921875,17581.599609375,1266100
2022-06-30,17594.650390625,17721.099609375,17509.69921875,17609.55078125,1380900
2022-07-01,17727.599609375,17762.5,17472.44921875,17533.150390625,1210500
2022-07-04,17974.349609375,17987.05078125,17688.69921875,17724.25,840600
2022-07-05,17943.650390625,18084.849609375,17915.44921875,18023.75,970000
2022-07-06,18428.150390625,18446.849609375,17946.099609375,17946.30078125,1244900
2022-07-07,18489.599609375,18588.30078125,18448.44921875,18512.599609375,763000
2022-07-08,18476.900390625,18586.900390625,18422.349609375,18574.94921875,948100
2022-07-11,18523.0,18554.150390625,18426.849609375,18432.599609375,1814100
2022-07-12,18329.25,18484.0,18299.55078125,18474.30078125,1083900
2022-07-13,18374.099609375,18443.650390625,18345.099609375,18387.150390625,1049500
2022-07-14,18409.25,18483.900390625,18305.099609375,18422.80078125,966000
2022-07-15,18663.94921875,18676.849609375,18464.25,18476.69921875,995000
2022-07-18,18691.400390625,18815.900390625,18660.94921875,18763.55078125,1142600
2022-07-19,18700.75,18753.94921875,18623.400390625,18674.94921875,1402700
2022-07-20,18880.44921875,18957.349609375,18800.94921875,18838.19921875,1470400
2022-07-21,19082.150390625,19105.19921875,18861.349609375,18913.0,1252600
2022-07-22,19140.650390625,19182.19921875,19057.25,19153.44921875,791600
2022-07-25,19030.94921875,19197.400390625,18983.5,19164.099609375,972700
2022-07-26,18770.900390625,19064.849609375,18745.5,19064.849609375,921100
2022-07-27,18844.900390625,18866.25,18703.099609375,18746.75,819300
2022-07-28,18969.69921875,18997.80078125,18810.599609375,18947.80078125,1363700
2022-07-29,19200.55078125,19271.25,19070.650390625,19085.349609375,1282000
2022-08-01,19334.400390625,19365.44921875,19224.150390625,19296.599609375,1365300
2022-08-02,19423.94921875,19453.25,19281.69921875,19385.30078125,2510400
2022-08-03,19231.400390625,19421.349609375,19106.849609375,19384.75,1516600
2022-08-04,19323.650390625,19357.75,19069.80078125,19291.19921875,2688000
2022-08-05,19294.30078125,19422.150390625,19276.599609375,19350.80078125,1019600
2022-08-08,19329.400390625,19373.05078125,19285.69921875,19316.44921875,797300
2022-08-10,19294.75,19470.400390625,19210.0,19419.349609375,955400
2022-08-11,19330.80078125,19463.25,19292.30078125,19402.650390625,684200
2022-08-12,19311.55078125,19362.25,19269.0,19360.599609375,1137700
2022-08-16,19610.150390625,19641.650390625,19362.0,19413.599609375,0
2022-08-17,19677.44921875,19730.25,19646.44921875,19689.099609375,1640300
2022-08-18,19669.19921875,19737.69921875,19592.19921875,19666.44921875,1180700
2022-08-19,19514.099609375,19749.5,19461.0,19725.30078125,1415100
2022-08-22,19303.400390625,19483.80078125,19278.849609375,19483.80078125,1040800
2022-08-23,19341.900390625,19421.0,19167.69921875,19190.400390625,1523900
2022-08-24,19412.94921875,19437.900390625,19248.25,19337.55078125,2541400
2022-08-25,19390.94921875,19559.849609375,19361.150390625,19493.44921875,2719700
2022-08-26,19419.099609375,19561.80078125,19393.400390625,19505.650390625,1371700
2022-08-29,19407.400390625,19447.44921875,19097.0,19115.5,883600
2022-08-30,19768.650390625,19789.25,19508.849609375,19523.05078125,2421100
2022-09-01,19748.150390625,19854.55078125,19652.19921875,19664.599609375,1748000
2022-09-02,19701.69921875,19846.349609375,19681.349609375,19827.5,1086700
2022-09-05,19648.69921875,19774.349609375,19606.900390625,19714.30078125,1587600
2022-09-06,19612.69921875,19740.849609375,19552.75,19702.44921875,1487300
2022-09-07,19655.900390625,19709.80078125,19557.150390625,19585.599609375,6088600
2022-09-08,19726.5,19806.5,19653.75,19783.599609375,2234300
2022-09-09,19744.349609375,19934.25,19704.75,19867.25,2226500
2022-09-12,19843.55078125,19879.80078125,19758.44921875,19787.94921875,1257800
2022-09-13,20007.30078125,20035.849609375,19938.900390625,19956.55078125,2678900
2022-09-14,20165.55078125,20215.25,19787.349609375,19787.349609375,2717100
2022-09-15,20234.44921875,20348.849609375,20161.349609375,20291.55078125,2097700
2022-09-16,19678.349609375,20167.5,19620.650390625,20135.94921875,3133200
2022-09-19,19857.19921875,19915.150390625,19518.900390625,19703.650390625,2250700
2022-09-20,19987.55078125,20146.80078125,19953.599609375,20013.849609375,1402900
2022-09-21,19928.849609375,20157.80078125,19891.05078125,19994.19921875,1806900
2022-09-22,20044.94921875,20110.30078125,19811.0,19854.650390625,1595600
2022-09-23,19855.900390625,20125.55078125,19818.599609375,20065.150390625,1296700
2022-09-26,19438.05078125,19764.400390625,19393.75,19749.400390625,1862800
2022-09-27,19455.19921875,19617.400390625,19302.94921875,19492.849609375,1454800
2022-09-28,19428.69921875,19587.849609375,19260.25,19359.05078125,1536400
2022-09-29,19465.650390625,19605.599609375,19352.599609375,19564.25,2128800
2022-09-30,19707.75,19757.44921875,19361.0,19488.19921875,2716400
2022-10-03,19343.05078125,19772.0,19254.400390625,19757.349609375,2388000
2022-10-04,19681.150390625,19704.05078125,19544.650390625,19644.55078125,1539300
2022-10-06,19786.55078125,19873.650390625,19754.5,19800.150390625,1129500
2022-10-07,19849.099609375,19867.900390625,19653.150390625,19810.849609375,1612000
2022-10-10,19764.349609375,19783.650390625,19579.400390625,19640.400390625,1207700
2022-10-11,19325.5,19819.69921875,19291.400390625,19808.75,1788800
2022-10-12,19486.69921875,19510.0,19215.599609375,19396.900390625,1096700
2022-10-13,19416.25,19523.5,19337.55078125,19503.400390625,1171300
2022-10-14,19403.94921875,19676.900390625,19385.099609375,19659.900390625,819100
2022-10-17,19480.44921875,19518.75,19278.0,19368.099609375,737600
2022-10-18,19607.900390625,19677.44921875,19562.650390625,19595.69921875,861100
2022-10-19,19602.900390625,19692.80078125,19581.30078125,19669.94921875,680200
2022-10-20,19637.099609375,19663.150390625,19517.849609375,19546.099609375,997500
2022-10-21,19574.80078125,19731.80078125,19493.5,19674.849609375,1193800
2022-10-24,19655.30078125,19707.25,19629.19921875,19686.150390625,269800
2022-10-25,19584.05078125,19699.0,19541.349609375,19684.94921875,915800
2022-10-27,19635.349609375,19682.900390625,19542.150390625,19651.05078125,996800
2022-10-28,19742.099609375,19756.19921875,19580.599609375,19682.150390625,879800
2022-10-31,19909.599609375,19936.44921875,19795.5,19800.05078125,836800
2022-11-01,20036.69921875,20058.400390625,19940.19921875,19996.55078125,827800
2022-11-02,19968.849609375,20073.400390625,19898.650390625,20054.80078125,693500
2022-11-03,19946.44921875,19980.30078125,19838.650390625,19854.599609375,672900
2022-11-04,20052.099609375,20073.599609375,19978.80078125,19986.599609375,1785300
2022-11-07,20213.05078125,20280.150390625,20110.150390625,20186.0,1349800
2022-11-09,20136.900390625,20336.0,20084.349609375,20304.25,1774200
2022-11-10,20029.150390625,20157.150390625,19957.80078125,20096.19921875,1522100
2022-11-11,20072.30078125,20264.30078125,20024.5,20230.44921875,1586900
2022-11-14,20110.0,20213.55078125,20062.19921875,20136.80078125,1603800
2022-11-15,20143.25,20177.400390625,20059.900390625,20175.25,899600
2022-11-16,20079.099609375,20180.849609375,19993.599609375,20155.94921875,993000
2022-11-17,19980.30078125,20073.80078125,19948.30078125,20060.650390625,818600
2022-11-18,19912.650390625,20056.349609375,19806.80078125,20038.44921875,930500
2022-11-21,19858.849609375,19916.30078125,19804.900390625,19916.30078125,904900
2022-11-22,19875.849609375,19937.099609375,19851.80078125,19887.0,900400
2022-11-23,19864.900390625,19950.25,19845.44921875,19945.75,1080000
2022-11-24,19980.0,20017.400390625,19883.30078125,19929.400390625,1365500
2022-11-25,20032.44921875,20049.900390625,19934.44921875,20040.05078125,1084200
2022-11-28,20078.55078125,20101.650390625,20023.150390625,20033.0,827500
2022-11-29,20223.25,20288.05078125,20088.849609375,20096.69921875,961200
2022-11-30,20371.30078125,20431.94921875,20233.80078125,20255.400390625,1383800
2022-12-01,20451.94921875,20470.19921875,20359.0,20455.599609375,1006800
2022-12-02,20394.44921875,20457.05078125,20337.900390625,20439.599609375,962200
2022-12-05,20361.900390625,20455.400390625,20294.55078125,20430.80078125,897400
2022-12-06,20345.30078125,20368.150390625,20277.69921875,20327.25,1452000
2022-12-07,20404.55078125,20450.349609375,20344.80078125,20384.94921875,995300
2022-12-08,20476.69921875,20501.099609375,20384.75,20429.099609375,474800
2022-12-09,20493.44921875,20626.44921875,20357.849609375,20586.349609375,978100
2022-12-12,20543.400390625,20557.599609375,20354.099609375,20481.849609375,747900
2022-12-13,20529.30078125,20608.349609375,20500.650390625,20581.80078125,941200
2022-12-14,20502.349609375,20598.55078125,20462.75,20582.55078125,5399800
2022-12-15,20277.849609375,20527.94921875,20242.150390625,20495.900390625,1922200
2022-12-16,20094.75,20277.94921875,20075.900390625,20223.44921875,1606100
2022-12-19,20342.5,20370.400390625,20064.150390625,20128.0,967900
2022-12-20,20281.05078125,20318.19921875,20148.44921875,20318.19921875,1602600
2022-12-21,20043.55078125,20372.19921875,19958.30078125,20328.400390625,1073400
2022-12-22,19980.05078125,20153.80078125,19893.349609375,20123.94921875,1153800
2022-12-23,19503.80078125,19913.69921875,19460.849609375,19867.650390625,1246600
2022-12-27,19761.849609375,19825.44921875,19681.69921875,19766.5,975900
2022-12-28,19774.19921875,19824.650390625,19711.5,19760.94921875,1238700
2022-12-29,19748.099609375,19812.650390625,19582.44921875,19724.05078125,1165700
2022-12-30,19701.30078125,19880.349609375,19685.69921875,19828.849609375,1717300
2023-01-02,19720.55078125,19781.75,19648.69921875,19754.150390625,840261700
2023-01-03,19719.099609375,19750.400390625,19647.55078125,19724.849609375,1354800
2023-01-04,19610.650390625,19769.19921875,19579.849609375,19747.5,1682100
2023-01-05,19809.75,19832.0,19652.19921875,19656.80078125,1239800
2023-01-06,19779.94921875,19890.94921875,19726.400390625,19822.099609375,1200800
2023-01-09,19926.25,19950.44921875,19821.75,19873.150390625,2517900
2023-01-10,19844.150390625,19951.55078125,19763.30078125,19940.05078125,1380400
2023-01-11,19802.400390625,19907.80078125,19772.099609375,19888.55078125,1377000
2023-01-12,19808.599609375,19888.099609375,19745.099609375,19833.5,1058500
2023-01-13,19831.69921875,19891.0,19754.5,19847.94921875,1118700
2023-01-16,19741.900390625,19871.150390625,19702.150390625,19866.650390625,953700
2023-01-17,19863.400390625,19882.0,19747.849609375,19788.099609375,872200
2023-01-18,19969.25,19996.0,19872.55078125,19884.349609375,700600
2023-01-19,19910.75,19971.599609375,19854.5,19935.0,1782300
2023-01-20,19673.349609375,19866.75,19650.44921875,19843.400390625,901800
2023-01-23,19692.55078125,19735.099609375,19648.75,19725.80078125,1323800
2023-01-24,19732.400390625,19772.05078125,19671.900390625,19731.900390625,1299000
2023-01-25,19500.75,19723.05078125,19474.5,19713.400390625,1676300
2023-01-27,19199.400390625,19589.849609375,18975.05078125,19563.69921875,2749300
2023-01-30,19200.599609375,19353.19921875,19004.400390625,19256.75,2709700
2023-01-31,19364.900390625,19404.5,19138.69921875,19261.900390625,1814900
2023-02-01,19113.599609375,19552.55078125,18902.05078125,19487.30078125,2381800
2023-02-02,19358.650390625,19410.849609375,19040.94921875,19235.94921875,2418400
2023-02-03,19486.150390625,19504.599609375,19222.30078125,19435.30078125,2402100
2023-02-06,19531.80078125,19551.19921875,19372.0,19484.349609375,7298800
2023-02-07,19531.400390625,19573.900390625,19432.150390625,19573.69921875,2940500
2023-02-08,19595.0,19607.30078125,19516.69921875,19570.19921875,1763700
2023-02-09,19570.94921875,19626.650390625,19538.80078125,19589.900390625,1477800
2023-02-10,19561.69921875,19577.80078125,19507.69921875,19560.099609375,1062000
2023-02-13,19434.69921875,19614.75,19411.05078125,19575.80078125,914300
2023-02-14,19415.599609375,19496.400390625,19393.849609375,19466.94921875,1003400
2023-02-15,19524.400390625,19539.599609375,19352.5,19390.19921875,697400
2023-02-16,19601.349609375,19665.150390625,19563.80078125,19634.650390625,1151000
2023-02-17,19480.30078125,19599.5,19457.5,19568.30078125,1421100
2023-02-20,19372.69921875,19531.94921875,19341.650390625,19503.05078125,1795700
2023-02-21,19377.69921875,19469.400390625,19346.900390625,19416.349609375,921400
2023-02-22,19221.19921875,19358.150390625,19169.80078125,19357.19921875,1267300
2023-02-23,19188.099609375,19248.900390625,19101.0,19237.849609375,2331300
2023-02-24,19137.0,19290.44921875,19104.94921875,19244.25,1695300
2023-02-27,18950.599609375,19113.900390625,18821.94921875,19105.55078125,1246600
2023-02-28,19009.599609375,19027.5,18913.25,18961.30078125,1640100
2023-03-01,19175.19921875,19199.80078125,19005.44921875,19006.349609375,1484900
2023-03-02,19061.099609375,19201.30078125,19032.25,19196.05078125,899700
2023-03-03,19228.05078125,19263.80078125,19108.80078125,19147.150390625,1190200
2023-03-06,19267.5,19344.30078125,19239.5,19308.69921875,962400
2023-03-08,19348.25,19357.94921875,19170.599609375,19214.69921875,684000
2023-03-09,19221.55078125,19412.599609375,19199.099609375,19386.349609375,651200
2023-03-10,19166.0,19175.849609375,19023.25,19133.55078125,814100
2023-03-13,18960.0,19243.5,18911.650390625,19173.150390625,938100
2023-03-14,18875.94921875,19010.94921875,18791.80078125,19002.5,1042300
2023-03-15,18829.30078125,19038.25,18812.900390625,19008.75,970900
2023-03-16,18953.0,18996.0,18738.400390625,18842.650390625,1167400
2023-03-17,19018.94921875,19087.099609375,18975.900390625,19054.150390625,1206100
2023-03-20,18934.400390625,19006.349609375,18757.69921875,18952.55078125,1009200
2023-03-21,18925.150390625,19030.94921875,18890.0,18993.19921875,753100
2023-03-22,18952.849609375,19015.05078125,18918.75,18989.650390625,0
2023-03-23,18947.80078125,19010.30078125,18901.55078125,18937.55078125,1089600
2023-03-24,18848.44921875,19004.849609375,18821.099609375,18982.75,1609800
2023-03-27,18786.80078125,18918.0,18764.849609375,18885.099609375,1035700
2023-03-28,18725.69921875,18851.30078125,18651.05078125,18821.55078125,1483900
2023-03-29,18941.0,18975.349609375,18739.349609375,18751.599609375,1448400
2023-03-31,19134.900390625,19151.55078125,19016.5,19019.80078125,1750400
2023-04-03,19265.69921875,19284.5,19142.19921875,19272.55078125,1473100
2023-04-05,19319.55078125,19339.80078125,19186.650390625,19259.80078125,1628900
2023-04-06,19355.55078125,19370.05078125,19251.55078125,19330.150390625,1323200
2023-04-10,19301.75,19381.30078125,19268.75,19381.30078125,650200
2023-04-11,19327.30078125,19387.55078125,19258.849609375,19357.650390625,638400
2023-04-12,19333.5,19371.05078125,19304.69921875,19354.94921875,314700
2023-04-13,19317.69921875,19415.19921875,19287.0,19328.25,274600
2023-04-17,19420.5,19453.900390625,19309.19921875,19395.44921875,288600
2023-04-18,19408.150390625,19499.44921875,19379.44921875,19454.5,244100
2023-04-19,19363.80078125,19442.5,19323.349609375,19431.25,345200
2023-04-20,19325.349609375,19441.849609375,19302.650390625,19352.150390625,234000
2023-04-21,19245.30078125,19334.5,19213.05078125,19328.19921875,242400
2023-04-24,19299.849609375,19321.55078125,19199.599609375,19271.25,176200
2023-04-25,19404.849609375,19436.19921875,19306.349609375,19334.69921875,376100
2023-04-26,19559.349609375,19571.349609375,19376.69921875,19398.099609375,233900
2023-04-27,19593.099609375,19629.099609375,19544.94921875,19587.75,239400
2023-04-28,19811.55078125,19845.099609375,19588.80078125,19600.30078125,421700
2023-05-02,19854.25,19924.55078125,19835.099609375,19874.150390625,304000
2023-05-03,19905.75,19950.150390625,19794.5,19834.94921875,283100
2023-05-04,20018.05078125,20033.0,19907.5,19927.19921875,224100
2023-05-05,20102.400390625,20146.05078125,20015.099609375,20021.75,288800
2023-05-08,20236.30078125,20262.650390625,20162.94921875,20183.75,246000
2023-05-09,20238.94921875,20343.55078125,20186.900390625,20307.849609375,357200
2023-05-10,20345.05078125,20364.349609375,20266.599609375,20304.150390625,229300
2023-05-11,20511.25,20532.69921875,20348.19921875,20403.19921875,261000
2023-05-12,20535.849609375,20596.94921875,20494.80078125,20528.849609375,300400
2023-05-15,20580.849609375,20625.19921875,20515.30078125,20548.849609375,305100
2023-05-16,20575.900390625,20663.94921875,20559.19921875,20630.69921875,224000
2023-05-17,20587.400390625,20634.150390625,20503.650390625,20586.94921875,255600
2023-05-18,20450.69921875,20702.80078125,20422.849609375,20677.150390625,224000
2023-05-19,20396.599609375,20452.55078125,20262.05078125,20448.44921875,307700
2023-05-22,20364.349609375,20387.30078125,20233.849609375,20346.55078125,504200
2023-05-23,20369.05078125,20501.400390625,20354.55078125,20410.650390625,612300
2023-05-24,20352.0,20454.150390625,20325.099609375,20375.94921875,495900
2023-05-25,20419.55078125,20451.44921875,20328.19921875,20367.19921875,468600
2023-05-26,20667.75,20683.900390625,20459.900390625,20480.69921875,374400
2023-05-29,20676.94921875,20789.5,20651.94921875,20777.099609375,344700
2023-05-30,20743.900390625,20757.25,20681.400390625,20702.5,318100
2023-05-31,20801.400390625,20844.30078125,20679.94921875,20733.349609375,441700
2023-06-01,20835.80078125,20887.650390625,20761.75,20828.25,203200
2023-06-02,20986.55078125,20998.25,20867.30078125,20908.900390625,249900
2023-06-05,21031.599609375,21075.05078125,21018.400390625,21035.150390625,253000
2023-06-06,21121.400390625,21134.900390625,21033.5,21057.94921875,323500
2023-06-07,21414.19921875,21429.69921875,21168.55078125,21183.30078125,247000
2023-06-08,21249.650390625,21459.599609375,21229.19921875,21443.30078125,263700
2023-06-09,21228.099609375,21356.75,21194.400390625,21302.25,193200
2023-06-12,21279.19921875,21309.400390625,21194.400390625,21267.650390625,154600
2023-06-13,21480.05078125,21492.80078125,21304.44921875,21311.69921875,231900
2023-06-14,21609.19921875,21621.30078125,21485.75,21526.75,315900
2023-06-15,21616.849609375,21732.599609375,21583.44921875,21649.94921875,283400
2023-06-16,21782.650390625,21817.25,21644.69921875,21662.400390625,647100
2023-06-19,21729.400390625,21879.30078125,21711.150390625,21836.099609375,360400
2023-06-20,21782.30078125,21809.400390625,21652.94921875,21725.650390625,359600
2023-06-21,21729.150390625,21886.44921875,21682.099609375,21839.650390625,237200
2023-06-22,21518.900390625,21742.75,21500.650390625,21729.150390625,211500
2023-06-23,21373.25,21534.05078125,21326.94921875,21530.400390625,252500
2023-06-26,21560.25,21589.80078125,21356.94921875,21380.05078125,214500
2023-06-27,21572.150390625,21660.94921875,21543.849609375,21595.0,210800
2023-06-28,21719.5,21752.900390625,21597.400390625,21647.349609375,334300
2023-06-30,21839.55078125,21862.25,21741.0,21760.55078125,295300
2023-07-03,21779.05078125,21917.19921875,21751.900390625,21903.349609375,285800
2023-07-04,21742.55078125,21860.94921875,21699.5,21835.849609375,247400
2023-07-05,22031.400390625,22059.30078125,21765.0,21791.5,220900
2023-07-06,22122.75,22154.0,22057.25,22115.44921875,261100
2023-07-07,21883.94921875,22122.80078125,21849.75,22096.44921875,337800
2023-07-10,21735.400390625,21951.900390625,21718.25,21926.349609375,323500
2023-07-11,21962.69921875,22002.55078125,21732.150390625,21762.30078125,430000
2023-07-12,22018.650390625,22042.55078125,21936.349609375,22028.75,523200
2023-07-13,21897.69921875,22110.5,21857.099609375,22071.94921875,345400
2023-07-14,22089.150390625,22114.400390625,21942.099609375,21961.80078125,374700
2023-07-17,22197.849609375,22287.650390625,22137.25,22155.650390625,421200
2023-07-18,22159.05078125,22290.400390625,22101.25,22268.599609375,261100
2023-07-19,22182.75,22274.19921875,22150.19921875,22189.400390625,223700
2023-07-20,22204.44921875,22218.30078125,22059.05078125,22212.599609375,270800
2023-07-21,22170.5,22233.150390625,22086.80078125,22126.69921875,884800
2023-07-24,22065.599609375,22192.5,22019.150390625,22192.5,566000
2023-07-25,22095.25,22156.55078125,22014.19921875,22155.05078125,377600
2023-07-26,22188.400390625,22233.650390625,22116.400390625,22153.55078125,275300
2023-07-27,22190.19921875,22329.25,22122.650390625,22219.400390625,302800
2023-07-28,22364.150390625,22385.25,22184.44921875,22249.25,295700
2023-07-31,22491.0,22518.150390625,22405.150390625,22441.19921875,385300
2023-08-01,22440.75,22572.55078125,22428.400390625,22567.0,284500
2023-08-02,22257.94921875,22465.349609375,22122.25,22459.5,474500
2023-08-03,22105.55078125,22240.69921875,22058.150390625,22205.55078125,2570100
2023-08-04,22042.94921875,22228.05078125,22024.05078125,22147.19921875,533100
2023-08-07,22044.25,22102.5,21975.099609375,22087.5,513900
2023-08-08,22020.44921875,22125.099609375,21957.849609375,22109.75,534200
2023-08-09,22007.30078125,22068.75,21936.94921875,22063.349609375,489100
2023-08-10,21884.55078125,22038.75,21835.25,22016.849609375,365100
2023-08-11,21743.150390625,21930.75,21717.349609375,21911.099609375,453500
2023-08-14,21609.349609375,21728.400390625,21432.25,21715.650390625,339200
2023-08-16,21662.69921875,21685.650390625,21500.849609375,21607.19921875,0
2023-08-17,21679.19921875,21748.650390625,21627.75,21678.55078125,315900
2023-08-18,21684.44921875,21714.75,21585.599609375,21669.5,280700
2023-08-21,21797.44921875,21820.349609375,21671.5,21733.5,218700
2023-08-22,21862.099609375,21897.55078125,21815.349609375,21855.849609375,244800
2023-08-23,21889.0,21953.80078125,21852.05078125,21939.900390625,256800
2023-08-24,21962.05078125,22049.849609375,21946.900390625,22009.30078125,289000
2023-08-25,21768.5,21955.0,21737.19921875,21934.19921875,309100
2023-08-28,21822.900390625,21851.94921875,21750.80078125,21827.25,386000
2023-08-29,21862.30078125,21914.0,21834.30078125,21879.75,314900
2023-08-30,21975.599609375,22018.099609375,21922.599609375,21947.69921875,302600
2023-08-31,21926.650390625,22066.80078125,21896.5,22007.349609375,2526800
2023-09-01,22038.849609375,22048.75,21904.25,21944.0,318500
2023-09-04,22127.400390625,22151.44921875,22022.599609375,22115.650390625,348360300
2023-09-05,22215.349609375,22264.25,22127.400390625,22177.150390625,226000
2023-09-06,22307.099609375,22334.75,22210.900390625,22280.25,342800
2023-09-07,22318.44921875,22351.400390625,22269.650390625,22312.099609375,221900
2023-09-08,22399.849609375,22426.80078125,22318.44921875,22401.349609375,253700
2023-09-11,22608.400390625,22630.0,22451.5,22455.150390625,248700
2023-09-12,22276.400390625,22674.94921875,22192.5,22674.400390625,431800
2023-09-13,22208.44921875,22331.44921875,22147.650390625,22271.55078125,258500
2023-09-14,22306.349609375,22372.69921875,22222.19921875,22270.099609375,246800
2023-09-15,22338.05078125,22388.150390625,22291.650390625,22352.150390625,440200
2023-09-18,22326.80078125,22381.150390625,22292.849609375,22369.25,223100
2023-09-20,22146.849609375,22304.80078125,22100.0,22226.30078125,228600
2023-09-21,22024.30078125,22127.69921875,21967.94921875,22125.400390625,303500
2023-09-22,22046.349609375,22073.099609375,21911.94921875,22056.19921875,243100
2023-09-25,22074.94921875,22105.900390625,21973.599609375,22080.650390625,303100
2023-09-26,22111.94921875,22133.25,22042.55078125,22100.69921875,265200
2023-09-27,22174.150390625,22195.150390625,22005.55078125,22097.25,489500
2023-09-28,21777.80078125,22192.80078125,21737.30078125,22179.400390625,408500
2023-09-29,21962.80078125,22047.94921875,21766.94921875,21846.19921875,457500
2023-10-03,21871.400390625,22046.19921875,21848.650390625,22046.19921875,690300
2023-10-04,21823.19921875,21904.349609375,21735.599609375,21881.05078125,353000
2023-10-05,21901.650390625,21926.5,21792.099609375,21904.900390625,261700
2023-10-06,21989.599609375,22016.400390625,21915.650390625,21972.650390625,165300
2023-10-09,21872.0,21947.150390625,21796.349609375,21852.400390625,312800
2023-10-10,22054.69921875,22085.44921875,21909.349609375,21924.30078125,232000
2023-10-11,22225.349609375,22269.349609375,22101.349609375,22110.849609375,327100
2023-10-12,22322.400390625,22334.349609375,22233.30078125,22288.19921875,234300
2023-10-13,22345.599609375,22383.349609375,22215.349609375,22243.44921875,258400
2023-10-16,22319.349609375,22370.349609375,22283.400390625,22343.55078125,278800
2023-10-17,22335.150390625,22405.099609375,22308.849609375,22387.44921875,201200
2023-10-18,22216.55078125,22369.400390625,22178.599609375,22366.25,264800
2023-10-19,22289.849609375,22327.099609375,22048.25,22130.80078125,197100
2023-10-20,22108.5,22324.400390625,22082.099609375,22244.400390625,242700
2023-10-23,21776.55078125,22133.900390625,21748.75,22090.30078125,251900
2023-10-25,21774.25,21925.599609375,21672.80078125,21766.849609375,222800
2023-10-26,21524.05078125,21697.94921875,21443.349609375,21689.30078125,235000
2023-10-27,21741.05078125,21827.30078125,21582.400390625,21597.75,188000
2023-10-30,21684.75,21791.150390625,21571.650390625,21763.400390625,181900
2023-10-31,21713.25,21777.19921875,21625.44921875,21767.150390625,182600
2023-11-01,21573.44921875,21749.19921875,21552.44921875,21738.94921875,283200
2023-11-02,21817.5,21843.900390625,21673.400390625,21719.30078125,242700
2023-11-03,21897.44921875,21936.0,21872.25,21905.099609375,222400
2023-11-06,22015.30078125,22031.400390625,21935.0,21989.849609375,204900
2023-11-07,22060.05078125,22080.80078125,21986.44921875,22016.69921875,191200
2023-11-08,22231.30078125,22246.94921875,22099.849609375,22132.5,206900
2023-11-09,22077.400390625,22262.099609375,22052.05078125,22252.349609375,221400
2023-11-10,22076.599609375,22097.400390625,21926.44921875,22057.349609375,383900
2023-11-13,22057.099609375,22168.69921875,22027.30078125,22164.150390625,179300
2023-11-15,22186.650390625,22237.69921875,22116.400390625,22237.05078125,246200
2023-11-16,22260.0,22339.349609375,22134.94921875,22204.44921875,238300
2023-11-17,22413.5,22462.75,22240.75,22263.650390625,352500
2023-11-20,22420.349609375,22467.80078125,22397.44921875,22439.80078125,187800
2023-11-21,22442.599609375,22500.30078125,22401.69921875,22488.599609375,267900
2023-11-22,22401.30078125,22486.05078125,22315.150390625,22463.30078125,282000
2023-11-23,22465.25,22484.849609375,22382.099609375,22438.650390625,158300
2023-11-24,22368.94921875,22505.650390625,22339.75,22496.05078125,205800
2023-11-28,22439.44921875,22455.69921875,22365.55078125,22455.69921875,304500
2023-11-29,22526.30078125,22541.650390625,22450.30078125,22506.5,333700
2023-11-30,22664.849609375,22714.599609375,22482.349609375,22551.599609375,646700
2023-12-01,22852.150390625,22875.5,22726.099609375,22736.0,314800
2023-12-04,23068.0,23096.150390625,22889.900390625,23070.849609375,637500
2023-12-05,23246.25,23262.0,23087.94921875,23143.099609375,602700
2023-12-06,23292.0,23379.650390625,23224.05078125,23319.0,542100
2023-12-07,23301.599609375,23367.30078125,23180.349609375,23361.05078125,346900
2023-12-08,23148.80078125,23387.900390625,23063.349609375,23373.19921875,365900
2023-12-11,23265.150390625,23290.19921875,23116.849609375,23203.69921875,251200
2023-12-12,23083.099609375,23326.94921875,22982.25,23326.400390625,283200
2023-12-13,23237.400390625,23266.0,23004.94921875,23152.30078125,422500
2023-12-14,23333.349609375,23378.900390625,23262.349609375,23369.25,493000
2023-12-15,23328.349609375,23466.099609375,23180.400390625,23442.900390625,474500
2023-12-18,23485.25,23508.55078125,23287.44921875,23369.69921875,370400
2023-12-19,23579.099609375,23601.75,23418.900390625,23575.349609375,364800
2023-12-20,23127.19921875,23709.69921875,23050.650390625,23672.599609375,540700
2023-12-21,23289.80078125,23323.69921875,22890.69921875,22973.349609375,421700
2023-12-22,23564.25,23583.19921875,23378.55078125,23426.900390625,313800
2023-12-26,23718.099609375,23741.19921875,23585.25,23652.19921875,327000
2023-12-27,23846.150390625,23869.19921875,23745.69921875,23836.19921875,404500
2023-12-28,23956.19921875,23990.5,23855.30078125,23904.94921875,374900
2023-12-29,24208.349609375,24223.900390625,23931.19921875,23968.25,574600
2024-01-02,24154.30078125,24334.599609375,23981.94921875,24326.599609375,493000
2024-01-03,24056.69921875,24212.55078125,24035.849609375,24190.349609375,525400
2024-01-04,24219.19921875,24240.19921875,24115.349609375,24173.400390625,358300
2024-01-05,24208.150390625,24306.0,24134.599609375,24298.650390625,381500
2024-01-08,23887.099609375,24302.150390625,23866.25,24296.099609375,313700
2024-01-09,23924.150390625,24048.650390625,23860.849609375,24018.05078125,275100
2024-01-10,23925.75,23952.05078125,23784.0,23933.849609375,396300
2024-01-11,24006.400390625,24066.05078125,23935.0,23988.69921875,442600
2024-01-12,24034.349609375,24080.05078125,23962.94921875,24064.30078125,311900
2024-01-15,24139.75,24163.400390625,23994.30078125,24125.44921875,341600
2024-01-16,24077.25,24254.400390625,23992.05078125,24181.900390625,328700
2024-01-17,23920.099609375,24053.44921875,23864.650390625,23953.94921875,419000
2024-01-18,23860.5,23937.44921875,23513.25,23901.44921875,409500
2024-01-19,24162.80078125,24197.19921875,23952.05078125,23972.80078125,296100
2024-01-23,23579.599609375,24065.80078125,23470.80078125,24029.25,365300
2024-01-24,23972.400390625,23991.69921875,23428.900390625,23653.94921875,307000
2024-01-25,23917.75,24048.0,23781.849609375,24022.44921875,347700
2024-01-29,24169.25,24196.19921875,23955.5,23969.900390625,438900
2024-01-30,24039.69921875,24330.650390625,24021.099609375,24252.05078125,298200
2024-01-31,24306.349609375,24334.55078125,24032.099609375,24059.900390625,460400
2024-02-01,24221.900390625,24414.650390625,24178.900390625,24356.349609375,366000
2024-02-02,24309.150390625,24442.05078125,24230.94921875,24252.150390625,469100
2024-02-05,24146.30078125,24426.599609375,24107.30078125,24391.650390625,786600
2024-02-06,24475.349609375,24487.69921875,24188.599609375,24260.650390625,961600
2024-02-07,24567.80078125,24645.25,24378.099609375,24630.150390625,443600
2024-02-08,24309.05078125,24756.650390625,24264.099609375,24756.650390625,382900
2024-02-09,24453.55078125,24471.099609375,24132.05078125,24366.0,362300
2024-02-12,24214.55078125,24569.94921875,24176.80078125,24499.30078125,313800
2024-02-13,24378.900390625,24423.599609375,24019.849609375,24252.30078125,229900
2024-02-14,24634.69921875,24692.55078125,24225.30078125,24252.849609375,305800
2024-02-15,24601.75,24727.5,24514.150390625,24705.900390625,1255800
2024-02-16,24819.80078125,24849.599609375,24665.69921875,24682.849609375,470800
2024-02-20,24929.80078125,24990.400390625,24810.099609375,24968.150390625,336200
2024-02-21,24928.55078125,25097.599609375,24847.75,24999.69921875,610500
2024-02-22,25199.19921875,25228.099609375,24822.44921875,25062.19921875,357200
2024-02-23,25206.099609375,25322.05078125,25150.44921875,25259.650390625,299800
2024-02-26,25090.05078125,25235.099609375,24985.55078125,25209.94921875,365900
2024-02-27,25140.69921875,25216.099609375,25015.349609375,25081.94921875,257000
2024-02-28,24852.69921875,25214.80078125,24800.30078125,25195.94921875,388700
2024-02-29,25090.650390625,25168.0,24676.44921875,24850.650390625,452500
2024-03-01,25249.94921875,25267.5,25132.69921875,25152.19921875,354500
2024-03-04,25248.94921875,25347.44921875,25188.349609375,25302.0,372200
2024-03-05,25193.5,25295.400390625,25144.650390625,25271.69921875,371700
2024-03-06,25134.30078125,25229.349609375,24879.5,25205.900390625,345500
2024-03-07,25187.55078125,25272.94921875,25127.55078125,25174.849609375,238000
2024-03-11,25171.5,25365.650390625,25150.349609375,25267.94921875,340700
2024-03-12,25028.05078125,25221.849609375,24969.30078125,25189.0,287800
2024-03-13,24482.94921875,25163.25,24338.94921875,25069.150390625,478100
2024-03-14,24985.849609375,25027.349609375,24352.94921875,24468.099609375,395500
2024-03-15,25108.900390625,25163.650390625,24854.19921875,24988.69921875,521100
2024-03-18,25212.80078125,25236.25,24962.849609375,25101.349609375,363400
2024-03-19,24775.05078125,25199.0,24736.75,25171.150390625,353000
2024-03-20,24934.69921875,25016.69921875,24714.400390625,24836.849609375,236400
2024-03-21,25214.150390625,25251.55078125,25029.099609375,25060.099609375,304400
2024-03-22,25455.599609375,25490.5,25133.30078125,25184.849609375,334100
2024-03-26,25516.650390625,25586.5,25295.599609375,25296.94921875,425600
2024-03-27,25652.0,25781.349609375,25605.0,25615.75,343200
2024-03-28,25873.650390625,25968.150390625,25623.25,25735.30078125,393700
2024-04-01,26113.44921875,26158.849609375,25972.150390625,25972.150390625,498800
2024-04-02,26347.650390625,26365.69921875,26091.44921875,26178.19921875,735000
2024-04-03,26290.44921875,26382.099609375,26220.900390625,26286.900390625,469000
2024-04-04,26271.75,26451.349609375,26163.400390625,26414.599609375,438300
2024-04-05,26339.099609375,26362.900390625,26236.69921875,26285.94921875,463900
2024-04-08,26420.599609375,26480.5,26333.650390625,26437.75,510900
2024-04-09,26279.150390625,26482.44921875,26216.44921875,26450.900390625,633000
2024-04-10,26510.099609375,26545.94921875,26352.75,26403.650390625,1062800
2024-04-12,26419.69921875,26625.650390625,26398.80078125,26543.19921875,744800
2024-04-15,26247.900390625,26394.69921875,26049.349609375,26245.150390625,725400
2024-04-16,26380.44921875,26423.44921875,26065.05078125,26157.349609375,518900
2024-04-18,26234.44921875,26515.69921875,26183.849609375,26488.44921875,763400
2024-04-19,26155.150390625,26254.400390625,25874.5,26126.0,580500
2024-04-22,26386.44921875,26434.80078125,26235.5,26301.900390625,455100
2024-04-23,26543.099609375,26603.94921875,26374.349609375,26478.80078125,360700
2024-04-24,26753.650390625,26784.30078125,26595.25,26630.0,388700
2024-04-25,26838.5,26879.05078125,26598.650390625,26727.94921875,416800
2024-04-26,26876.849609375,27054.650390625,26851.349609375,26923.900390625,856900
2024-04-29,26988.25,27064.5,26909.900390625,27025.05078125,361900
2024-04-30,27071.400390625,27240.900390625,27024.849609375,27086.0,827300
2024-05-02,27295.80078125,27355.849609375,27054.19921875,27057.0,793800
2024-05-03,27189.80078125,27425.400390625,27010.400390625,27407.849609375,539200
2024-05-06,27428.5,27475.44921875,27176.0,27352.0,414900
2024-05-07,27413.94921875,27740.69921875,27269.55078125,27514.75,443600
2024-05-08,27662.900390625,27707.55078125,27280.650390625,27366.349609375,340700
2024-05-09,27225.900390625,27760.099609375,27194.099609375,27734.599609375,322500
2024-05-10,27585.849609375,27611.75,27229.650390625,27289.0,356100
2024-05-13,28024.69921875,28054.55078125,27426.44921875,27697.5,429800
2024-05-14,28283.05078125,28313.80078125,27980.55078125,28090.599609375,519900
2024-05-15,28382.5,28559.599609375,28347.55078125,28433.400390625,428200
2024-05-16,28653.150390625,28696.25,28383.349609375,28492.900390625,510300
2024-05-17,28791.900390625,28826.099609375,28634.5,28728.94921875,382800
2024-05-21,29077.349609375,29097.94921875,28869.55078125,29016.69921875,634300
2024-05-22,29094.150390625,29209.599609375,28964.849609375,29175.25,573000
2024-05-23,29254.400390625,29274.099609375,28924.75,29179.44921875,583000
2024-05-24,29159.44921875,29323.099609375,29128.849609375,29267.25,694400
2024-05-27,29176.55078125,29334.30078125,29037.0,29273.44921875,1078700
2024-05-28,29140.0,29285.0,29023.099609375,29245.55078125,596100
2024-05-29,29077.150390625,29204.599609375,28964.94921875,29016.30078125,439500
2024-05-30,28666.150390625,29059.599609375,28597.849609375,29025.30078125,414800
2024-05-31,28550.80078125,28798.099609375,28484.599609375,28793.349609375,847500
2024-06-03,29101.75,29314.849609375,28975.849609375,29314.849609375,626800
2024-06-04,28058.44921875,29225.80078125,26688.30078125,29215.849609375,1204900
2024-06-05,29106.599609375,29177.900390625,27975.94921875,28340.75,792900
2024-06-06,29406.25,29475.55078125,29070.400390625,29271.44921875,497200
2024-06-07,29737.849609375,29780.44921875,29424.650390625,29436.94921875,400300
2024-06-10,29746.25,29857.150390625,29631.19921875,29784.69921875,778600
2024-06-11,29923.5,30133.19921875,29834.44921875,29848.55078125,348400
2024-06-12,30076.900390625,30189.849609375,30012.599609375,30054.650390625,387300
2024-06-13,30266.0,30341.150390625,30135.94921875,30241.80078125,448100
2024-06-14,30670.650390625,30729.599609375,30350.349609375,30386.55078125,555000
2024-06-18,30591.0,30814.75,30564.099609375,30794.55078125,363700
2024-06-19,30194.599609375,30712.80078125,30157.400390625,30698.44921875,331900
2024-06-20,30274.30078125,30403.80078125,30043.55078125,30236.44921875,471500
2024-06-21,30114.69921875,30395.55078125,30047.0,30361.900390625,428400
2024-06-24,30268.25,30301.400390625,29861.25,30008.30078125,395400
2024-06-25,30157.44921875,30453.400390625,30131.650390625,30373.25,320700
2024-06-26,30136.400390625,30294.75,29991.75,30136.55078125,1800400
2024-06-27,30381.55078125,30446.25,30068.650390625,30126.05078125,498400
2024-06-28,30362.400390625,30505.55078125,30327.25,30465.849609375,368900
2024-07-01,30667.099609375,30698.25,30384.75,30396.05078125,0
2024-07-02,30496.849609375,30811.599609375,30362.55078125,30811.599609375,0
2024-07-03,30661.349609375,30701.94921875,30520.05078125,30599.650390625,0
2024-07-04,30754.0,30832.349609375,30667.349609375,30744.5,357300
2024-07-05,30940.849609375,30971.80078125,30705.400390625,30794.099609375,395200
2024-07-08,30867.0,31034.599609375,30786.349609375,31026.150390625,338200
2024-07-09,31199.30078125,31263.30078125,30979.900390625,31069.05078125,345300
2024-07-10,31089.650390625,31322.900390625,30787.349609375,31260.400390625,411100
2024-07-11,30967.44921875,31235.30078125,30912.25,31219.55078125,345200
2024-07-12,30869.900390625,31030.25,30829.05078125,31023.099609375,334800
2024-07-15,31047.19921875,31069.75,30899.80078125,30969.25,334600
2024-07-16,31138.900390625,31267.900390625,31098.25,31166.25,473200
2024-07-18,30980.650390625,31149.0,30794.900390625,31137.69921875,425700
2024-07-19,30454.94921875,31033.5,30409.30078125,31030.19921875,388900
2024-07-22,30696.099609375,30728.349609375,30312.400390625,30344.25,494700
2024-07-23,30639.44921875,30824.650390625,29826.599609375,30790.25,687000
2024-07-24,30533.099609375,30719.69921875,30472.55078125,30678.849609375,630000
2024-07-25,30576.900390625,30616.599609375,30300.55078125,30358.69921875,566100
2024-07-26,30927.349609375,30998.849609375,30634.849609375,30711.150390625,902400
2024-07-29,31129.55078125,31159.55078125,30976.94921875,31083.19921875,870500
2024-07-30,31109.349609375,31315.75,31094.099609375,31190.5,398700
2024-07-31,31305.80078125,31394.55078125,31166.30078125,31268.599609375,388200
2024-08-01,31189.650390625,31494.55078125,31083.80078125,31439.80078125,561300
2024-08-02,30612.05078125,30955.05078125,30578.19921875,30895.55078125,415900
2024-08-05,30018.69921875,30343.150390625,29773.44921875,30047.650390625,551000
2024-08-06,30037.099609375,30463.849609375,29983.900390625,30173.0,423700
2024-08-07,30561.849609375,30588.599609375,30193.5,30384.55078125,377900
2024-08-08,30318.849609375,30570.80078125,30278.05078125,30568.0,301800
2024-08-09,30470.099609375,30633.80078125,30423.849609375,30612.599609375,309500
2024-08-12,30363.05078125,30458.80078125,30252.75,30348.75,291500
2024-08-13,30190.55078125,30444.599609375,30145.05078125,30438.19921875,249000
2024-08-14,30097.599609375,30283.0,29924.19921875,30271.05078125,308300
2024-08-16,30587.349609375,30622.94921875,30200.900390625,30274.80078125,323400
2024-08-19,30597.099609375,30715.599609375,30582.80078125,30680.349609375,338300
2024-08-20,30704.44921875,30728.599609375,30591.19921875,30699.099609375,251000
2024-08-21,31002.150390625,31023.099609375,30707.30078125,30767.099609375,254800
2024-08-22,31058.599609375,31149.0,31005.94921875,31140.55078125,266200
2024-08-23,30905.150390625,31153.94921875,30878.55078125,31140.900390625,340300
2024-08-26,31009.19921875,31073.900390625,30950.75,31006.80078125,268300
2024-08-27,30945.05078125,31105.5,30919.0,31060.849609375,304600
2024-08-28,30850.44921875,31034.69921875,30807.19921875,31015.55078125,248300
2024-08-29,30833.349609375,30884.19921875,30647.400390625,30882.69921875,382300
2024-08-30,30975.69921875,31049.849609375,30917.150390625,30934.05078125,539600
2024-09-02,30911.599609375,31103.599609375,30862.099609375,31082.80078125,280700
2024-09-03,31006.94921875,31112.80078125,30938.650390625,31022.75,410300
2024-09-04,31027.900390625,31059.099609375,30805.400390625,30838.650390625,310200
2024-09-05,31004.69921875,31132.44921875,30978.44921875,31129.150390625,323500
2024-09-06,30708.30078125,31129.25,30675.19921875,30978.80078125,325000
2024-09-09,30879.80078125,30907.849609375,30507.75,30733.099609375,327200
2024-09-10,31059.55078125,31149.349609375,30902.55078125,31026.94921875,276200
2024-09-11,30974.150390625,31258.05078125,30928.05078125,31121.44921875,297300
2024-09-12,31342.650390625,31379.900390625,31013.0,31118.75,329500
2024-09-13,31470.650390625,31524.55078125,31350.400390625,31441.55078125,299100
2024-09-16,31373.099609375,31508.849609375,31346.150390625,31484.150390625,471500
2024-09-17,31409.05078125,31514.94921875,31345.900390625,31408.69921875,251400
2024-09-18,31182.75,31475.69921875,31023.599609375,31469.650390625,206800
2024-09-19,31211.25,31393.19921875,30946.0,31341.30078125,382200
2024-09-20,31711.650390625,31767.94921875,31284.80078125,31342.150390625,463700
2024-09-23,32086.69921875,32107.900390625,31755.150390625,31829.400390625,258900
2024-09-24,32180.05078125,32234.150390625,32036.400390625,32064.900390625,456400
2024-09-25,32167.099609375,32249.849609375,31932.05078125,32224.75,404600
2024-09-26,32590.349609375,32615.94921875,32207.69921875,32260.94921875,663900
2024-09-27,32735.55078125,32801.25,32483.900390625,32603.44921875,521100
2024-09-30,32582.0,32841.1484375,32553.69921875,32684.94921875,412700
2024-10-01,32761.400390625,32802.19921875,32442.650390625,32582.599609375,344800
2024-10-03,32104.900390625,32630.849609375,31979.25,32465.19921875,337500
2024-10-04,31602.400390625,32158.19921875,31547.0,32081.30078125,456400
2024-10-07,31157.94921875,31730.650390625,31055.150390625,31669.44921875,402100
2024-10-08,31564.650390625,31606.69921875,31006.150390625,31165.25,388900
2024-10-09,31748.75,31915.650390625,31518.25,31633.900390625,518900
2024-10-10,31649.599609375,31906.05078125,31570.150390625,31803.05078125,420700
2024-10-11,31663.75,31714.80078125,31539.75,31691.849609375,333500
2024-10-14,31636.650390625,31771.55078125,31524.05078125,31768.80078125,243700
2024-10-15,31633.150390625,31766.69921875,31491.80078125,31766.150390625,273000
2024-10-16,31656.69921875,31689.44921875,31402.349609375,31617.75,484500
2024-10-17,30974.25,31736.44921875,30932.25,31731.349609375,397300
2024-10-18,31006.0,31040.099609375,30528.19921875,30916.19921875,296700
2024-10-21,30593.69921875,31139.599609375,30564.099609375,31082.5,221900
2024-10-22,30094.150390625,30697.150390625,30035.849609375,30592.19921875,317100
2024-10-23,29875.5,30260.900390625,29841.44921875,29982.75,314000
2024-10-24,29402.0,29941.25,29285.099609375,29936.0,387500
2024-10-25,29144.900390625,29501.400390625,28956.30078125,29461.5,370700
2024-10-28,29240.900390625,29461.400390625,29024.94921875,29189.69921875,294700
2024-10-29,29195.599609375,29328.599609375,28880.650390625,29317.94921875,311300
2024-10-30,29369.19921875,29565.19921875,29156.19921875,29176.650390625,240700
2024-10-31,29235.150390625,29423.349609375,29124.099609375,29380.099609375,262100
2024-11-01,29341.80078125,29459.25,29305.05078125,29429.19921875,36500
2024-11-04,29045.349609375,29417.599609375,28789.80078125,29417.599609375,264400
2024-11-05,29161.849609375,29219.69921875,28921.099609375,29040.75,288600
2024-11-06,29511.0,29537.19921875,29127.30078125,29211.30078125,282200
2024-11-07,29139.75,29573.0,29065.05078125,29554.30078125,351700
2024-11-08,29272.099609375,29348.80078125,29006.849609375,29209.25,464800
2024-11-11,29136.900390625,29450.150390625,29074.400390625,29294.80078125,350700
2024-11-12,28453.599609375,29202.30078125,28400.099609375,29186.599609375,295700
2024-11-13,28011.05078125,28412.94921875,27949.849609375,28371.05078125,278900
2024-11-14,27783.30078125,28123.19921875,27739.599609375,28017.599609375,256400
2024-11-18,27902.849609375,28059.05078125,27649.349609375,27883.900390625,301000
2024-11-19,27874.80078125,28202.099609375,27817.30078125,27985.75,236900
2024-11-21,27606.0,27757.650390625,27416.849609375,27743.0,646400
2024-11-22,28043.44921875,28107.599609375,27611.80078125,27652.349609375,438000
2024-11-25,28549.25,28754.75,28397.400390625,28415.80078125,593500
2024-11-26,28607.0,28738.349609375,28518.0,28642.94921875,250700
2024-11-27,28843.599609375,28860.44921875,28580.05078125,28752.55078125,277600
2024-11-28,28650.650390625,29001.849609375,28587.94921875,28928.80078125,376900
2024-11-29,28852.0,28928.25,28649.44921875,28659.400390625,303500
2024-12-02,29001.849609375,29020.0,28782.650390625,28852.5,409000
2024-12-03,29293.349609375,29303.400390625,29035.0,29088.75,322900
2024-12-04,29218.30078125,29423.599609375,29117.05078125,29359.099609375,276000
2024-12-05,29300.150390625,29373.650390625,29047.150390625,29289.75,453400
2024-12-06,29462.25,29541.0,29266.05078125,29348.5,422900
2024-12-09,29241.30078125,29473.75,29132.349609375,29452.650390625,305400
2024-12-10,29247.80078125,29355.650390625,29165.5,29264.5,265600
2024-12-11,29519.30078125,29602.5,29306.650390625,29317.900390625,477800
2024-12-12,29353.0,29615.099609375,29318.44921875,29566.75,376900
2024-12-13,29480.650390625,29507.94921875,28997.099609375,29307.25,316900
2024-12-16,29478.5,29577.94921875,29373.05078125,29539.0,282000
2024-12-17,29124.349609375,29497.349609375,29076.55078125,29456.349609375,339700
2024-12-18,28921.05078125,29154.849609375,28887.44921875,29131.30078125,252200
2024-12-19,28744.69921875,28777.900390625,28554.150390625,28584.099609375,264900
2024-12-20,28098.099609375,28889.25,28048.599609375,28781.0,359200
2024-12-23,28000.75,28246.099609375,27931.650390625,28177.80078125,228600
2024-12-24,27940.25,28029.30078125,27852.05078125,27977.55078125,206300
2024-12-26,27958.44921875,28017.30078125,27827.099609375,27970.55078125,190900
2024-12-27,27918.80078125,28137.69921875,27896.349609375,28012.55078125,170400
2024-12-30,27824.05078125,27967.75,27727.55078125,27922.650390625,440900
2024-12-31,27932.5,27982.69921875,27706.80078125,27778.94921875,204700
2025-01-02,28571.650390625,28585.400390625,28072.349609375,28177.55078125,407000
2025-01-03,28684.69921875,28772.94921875,28609.849609375,28657.25,274100
2025-01-06,28119.44921875,28747.69921875,28003.5,28742.55078125,252800
2025-01-07,28204.099609375,28395.349609375,28156.30078125,28156.30078125,180800
2025-01-08,28121.900390625,28261.55078125,27926.349609375,28250.099609375,270400
2025-01-09,28045.099609375,28346.94921875,28012.05078125,28108.900390625,246100
2025-01-10,27667.69921875,28043.5,27629.099609375,28016.099609375,255400
2025-01-13,26977.150390625,27505.69921875,26934.05078125,27422.25,284600
2025-01-14,27069.05078125,27198.94921875,26964.0,27023.099609375,236800
2025-01-15,27037.650390625,27292.900390625,26943.400390625,27198.55078125,189300
2025-01-16,27197.69921875,27245.5,26998.650390625,27167.0,276500
2025-01-17,27363.099609375,27427.80078125,27096.44921875,27233.849609375,175400
2025-01-20,27430.25,27472.5,27206.5,27437.75,192000
2025-01-21,27125.349609375,27611.0,27102.80078125,27484.55078125,245400
2025-01-22,27164.80078125,27285.25,26935.05078125,27221.69921875,283200
2025-01-23,27335.599609375,27396.849609375,26939.69921875,27121.80078125,226400
2025-01-24,27136.30078125,27428.80078125,27102.099609375,27371.400390625,272500
2025-01-27,26656.650390625,27011.900390625,26614.55078125,26994.650390625,252700
2025-01-28,26601.650390625,26809.5,26289.400390625,26760.19921875,328500
2025-01-29,26838.25,26908.900390625,26548.05078125,26605.599609375,302400
2025-01-30,26914.849609375,27010.400390625,26785.900390625,26889.849609375,306200
2025-01-31,27463.400390625,27515.19921875,26936.25,26939.25,327100
2025-02-03,26981.5,27493.55078125,26834.099609375,27493.55078125,491500
2025-02-04,27236.05078125,27271.349609375,26997.5,27185.849609375,557000
2025-02-05,27210.30078125,27347.349609375,27167.69921875,27305.599609375,380300
2025-02-06,27161.44921875,27378.19921875,27078.849609375,27360.25,580300
2025-02-07,27059.80078125,27256.05078125,26822.150390625,27231.25,390100
2025-02-10,26755.5,27122.94921875,26733.650390625,27085.69921875,388300
2025-02-11,26298.05078125,26751.349609375,26149.349609375,26687.650390625,315400
2025-02-12,26290.5,26363.25,25782.150390625,26325.55078125,653900
2025-02-13,26176.0,26481.5,26140.5,26289.0,478600
2025-02-14,25920.599609375,26326.25,25781.900390625,26233.94921875,339700
2025-02-17,25955.849609375,25973.599609375,25546.099609375,25802.94921875,490700
2025-02-18,25871.5,26075.55078125,25706.75,26029.55078125,334100
2025-02-19,25835.5,25919.30078125,25687.0,25742.69921875,289000
2025-02-20,25992.69921875,26008.150390625,25693.0,25807.150390625,353600
2025-02-21,25873.05078125,26047.80078125,25735.94921875,26001.19921875,351000
2025-02-24,25775.099609375,25817.150390625,25607.150390625,25686.099609375,255400
2025-02-25,25816.94921875,25892.349609375,25732.19921875,25790.19921875,439800
2025-02-27,25632.849609375,25892.349609375,25547.69921875,25840.5,350900
2025-02-28,24934.400390625,25474.80078125,24895.75,25472.150390625,509600
2025-03-03,25086.30078125,25140.25,24686.099609375,24982.900390625,318900
2025-03-04,24992.599609375,25037.400390625,24728.900390625,24842.69921875,336300
2025-03-05,25504.80078125,25538.650390625,24885.44921875,24885.44921875,392900
2025-03-06,25801.69921875,25876.75,25528.150390625,25653.19921875,1039100
2025-03-07,25782.150390625,25909.69921875,25711.55078125,25794.94921875,329800
2025-03-10,25573.80078125,25944.69921875,25519.19921875,25775.44921875,291300
2025-03-11,25542.650390625,25619.25,25345.19921875,25379.25,380600
2025-03-12,25406.69921875,25643.80078125,25239.55078125,25594.5,352500
2025-03-13,25286.80078125,25596.05078125,25260.94921875,25482.80078125,257900
2025-03-17,25344.05078125,25438.099609375,25210.650390625,25267.55078125,282000
2025-03-18,25794.19921875,25817.849609375,25421.900390625,25476.900390625,322000
2025-03-19,25891.400390625,25939.69921875,25761.19921875,25882.69921875,281800
2025-03-20,26145.44921875,26193.80078125,25885.05078125,26053.150390625,296700
2025-03-21,26239.5,26345.599609375,26145.55078125,26238.099609375,426900
2025-03-24,26480.0,26550.599609375,26288.30078125,26347.650390625,246900
2025-03-25,26246.25,26627.0,26200.150390625,26582.69921875,364800
2025-03-26,26323.849609375,26523.5,26271.94921875,26347.349609375,555200
2025-03-27,26295.69921875,26409.150390625,26085.75,26252.5,656000
2025-03-28,26241.5,26535.0,26141.150390625,26338.5,319600
2025-04-01,25935.349609375,26321.30078125,25831.0,26175.05078125,257100
2025-04-02,26101.30078125,26122.55078125,25722.150390625,25972.0,251500
2025-04-03,26076.599609375,26102.25,25872.650390625,25965.849609375,346000
2025-04-04,25426.0,26027.849609375,25343.650390625,25997.25,702600
2025-04-07,25025.69921875,25119.69921875,23981.05078125,24014.900390625,606600
2025-04-08,25371.599609375,25513.05078125,25025.650390625,25413.099609375,419100
2025-04-09,25560.75,25607.75,25268.900390625,25365.80078125,383700
2025-04-11,25903.44921875,25969.5,25697.05078125,25948.849609375,351000
2025-04-15,26413.75,26448.900390625,26131.94921875,26329.30078125,346400
2025-04-16,26506.150390625,26521.05078125,26336.099609375,26408.55078125,276300
2025-04-17,26703.94921875,26751.849609375,26349.849609375,26516.400390625,296200
2025-04-21,26876.900390625,26917.650390625,26643.25,26793.44921875,262000
2025-04-22,27097.150390625,27142.75,26856.349609375,26974.400390625,288600
2025-04-23,27381.05078125,27397.0,27012.69921875,27218.19921875,356100
2025-04-24,27223.30078125,27643.349609375,27182.25,27402.349609375,423900
2025-04-25,26764.099609375,27321.0,26577.30078125,27265.25,357700
2025-04-28,26922.69921875,26941.05078125,26613.19921875,26669.75,243000
2025-04-29,26910.0,27075.150390625,26845.55078125,26972.44921875,298300
2025-04-30,27015.69921875,27107.80078125,26843.650390625,26918.849609375,375400
2025-05-02,26904.900390625,27107.94921875,26816.44921875,26968.55078125,382600
2025-05-05,27102.05078125,27124.75,26948.599609375,27009.599609375,283400
2025-05-06,26979.099609375,27130.69921875,26916.400390625,27063.25,259800
2025-05-07,27115.349609375,27133.599609375,26736.05078125,26737.94921875,272600
2025-05-08,26790.55078125,27135.80078125,26678.650390625,27101.900390625,289200
2025-05-09,26751.099609375,26782.69921875,26372.19921875,26391.900390625,225800
2025-05-12,27550.150390625,27567.55078125,27182.650390625,27220.75,310200
2025-05-13,27484.150390625,27664.900390625,27418.94921875,27556.30078125,249800
2025-05-14,27690.349609375,27743.05078125,27494.80078125,27533.599609375,290800
2025-05-15,27907.19921875,27940.650390625,27627.25,27751.80078125,289800
2025-05-16,28156.849609375,28185.400390625,27915.94921875,28010.05078125,291100
2025-05-19,28242.599609375,28296.05078125,28156.400390625,28185.650390625,236100
2025-05-20,27851.19921875,28396.150390625,27821.900390625,28395.400390625,354800
2025-05-21,28157.19921875,28173.75,27837.599609375,27930.30078125,272900
2025-05-22,27909.55078125,28090.05078125,27774.900390625,28089.5,278300
2025-05-23,28063.150390625,28105.150390625,27860.75,27955.5,271600
2025-05-26,28187.150390625,28265.05078125,28135.25,28161.75,291800
2025-05-27,28219.599609375,28307.30078125,28076.849609375,28240.19921875,246200
2025-05-28,28125.05078125,28255.900390625,28087.099609375,28250.0,219300
2025-05-29,28306.150390625,28330.69921875,28152.05078125,28192.80078125,535000
2025-05-30,28115.80078125,28410.30078125,28083.900390625,28349.5,451800
2025-06-02,28232.150390625,28269.900390625,28061.900390625,28090.80078125,271200
2025-06-03,28178.349609375,28367.349609375,28140.099609375,28312.900390625,304000
2025-06-04,28322.19921875,28367.5,28179.0,28235.75,264100
2025-06-05,28392.150390625,28453.69921875,28283.349609375,28379.400390625,270000
2025-06-06,28550.69921875,28573.150390625,28380.849609375,28473.150390625,329000
2025-06-09,28811.30078125,28829.05078125,28636.150390625,28699.75,280400
2025-06-10,28802.19921875,28930.94921875,28770.05078125,28896.25,276400
2025-06-11,28668.599609375,28848.19921875,28608.599609375,28770.650390625,457100
2025-06-12,28286.80078125,28749.94921875,28231.94921875,28742.44921875,257800
2025-06-13,28184.30078125,28214.30078125,27833.19921875,27864.400390625,224200
2025-06-16,28341.75,28352.400390625,28047.05078125,28211.25,214900
2025-06-17,28351.150390625,28424.400390625,28281.650390625,28364.19921875,186400
2025-06-18,28268.099609375,28464.5,28210.19921875,28372.30078125,299700
2025-06-19,28023.349609375,28398.650390625,27958.55078125,28284.099609375,261900
2025-06-20,28210.05078125,28247.30078125,27970.0,28014.44921875,553900
2025-06-23,28087.900390625,28156.44921875,27975.80078125,28033.80078125,222100
2025-06-24,28278.30078125,28460.849609375,28220.80078125,28270.849609375,297900
2025-06-25,28497.80078125,28517.849609375,28366.44921875,28406.349609375,272100
2025-06-26,28697.650390625,28719.849609375,28519.94921875,28565.30078125,356600
2025-06-27,28858.349609375,28934.25,28799.900390625,28832.75,500200
2025-06-30,28937.69921875,29000.05078125,28837.44921875,28904.0,296800
2025-07-01,28777.400390625,29030.599609375,28711.05078125,29030.55078125,374300
2025-07-02,28841.349609375,28858.099609375,28697.099609375,28821.5,323500
2025-07-03,28882.05078125,29012.05078125,28851.80078125,28883.44921875,345500
2025-07-04,28902.75,28968.19921875,28766.400390625,28934.55078125,197700
2025-07-07,29045.599609375,29062.30078125,28863.349609375,28930.69921875,192100
2025-07-08,28964.599609375,29136.5,28848.25,29057.05078125,194400
2025-07-09,29026.69921875,29099.19921875,28941.69921875,29027.099609375,563700
2025-07-10,28958.30078125,29091.400390625,28889.05078125,29070.69921875,300200
2025-07-11,28939.849609375,29172.150390625,28908.80078125,29058.94921875,312300
2025-07-14,29059.94921875,29080.94921875,28901.80078125,28985.099609375,522500
2025-07-15,29190.05078125,29215.25,29048.599609375,29120.05078125,234200
2025-07-16,29201.900390625,29234.849609375,29076.900390625,29206.599609375,306500
2025-07-17,29254.849609375,29320.30078125,29197.150390625,29244.25,207800
2025-07-18,29137.650390625,29305.69921875,29068.099609375,29298.349609375,185400
2025-07-21,29288.599609375,29307.0,29039.75,29207.19921875,267600
2025-07-22,29237.94921875,29348.150390625,29170.30078125,29343.05078125,257600
2025-07-23,29280.55078125,29346.55078125,29166.25,29312.69921875,228300
2025-07-24,28998.650390625,29364.849609375,28967.69921875,29317.150390625,286600
2025-07-25,28562.19921875,28955.599609375,28523.150390625,28955.599609375,203000
2025-07-28,28437.349609375,28774.19921875,28363.94921875,28559.099609375,248700
2025-07-29,28673.400390625,28692.150390625,28349.75,28407.0,230500
2025-07-30,28746.599609375,28765.900390625,28572.0,28702.849609375,182300
2025-07-31,28746.849609375,28943.099609375,28476.599609375,28488.349609375,395000
2025-08-01,28684.25,29082.55078125,28638.849609375,28790.69921875,348900
2025-08-04,28744.94921875,28761.05078125,28521.69921875,28648.25,250900
2025-08-05,28718.400390625,28790.849609375,28584.150390625,28790.0,225300
2025-08-06,28392.900390625,28789.150390625,28341.94921875,28788.0,220200
2025-08-07,28419.099609375,28463.44921875,28095.400390625,28298.349609375,253000
2025-08-08,28134.05078125,28525.80078125,28110.5,28507.69921875,257700
2025-08-11,28288.19921875,28311.599609375,27976.150390625,28125.69921875,271400
2025-08-12,28259.44921875,28522.5,28224.849609375,28341.150390625,185300
2025-08-13,28409.80078125,28445.55078125,28297.55078125,28334.099609375,200900
2025-08-14,28286.599609375,28495.650390625,28214.30078125,28458.849609375,354500
2025-08-18,29073.44921875,29242.650390625,28871.69921875,28895.5,1095200
2025-08-19,29457.75,29499.849609375,29024.80078125,29163.30078125,667600
2025-08-20,29685.30078125,29716.150390625,29411.94921875,29502.44921875,547400
2025-08-21,29603.150390625,29748.19921875,29533.599609375,29731.650390625,375000
2025-08-22,29388.099609375,29724.94921875,29368.44921875,29669.599609375,372300
2025-08-25,29418.19921875,29515.44921875,29351.400390625,29515.349609375,291200
2025-08-26,29518.19921875,29654.900390625,29302.80078125,29401.19921875,485500
2025-08-28,29273.0,29629.44921875,29237.349609375,29624.19921875,295800
2025-08-29,29337.55078125,29529.19921875,29265.400390625,29295.80078125,330800
2025-09-01,29608.44921875,29623.900390625,29368.05078125,29401.650390625,324400
2025-09-02,29777.55078125,29878.30078125,29559.69921875,29642.80078125,322400
2025-09-03,29889.44921875,29904.80078125,29774.599609375,29879.0,375100
2025-09-04,29820.650390625,30506.349609375,29781.0,30506.349609375,537000
2025-09-05,29873.05078125,29999.0,29704.849609375,29904.099609375,373100
2025-09-08,29987.150390625,30098.75,29781.44921875,29949.75,589800
2025-09-09,30107.599609375,30135.94921875,29969.150390625,30048.849609375,312600
2025-09-10,30167.5,30291.44921875,30124.30078125,30244.349609375,338900
2025-09-11,30203.400390625,30296.80078125,30164.94921875,30221.849609375,688500
2025-09-12,30245.44921875,30285.55078125,30149.25,30272.400390625,464600
2025-09-15,30295.400390625,30366.30078125,30266.30078125,30298.94921875,340300
2025-09-16,30499.150390625,30537.400390625,30312.05078125,30387.19921875,321800
2025-09-17,30535.30078125,30621.099609375,30424.349609375,30591.099609375,669700
2025-09-18,30583.150390625,30639.69921875,30469.44921875,30597.900390625,784200
2025-09-19,30502.099609375,30697.55078125,30473.0,30695.05078125,569800
2025-09-22,30391.400390625,30662.75,30346.400390625,30564.94921875,337900
2025-09-23,30333.80078125,30568.94921875,30257.5,30539.25,643000
2025-09-24,30287.400390625,30429.099609375,30177.900390625,30338.30078125,591200
2025-09-25,30196.5,30381.400390625,30162.30078125,30331.55078125,337800
2025-09-26,29822.099609375,30201.599609375,29806.80078125,30138.400390625,415200
2025-09-29,29793.650390625,29908.44921875,29715.650390625,29860.44921875,417200
2025-09-30,29829.94921875,29897.69921875,29699.25,29853.19921875,426400
2025-10-01,29872.75,29938.400390625,29674.099609375,29865.150390625,309100
2025-10-03,29985.05078125,30017.25,29741.849609375,29890.55078125,484900
2025-10-06,30008.05078125,30043.650390625,29886.19921875,30009.05078125,286600
2025-10-07,29964.30078125,30152.400390625,29934.94921875,30053.55078125,247900
2025-10-08,29828.75,30052.5,29769.25,29935.69921875,321000
2025-10-09,29897.099609375,29913.19921875,29698.05078125,29843.099609375,311900
2025-10-10,29990.0,30026.80078125,29807.0,29903.650390625,289100
2025-10-13,29779.0,29964.400390625,29712.150390625,29918.349609375,236600
2025-10-14,29663.400390625,29869.099609375,29548.349609375,29848.05078125,317200
2025-10-15,29887.19921875,29940.25,29669.30078125,29704.599609375,302600
2025-10-16,30169.0,30188.5,29892.69921875,29948.5,322900
2025-10-17,30205.0,30324.80078125,30141.19921875,30162.94921875,332500
2025-10-20,30180.80078125,30392.150390625,30167.900390625,30308.150390625,182400
2025-10-21,30258.349609375,30326.0,30216.150390625,30301.5,50900
2025-10-23,30255.900390625,30494.400390625,30209.849609375,30400.94921875,381600
2025-10-24,30172.25,30301.19921875,30078.44921875,30301.19921875,456600
2025-10-27,30293.150390625,30315.0,30197.75,30272.099609375,421300
2025-10-28,30143.44921875,30367.849609375,30034.94921875,30353.650390625,433700
2025-10-29,30309.19921875,30341.349609375,30138.94921875,30204.900390625,546800
2025-10-30,30315.150390625,30343.94921875,30164.5,30337.849609375,352400
2025-10-31,30204.94921875,30457.69921875,30179.5,30397.75,545100
2025-11-03,30255.30078125,30286.650390625,30085.599609375,30232.75,45300
2025-11-04,30251.80078125,30322.5,30209.55078125,30312.19921875,349000
2025-11-06,30102.849609375,30440.80078125,30079.349609375,30438.19921875,373000
2025-11-07,30089.30078125,30112.5,29796.44921875,30046.099609375,260100
2025-11-10,30207.400390625,30298.650390625,30129.150390625,30134.75,250600
2025-11-11,30250.0,30273.349609375,30025.650390625,30225.19921875,343100
2025-11-12,30285.099609375,30335.44921875,30224.900390625,30329.599609375,442300
2025-11-13,30302.55078125,30495.400390625,30265.55078125,30345.0,819000
2025-11-14,30172.0,30305.69921875,30075.05078125,30275.650390625,361800
2025-11-17,30350.5,30369.19921875,30214.400390625,30228.25,252900
2025-11-18,30174.0,30362.30078125,30061.44921875,30362.30078125,278600
2025-11-19,30206.900390625,30226.30078125,30101.19921875,30182.05078125,208900
2025-11-20,30247.75,30367.30078125,30222.55078125,30326.69921875,250600
2025-11-21,30063.650390625,30234.150390625,30006.900390625,30230.44921875,303200
2025-11-24,29915.099609375,30149.05078125,29881.150390625,30124.900390625,627900
2025-11-25,29923.69921875,30019.099609375,29863.400390625,29945.69921875,401200
2025-11-26,30310.75,30332.5,29956.650390625,29979.25,375100
2025-11-27,30338.55078125,30402.650390625,30246.650390625,30386.599609375,1057400
2025-11-28,30392.44921875,30438.400390625,30267.650390625,30337.80078125,456600
2025-12-01,30502.099609375,30533.0,30408.55078125,30511.900390625,444600
2025-12-02,30601.599609375,30619.94921875,30456.05078125,30464.44921875,584900
2025-12-03,30338.55078125,30639.0,30293.599609375,30633.44921875,432100
2025-12-04,30260.75,30462.94921875,30219.94921875,30338.80078125,387600
2025-12-05,30196.30078125,30267.80078125,29950.05078125,30246.650390625,382000
2025-12-08,29722.150390625,30247.19921875,29647.69921875,30198.599609375,308800
2025-12-09,29793.650390625,29827.5,29417.30078125,29662.80078125,319200
2025-12-10,29749.30078125,29956.80078125,29698.150390625,29844.30078125,344700
2025-12-11,29916.05078125,29966.19921875,29684.5,29769.94921875,330300
2025-12-12,30163.5,30176.94921875,29988.900390625,29993.44921875,452200
2025-12-15,30271.400390625,30293.849609375,30009.599609375,30123.599609375,393400
2025-12-16,30293.94921875,30373.650390625,30157.55078125,30255.150390625,621000
2025-12-17,30159.55078125,30358.150390625,30100.25,30340.5,448600
2025-12-18,29989.94921875,30165.75,29815.80078125,30165.75,450100
2025-12-19,30185.900390625,30208.69921875,29995.650390625,30014.25,469400
